employee_id,job_role,department,tenure_years,monthly_income,overtime_hours,travel_frequency,job_satisfaction,manager_rating,training_hours,work_life_balance_score,remote_friendly_role,attrition,age,gender,ethnicity,marital_status,disability_status,commute_distance_km
10001,Operations,HR,0.77,4731.09,34.4,Frequent,1,5,4,3,0,0,34,Male,Other,Single,,6.0
10002,Manager,Technology,8.04,3601.76,9.2,,2,2,23,5,1,0,33,Female,Other,Widowed,,21.7
10003,HR,Consulting,7.17,4389.74,24.9,Frequent,3,5,19,3,0,1,49,Male,White,Widowed,,12.1
10004,Operations,Technology,4.56,4575.93,25.9,Occasional,4,5,36,2,0,0,62,Male,Mixed,Married,,18.4
10005,Developer,Operations,0.06,2791.37,17.2,,1,2,30,1,0,1,21,Female,Asian,Married,,5.6
10006,HR,Finance,1.19,4201.88,20.9,,1,1,46,4,0,1,64,Other,Other,Married,Other,24.9
10007,HR,Operations,2.97,1500.0,23.6,Occasional,5,5,16,1,0,0,58,Other,Asian,Widowed,,30.0
10008,Operations,Finance,0.97,4579.04,19.6,,4,1,48,4,1,1,28,Male,Mixed,Divorced,,37.4
10009,Analyst,Operations,7.21,4792.41,8.4,Occasional,5,3,23,3,0,0,37,Female,Asian,Widowed,,18.2
10010,Developer,HR,3.01,4897.06,4.1,Occasional,1,1,17,1,0,1,43,Male,Asian,Widowed,,31.2
10011,Operations,Technology,0.22,3525.94,9.9,Frequent,3,2,25,5,0,0,24,Other,Asian,Widowed,,4.7
10012,Developer,Finance,7.19,4370.86,12.7,Occasional,4,2,41,3,0,0,48,Male,White,Widowed,,9.6
10013,Developer,Consulting,9.49,5708.74,43.3,Frequent,1,2,54,2,1,1,24,Male,Mixed,Single,Mental,18.7
10014,HR,Technology,0.24,5696.52,6.0,Occasional,4,5,6,1,1,0,21,Other,Asian,Widowed,,22.2
10015,Manager,Consulting,2.28,3964.99,47.5,Frequent,3,4,42,1,1,1,25,Female,Other,Single,,10.3
10016,Developer,Technology,1.08,4167.18,57.9,Frequent,2,5,13,2,1,1,31,Other,Other,Widowed,,1.9
10017,Finance,Technology,1.5,5333.09,10.2,Frequent,5,1,40,4,0,0,39,Female,Mixed,Divorced,,6.1
10018,HR,Operations,0.59,2199.04,56.6,Frequent,5,3,48,3,0,1,40,Female,W,Divorced,,9.1
10019,Analyst,Finance,2.59,3612.31,15.3,,1,3,1,2,0,1,42,Other,Asian,Single,Mental,13.0
10020,Manager,Finance,9.51,5602.68,13.4,Occasional,1,3,29,5,0,0,53,Male,White,Married,Mental,9.7
10021,Finance,Technology,2.1,5170.24,43.3,Occasional,3,3,48,3,0,1,43,Male,Mixed,Married,,13.2
10022,Finance,HR,0.26,4443.12,20.2,Occasional,1,4,16,2,0,1,41,Other,Black,Married,Physical,18.3
10023,Analyst,HR,2.9,2193.0,18.0,Occasional,1,3,58,2,1,1,35,Female,Other,Married,,3.4
10024,Manager,Consulting,1.25,3940.11,9.8,Frequent,1,5,19,1,1,0,38,Other,Asian,Married,,15.5
10025,HR,Consulting,5.81,3292.1,10.6,,4,3,55,1,0,1,64,Male,Asian,Married,,27.9
10026,Consultant,Operations,1.71,4397.25,18.5,Occasional,4,2,9,1,0,0,22,Male,Mixed,Widowed,,11.3
10027,Manager,Technology,0.64,3028.78,43.3,Occasional,2,1,23,3,0,1,32,Female,Mixed,Single,,7.7
10028,Analyst,Consulting,0.64,2769.13,6.0,Occasional,4,5,43,4,0,0,48,Other,White,Widowed,,13.4
10029,Finance,Consulting,4.39,1522.16,16.0,Frequent,5,4,11,3,0,0,43,Male,Other,Divorced,Mental,32.4
10030,HR,Technology,0.93,5466.17,4.9,Occasional,2,5,26,1,0,0,21,Other,White,Single,Physical,14.2
10031,Manager,Operations,4.37,3520.28,9.4,Occasional,1,2,14,1,0,1,21,Other,Mixed,Single,,5.4
10032,Consultant,Consulting,0.69,4188.57,27.6,,5,3,8,3,0,0,61,Other,Other,Divorced,Physical,10.1
10033,Consultant,Operations,1.16,3997.31,7.9,Frequent,2,3,17,2,0,0,36,Female,Mixed,Married,,15.2
10034,Developer,Finance,1.88,2719.08,36.1,,2,4,47,2,0,1,43,Male,White,Married,Mental,17.2
10035,Developer,Operations,8.6,2489.12,7.9,Occasional,5,1,6,1,0,1,50,Female,White,Divorced,,16.8
10036,Operations,HR,8.05,2793.62,10.9,Frequent,2,3,27,1,0,1,21,Male,White,Widowed,Physical,9.7
10037,Analyst,HR,0.7,3132.2,2.8,Occasional,5,4,45,4,1,0,64,Male,Black,Widowed,,10.4
10038,Manager,Operations,1.33,4439.93,36.1,Occasional,2,3,35,2,0,1,55,Other,White,Single,Other,17.9
10039,Manager,HR,0.49,3045.14,32.6,Frequent,2,5,2,4,1,0,41,Other,Asian,Widowed,,16.0
10040,Operations,Finance,2.14,6095.79,5.0,,2,4,43,1,1,1,48,Male,White,Widowed,Physical,18.8
10041,Finance,Technology,1.85,5232.58,13.5,Frequent,5,4,15,1,0,0,51,Other,Mixed,Widowed,Mental,21.3
10042,Finance,HR,6.93,4970.03,12.6,Frequent,2,4,35,4,0,0,51,Other,White,Divorced,,19.0
10043,Operations,HR,7.98,3856.41,11.7,,4,3,3,4,1,0,19,Other,Mixed,Single,Mental,15.6
10044,Finance,Operations,1.45,5817.14,58.2,F,4,4,34,1,1,1,60,Female,Mixed,Divorced,,4.9
10045,Developer,Finance,2.03,3738.39,11.6,0,4,5,8,5,0,0,25,Female,Other,Widowed,Mental,11.4
10046,Manager,Technology,6.8,3962.49,8.3,,4,1,55,1,1,1,38,Male,Black,Divorced,,5.9
10047,Operations,Operations,4.93,4203.97,3.1,Frequent,4,1,45,2,1,1,29,Other,Mixed,Single,,16.0
10048,Manager,Operations,0.01,4842.19,8.6,Frequent,1,2,11,1,1,1,53,Other,Mixed,Married,,6.2
10049,Consultant,Finance,1.16,4764.29,43.2,,2,5,9,3,0,1,18,Other,Asian,Single,,21.1
10050,Developer,Technology,1.64,3429.85,20.0,,3,5,45,1,1,1,59,Female,White,Widowed,,19.2
10051,HR,Finance,0.78,3360.41,20.1,,1,4,43,5,1,1,56,Male,Black,Widowed,,11.9
10052,Developer,Technology,0.67,4767.88,9.1,,5,2,43,2,0,0,33,Other,Black,Single,Physical,14.4
10053,Operations,Finance,0.12,4858.28,38.7,,1,5,1,1,1,1,23,Female,Other,Married,,30.8
10054,HR,Operations,3.09,3527.98,25.2,Frequent,3,5,18,4,0,0,50,Female,Mixed,Married,,15.1
10055,Consultant,Operations,0.91,2095.37,11.9,Occasional,1,5,12,2,0,1,60,Other,Mixed,Married,,14.8
10056,Operations,Consulting,0.16,3751.22,7.2,Frequent,2,3,41,2,1,1,30,Other,Asian,Single,,8.6
10057,Analyst,HR,0.79,4748.23,16.0,Occasional,4,5,54,5,1,0,62,Female,Black,Widowed,,30.6
10058,Manager,Finance,4.86,6166.5,7.7,,2,3,52,4,1,0,26,Female,White,Widowed,,15.2
10059,Consultant,Consulting,5.72,2562.45,14.6,Frequent,1,5,32,3,1,0,52,Male,Other,Widowed,Physical,4.7
10060,Manager,HR,1.98,3488.11,18.7,Occasional,3,1,0,1,0,0,45,Female,Other,Divorced,,24.2
10061,Finance,Finance,1.61,3532.72,9.4,,5,3,27,3,1,0,51,Female,Other,Widowed,,3.0
10062,Analyst,Technology,11.43,5626.97,1.4,Frequent,2,3,39,4,1,1,49,Male,Other,Married,,27.8
10063,Analyst,HR,0.67,3958.07,23.1,Occasional,3,4,5,2,0,0,18,Female,Black,Divorced,,24.1
10064,Consultant,Operations,0.73,2911.21,9.7,Frequent,5,5,51,5,1,0,56,Female,Mixed,Single,,13.0
10065,Analyst,Consulting,1.04,4670.43,18.6,Occasional,4,2,2,5,0,0,42,Male,Black,Married,,26.0
10066,HR,HR,0.57,3514.43,15.1,Frequent,2,2,44,2,1,1,27,Male,White,Single,,3.5
10067,Analyst,HR,1.43,2530.74,51.7,Frequent,2,2,24,5,1,1,19,Other,Other,Widowed,,30.5
10068,Manager,Operations,7.25,2928.67,17.1,Occasional,4,2,56,3,0,0,21,Female,Black,Divorced,,4.8
10069,Manager,Finance,2.87,6080.85,32.4,Frequent,4,1,43,2,1,1,42,Other,White,Single,,10.9
10070,Operations,Technology,1.59,4461.05,12.4,Frequent,1,2,51,1,1,0,33,Male,Asian,Married,Other,26.0
10071,Manager,Operations,8.17,4129.31,7.9,,5,4,15,1,0,0,57,Female,Other,Married,,23.3
10072,Operations,Technology,0.15,3700.13,23.9,Occasional,3,2,42,4,0,0,61,Male,Mixed,Single,,21.2
10073,Manager,Finance,0.71,4350.58,9.1,Frequent,4,4,55,2,0,1,22,Female,Mixed,Widowed,,9.4
10074,HR,HR,2.5,4336.28,28.5,Occasional,1,3,3,3,0,0,40,Other,Mixed,Divorced,,19.7
10075,Operations,Technology,2.87,4350.6,5.6,Frequent,5,5,7,2,1,1,37,Female,White,Widowed,,36.2
10076,Developer,Consulting,0.12,4137.81,21.6,Occasional,5,2,38,2,0,0,20,Male,Black,Widowed,,17.8
10077,Finance,Consulting,1.55,5042.56,16.7,Occasional,2,4,15,3,1,0,18,Female,Other,Widowed,Physical,15.5
10078,Consultant,Operations,3.14,4027.73,45.2,,1,4,43,5,0,0,63,Other,Other,Single,Physical,22.2
10079,Manager,Finance,3.59,2826.47,23.3,,1,5,37,3,0,1,42,Other,Other,Widowed,,33.2
10080,Analyst,Operations,3.05,3265.09,15.3,Occasional,2,3,22,2,0,1,33,Other,Other,Single,,11.1
10081,Manager,Operations,1.16,1625.18,30.0,Frequent,3,2,5,2,0,1,58,Male,Asian,Married,Physical,13.1
10082,Analyst,Operations,0.29,6432.18,1.3,Occasional,4,4,42,2,0,0,22,Female,Other,Married,,20.2
10083,Finance,Consulting,1.67,5035.31,25.4,Frequent,2,2,43,2,0,1,53,Female,Asian,Married,,12.8
10084,Finance,Consulting,0.41,3003.92,27.0,Occasional,4,1,15,4,1,1,23,Male,Black,S,,5.9
10085,Finance,Operations,8.85,3661.79,29.2,,1,4,53,5,1,0,29,Other,Mixed,Single,,12.5
10086,Analyst,Consulting,1.93,3235.75,27.8,,2,3,15,2,1,0,63,Male,Asian,Divorced,,18.5
10087,Manager,Finance,1.14,5851.06,24.6,Frequent,3,5,22,4,0,1,40,Female,Mixed,Widowed,,6.3
10088,Finance,Operations,4.36,2296.15,12.8,Occasional,4,4,15,2,0,0,63,Female,Mixed,Single,,5.9
10089,HR,Consulting,2.07,4137.37,19.0,Frequent,4,1,35,5,0,1,55,Female,White,Single,0,14.8
10090,Operations,Technology,1.11,3869.77,10.2,,4,5,11,5,0,0,22,Female,Asian,Widowed,,8.6
10091,Analyst,Operations,5.01,4992.21,8.4,Occasional,1,3,36,3,0,0,19,Female,Other,Divorced,,42.2
10092,Analyst,Operations,6.06,3875.19,13.3,,4,2,8,4,0,0,20,Other,White,Widowed,,14.2
10093,Manager,Finance,3.35,1890.15,14.6,,5,2,17,5,1,1,58,Male,Other,Widowed,,11.7
10094,Analyst,HR,0.14,3698.66,22.4,Occasional,4,4,8,1,1,0,24,Other,Mixed,Married,,18.1
10095,Analyst,HR,2.51,2833.41,40.5,Frequent,1,5,47,2,1,0,43,Female,White,Married,,11.7
10096,Finance,Finance,4.32,4095.5,32.0,Occasional,2,1,20,5,1,1,29,Other,Other,Widowed,,14.7
10097,Manager,Finance,0.44,5721.01,21.1,,4,1,57,4,1,1,62,Male,Other,Divorced,Other,22.2
10098,Finance,Finance,0.78,1912.69,37.2,,4,3,0,4,0,0,18,Female,Black,Divorced,,32.2
10099,Operations,HR,6.42,3039.73,17.2,,2,5,58,4,0,0,18,Other,White,Divorced,,10.1
10100,Operations,Finance,0.06,3336.77,24.9,,5,5,22,3,0,0,50,Male,White,Single,Mental,2.9
10101,Finance,Consulting,4.19,3542.04,12.9,Frequent,1,2,4,2,1,1,56,Other,Mixed,Married,,10.2
10102,Operations,Operations,1.93,4888.15,16.9,Occasional,2,3,18,1,0,1,26,Other,Mixed,Divorced,,15.3
10103,Manager,Operations,1.78,3791.75,13.9,Occasional,1,3,34,4,0,0,18,Male,White,Single,,16.4
10104,Consultant,Technology,0.02,4498.96,3.8,Frequent,2,3,32,2,0,1,32,Female,Black,Widowed,,22.2
10105,Finance,Technology,5.13,3249.07,3.9,Frequent,3,5,54,4,0,0,42,Other,Black,Widowed,,13.9
10106,HR,Operations,1.34,4275.91,5.1,0,5,2,45,4,1,0,61,Female,Mixed,Widowed,,14.0
10107,HR,Consulting,2.33,4933.36,21.2,Occasional,3,3,17,1,1,1,53,Male,Asian,Married,,7.8
10108,Analyst,HR,3.39,3121.24,41.1,Occasional,2,2,39,2,1,1,27,Female,Other,Single,Other,9.6
10109,Operations,HR,3.64,4937.63,37.1,Occasional,2,3,13,4,1,1,48,Other,Mixed,Widowed,,26.0
10110,HR,Consulting,9.37,4062.85,25.1,Frequent,1,5,19,3,0,1,37,Other,Black,Divorced,,24.8
10111,Analyst,HR,2.27,5254.55,11.2,,2,2,51,4,0,1,22,Male,White,Divorced,,27.7
10112,Consultant,Finance,1.53,3758.3,8.2,,1,4,12,2,1,1,45,Other,Black,Divorced,,18.0
10113,Manager,Operations,9.22,4457.49,18.5,Occasional,1,3,58,5,0,0,51,Other,White,Divorced,,11.7
10114,Manager,Operations,3.08,3951.27,10.9,,2,5,52,4,0,0,56,Male,Mixed,Widowed,,11.3
10115,Manager,Consulting,1.06,3884.55,4.7,Frequent,1,2,15,3,1,0,55,Female,Other,Divorced,,35.9
10116,HR,HR,0.41,4310.72,7.1,Frequent,5,1,40,3,0,1,33,Female,Other,Divorced,,41.3
10117,Consultant,Technology,5.55,4644.17,12.8,Occasional,3,5,30,4,0,0,32,Female,Mixed,Widowed,,16.0
10118,HR,Technology,1.35,2500.52,40.2,,2,5,38,2,1,1,58,Female,Other,Single,,9.9
10119,Operations,HR,3.24,5720.36,3.3,Frequent,1,1,34,4,0,1,56,Other,Other,Widowed,,15.4
10120,HR,Technology,1.91,1768.4,5.8,Frequent,1,1,19,3,0,1,59,Female,Asian,Married,,13.4
10121,Consultant,Consulting,0.67,3178.23,13.7,Frequent,1,4,56,4,1,0,43,Male,Asian,Married,Mental,26.7
10122,Consultant,Consulting,2.76,3886.88,9.0,Frequent,1,4,0,3,1,0,47,Male,Asian,Widowed,,4.4
10123,Operations,HR,0.19,4494.83,23.0,,5,4,55,5,0,1,19,Female,White,Married,,11.6
10124,Consultant,Technology,1.6,5891.41,14.0,Frequent,2,5,39,4,1,0,20,Other,Asian,Single,Mental,7.5
10125,Consultant,Consulting,2.37,1770.05,4.6,Frequent,2,5,45,1,0,0,36,Male,Mixed,Single,,17.0
10126,Manager,Consulting,1.72,3390.77,11.1,,5,5,12,4,0,0,41,Male,Asian,Divorced,,17.6
10127,Operations,Finance,4.14,1500.0,19.1,Occasional,5,4,6,3,0,1,20,Other,Mixed,Married,,16.1
10128,Developer,Finance,5.28,4037.95,27.1,Occasional,5,2,44,2,0,0,57,Male,Asian,Single,,5.5
10129,Developer,Consulting,4.43,4326.02,5.7,Frequent,2,5,21,3,0,1,22,Female,Other,Single,,4.5
10130,Consultant,HR,0.12,5908.95,20.1,Occasional,4,5,6,5,0,0,49,Female,Asian,Married,,11.5
10131,Developer,Operations,0.65,4144.76,13.1,,3,5,57,2,0,1,48,Female,Mixed,Widowed,,17.0
10132,Developer,Operations,2.31,5252.83,36.9,Frequent,5,4,19,1,1,1,29,Other,Mixed,Single,,17.1
10133,Consultant,Consulting,8.19,4700.6,11.2,,5,3,51,1,0,0,60,Male,Mixed,Divorced,,11.3
10134,Developer,Consulting,5.4,3477.7,4.7,Occasional,2,4,36,5,0,1,53,Male,Asian,Married,,23.3
10135,HR,Consulting,5.55,2309.25,9.5,Occasional,2,3,35,5,1,0,53,Other,White,Divorced,Other,9.6
10136,Analyst,HR,1.08,4330.0,2.6,Frequent,3,4,3,5,0,0,48,Female,Mixed,Single,,19.1
10137,Operations,Finance,1.68,2209.48,3.3,Occasional,1,2,56,5,0,1,50,Female,White,Single,,9.3
10138,Analyst,Consulting,1.91,5554.25,23.2,Frequent,2,2,5,4,0,0,24,Other,Asian,Single,,3.7
10139,Consultant,Consulting,0.51,3805.53,21.3,Frequent,3,5,45,3,0,1,43,Male,White,Married,,10.4
10140,Manager,Technology,0.09,5434.21,24.1,,2,4,2,4,1,0,43,Female,White,Single,Mental,6.5
10141,Operations,HR,8.81,3423.74,10.3,Occasional,2,3,2,2,0,0,37,Female,Mixed,Widowed,,40.5
10142,Consultant,Consulting,0.83,4322.62,7.3,Occasional,2,3,57,1,0,1,51,Male,Asian,Married,,4.5
10143,Manager,Technology,0.82,4251.22,64.5,Frequent,4,2,55,1,0,1,50,Female,Mixed,Widowed,,13.4
10144,Analyst,Operations,0.26,3945.95,18.3,Frequent,4,5,2,2,0,1,36,Male,Other,Single,,16.9
10145,Consultant,Consulting,7.91,3480.81,6.5,Frequent,5,3,35,1,0,0,34,Male,Black,Divorced,,23.1
10146,Operations,Consulting,2.6,4470.95,43.9,Frequent,4,4,53,5,0,0,60,Female,White,Divorced,Mental,21.6
10147,Operations,Technology,3.3,2888.6,39.7,,3,5,8,5,1,1,54,Female,Asian,Married,,6.2
10148,Finance,HR,7.28,2548.68,25.9,Occasional,2,4,53,5,1,0,23,Male,White,Single,,12.7
10149,HR,Consulting,1.27,5491.39,14.5,,4,4,15,2,1,0,39,Other,Asian,Married,,6.2
10150,Developer,Operations,2.91,4872.6,8.3,Occasional,2,2,50,3,1,1,55,Other,Mixed,Single,,19.3
10151,Manager,Consulting,0.12,4079.07,11.6,,1,4,15,2,0,0,34,Female,Black,Widowed,,3.2
10152,Finance,Operations,0.62,5998.17,36.0,Frequent,5,1,11,3,0,1,37,Male,Black,Widowed,,4.8
10153,Developer,Finance,5.34,3678.68,9.2,,4,5,37,1,0,0,59,Male,Black,Married,,11.1
10154,Developer,Finance,4.37,5587.24,5.5,,2,1,19,1,0,0,59,Male,Black,Widowed,,8.2
10155,Consultant,Operations,1.3,4210.69,25.6,Frequent,1,4,52,1,0,1,58,Other,White,Divorced,,14.1
10156,Developer,HR,1.42,2770.3,16.0,Frequent,5,4,30,3,1,1,43,Female,Asian,Married,,17.9
10157,HR,Consulting,2.29,6217.65,9.5,Occasional,5,2,29,1,1,1,45,Female,Other,Widowed,,7.1
10158,Operations,Consulting,0.0,5188.85,10.2,Occasional,1,2,20,2,0,1,62,Other,Asian,Single,,18.0
10159,Finance,Finance,0.83,3854.77,1.9,,4,2,2,3,0,0,25,Male,White,Married,,15.6
10160,Developer,Operations,0.7,4872.61,10.8,,4,2,20,5,1,0,60,Other,Mixed,Divorced,,14.4
10161,Consultant,Consulting,0.86,3515.56,33.8,,2,3,27,3,0,1,24,Other,Other,Single,Other,12.1
10162,HR,C,4.92,4994.98,7.4,Frequent,3,2,27,2,0,0,24,Female,Other,Divorced,,12.6
10163,Analyst,HR,0.98,1500.0,71.4,Occasional,2,4,4,2,0,1,46,Other,Other,Single,,18.2
10164,Operations,Technology,0.64,2776.24,16.3,,2,4,6,2,0,0,20,Male,White,Single,,10.9
10165,Operations,Finance,2.11,5175.11,4.3,Occasional,2,5,56,1,1,1,33,Other,Black,Divorced,,12.9
10166,Finance,Finance,6.02,3700.41,19.6,Occasional,1,1,4,5,0,0,30,Male,Black,Single,,14.8
10167,Operations,Technology,0.83,4249.05,7.4,Frequent,5,3,8,5,1,0,35,Other,Black,Married,,13.7
10168,Developer,Consulting,0.25,2383.86,26.0,Frequent,5,3,46,4,0,0,61,Male,Asian,Widowed,Other,16.4
10169,Consultant,HR,1.32,6217.44,37.7,,3,5,20,2,1,0,30,Female,Black,Single,Mental,12.4
10170,Operations,HR,4.13,5428.64,29.8,,4,5,19,1,0,1,48,Female,Other,Married,,10.4
10171,Operations,Finance,2.4,3759.18,29.3,,2,2,37,3,1,0,20,Other,Black,Single,,15.8
10172,Analyst,HR,5.09,3514.36,11.6,,1,5,39,1,1,0,47,Female,Other,Divorced,,6.8
10173,Analyst,Technology,9.63,5235.53,7.5,,1,3,51,2,0,1,20,Other,Other,Married,,27.1
10174,Manager,Consulting,4.72,6378.96,23.9,Occasional,2,1,36,1,0,1,43,Male,Asian,Single,,16.6
10175,HR,Technology,2.78,5144.51,8.1,Occasional,1,1,57,2,1,0,19,Male,Black,Divorced,Other,8.8
10176,Developer,Operations,2.04,6606.16,12.0,Frequent,1,3,16,3,0,0,56,Female,Mixed,Single,,9.5
10177,Operations,Finance,0.12,2893.18,8.3,Frequent,2,2,41,3,1,1,51,Other,Black,Married,Mental,23.6
10178,Operations,HR,12.47,3016.74,9.2,Occasional,3,1,27,5,1,1,55,Male,Mixed,Married,,31.5
10179,Consultant,Operations,1.45,2573.27,25.3,Frequent,1,1,30,4,0,0,30,Other,Asian,Widowed,,10.4
10180,Manager,HR,0.5,4530.11,8.8,Frequent,5,2,32,1,1,0,28,Female,White,Single,,7.7
10181,HR,Consulting,3.3,4210.72,25.6,,5,1,31,4,0,1,54,Other,Asian,Married,,13.3
10182,Manager,Consulting,1.0,3817.66,37.5,Frequent,5,4,31,1,0,0,24,Female,Asian,Divorced,,16.1
10183,Finance,Consulting,2.64,4971.11,10.5,Frequent,2,3,47,5,1,0,60,Other,Mixed,Married,,9.9
10184,HR,HR,2.65,5478.79,6.3,Frequent,5,1,55,5,1,0,44,Female,Asian,Single,Physical,25.8
10185,Operations,Operations,1.77,2169.21,32.5,Occasional,4,1,22,3,0,1,24,Other,Other,Married,,7.1
10186,Operations,Consulting,5.43,3283.63,20.5,Occasional,1,2,20,3,1,1,25,Other,Asian,Married,,26.6
10187,HR,Operations,0.92,4984.17,8.5,,3,1,24,3,0,0,53,Other,Asian,Widowed,,29.0
10188,Operations,HR,1.79,3438.71,12.5,Frequent,5,2,32,1,1,1,59,Female,Mixed,Married,,10.1
10189,Developer,Operations,2.31,3042.15,21.8,Occasional,2,3,2,4,0,0,46,Other,Asian,Single,,32.4
10190,HR,HR,3.27,5222.24,3.7,,3,4,5,4,0,1,38,Female,Asian,Single,Mental,9.9
10191,Manager,HR,4.6,2452.6,48.4,Frequent,2,5,48,3,0,1,43,Male,Black,Married,,9.1
10192,HR,Finance,1.51,3638.1,30.7,,3,3,27,5,0,0,37,Other,Other,Married,,13.3
10193,Operations,HR,3.12,4394.37,16.5,,3,1,53,4,0,1,46,Other,Other,Married,Other,6.0
10194,Developer,HR,0.49,3311.42,46.8,Frequent,1,4,1,5,1,1,32,Female,Other,Divorced,,30.2
10195,Developer,Technology,8.09,4939.79,41.7,Occasional,3,5,31,3,1,0,40,Other,Asian,Single,,31.4
10196,Finance,Consulting,1.45,3317.35,14.1,Frequent,4,5,25,1,0,1,32,Other,Other,Single,,12.8
10197,Manager,Finance,3.92,5690.34,13.2,Frequent,4,1,4,2,0,1,27,Male,Black,Single,Other,5.4
10198,Analyst,Finance,0.06,3849.1,13.6,Frequent,4,5,10,4,0,1,19,Other,White,Single,,6.8
10199,Analyst,Finance,0.69,4805.52,24.5,Occasional,2,5,9,3,1,0,47,Other,White,Divorced,,4.1
10200,HR,Technology,2.0,4895.23,23.1,Frequent,1,3,14,3,0,0,54,Male,Black,Single,,21.4
10201,Finance,HR,6.32,3246.95,2.6,Occasional,2,3,17,4,0,0,44,Female,White,Widowed,,9.9
10202,Consultant,Consulting,2.25,1535.82,22.0,,5,5,48,2,1,1,34,Male,White,Married,Mental,13.4
10203,HR,Operations,7.97,4432.91,21.9,Occasional,4,2,13,1,0,1,20,Male,Mixed,Single,,12.0
10204,Finance,HR,1.98,4086.75,13.8,,1,1,27,4,0,1,25,Other,Asian,Married,,14.9
10205,Manager,Technology,2.02,4666.99,17.3,,4,2,29,1,0,0,60,Other,Mixed,Single,,12.0
10206,Manager,HR,0.38,3728.17,3.2,Frequent,1,2,59,3,1,1,54,Female,Mixed,Divorced,,16.5
10207,Manager,HR,4.87,3483.49,5.4,Occasional,2,5,12,4,1,0,21,Female,Black,Divorced,,14.2
10208,Manager,Technology,0.85,6410.17,8.1,,2,1,19,1,1,0,41,Female,White,Widowed,,6.7
10209,Manager,Finance,6.9,2233.18,24.7,,4,2,1,5,0,0,46,Male,Black,Divorced,,21.1
10210,Finance,Finance,7.25,4880.74,38.8,Occasional,3,3,24,5,1,1,25,Male,Other,Divorced,,20.2
10211,Finance,Consulting,8.61,3310.48,23.5,Occasional,1,3,43,5,1,1,51,Male,Mixed,Divorced,,4.5
10212,Developer,Consulting,2.2,3597.07,18.0,,5,1,58,1,0,0,26,Female,White,Single,,11.9
10213,Analyst,Finance,3.39,3619.48,27.4,,3,2,42,5,1,1,34,Female,Asian,Married,,12.3
10214,Operations,Operations,4.52,3035.88,0.9,Occasional,2,4,50,3,1,0,27,Other,Mixed,Widowed,,15.2
10215,Manager,HR,0.42,4685.47,36.6,Occasional,1,4,11,1,1,0,41,Male,White,Married,,13.7
10216,Consultant,Operations,2.76,5668.77,14.8,,3,1,24,3,1,0,62,Other,Other,Widowed,,11.8
10217,Operations,HR,0.1,4564.02,33.5,Frequent,5,1,3,2,1,0,39,Female,Black,Widowed,,1.8
10218,Finance,Finance,2.06,4124.06,26.1,Occasional,3,4,41,1,1,0,34,Other,White,Single,,15.6
10219,Consultant,Consulting,0.5,2816.27,8.5,,5,2,11,5,0,0,48,Male,White,Married,,4.9
10220,Consultant,Consulting,0.61,4620.19,19.7,,2,2,6,5,1,1,61,Female,Mixed,Married,,17.0
10221,Consultant,Operations,1.36,6587.62,9.2,Frequent,1,5,54,2,1,1,26,Male,White,Married,,3.3
10222,Developer,Consulting,1.7,3543.17,22.9,Occasional,2,1,37,4,0,0,32,Female,Other,Widowed,,17.6
10223,Finance,Finance,2.93,3548.82,52.3,,1,2,39,2,0,1,59,Male,Asian,Widowed,,7.3
10224,Consultant,Operations,0.23,3326.69,23.0,Frequent,3,4,58,5,0,1,47,Other,Other,Widowed,,17.2
10225,Manager,HR,2.1,3412.7,8.2,Occasional,2,4,31,5,1,0,34,Female,White,Single,,13.5
10226,HR,Consulting,0.6,1500.0,30.7,Frequent,1,3,42,4,1,1,24,Male,Asian,Widowed,,1.9
10227,Consultant,Technology,2.56,4486.04,7.8,,5,2,5,2,0,0,63,Female,Other,Single,,8.3
10228,Developer,Consulting,3.04,2985.34,37.7,Frequent,1,5,56,3,0,0,62,Female,Asian,Married,,17.8
10229,Operations,HR,2.44,2067.68,6.6,,2,5,52,2,1,0,43,Male,Mixed,Single,,8.6
10230,Finance,Operations,4.02,4903.83,34.4,,2,1,26,3,1,1,19,Other,White,Divorced,Mental,38.3
10231,Developer,HR,1.23,2701.58,10.8,Frequent,3,3,34,5,0,0,46,Female,Asian,Divorced,,11.9
10232,Consultant,Technology,4.35,3593.6,24.7,Frequent,5,4,20,5,0,1,23,Male,Black,Married,,10.2
10233,Finance,Finance,1.7,5759.73,30.9,,1,4,19,2,1,0,50,Female,Mixed,Divorced,,17.8
10234,HR,Consulting,1.99,2308.94,19.5,Frequent,2,1,18,5,0,1,55,Other,White,Widowed,Physical,17.8
10235,Consultant,Operations,3.13,2160.88,11.8,Occasional,1,5,32,4,0,0,18,Other,Mixed,Divorced,,19.0
10236,Developer,Finance,0.06,4323.17,20.1,Occasional,4,5,55,1,1,0,27,Male,Black,Single,,14.9
10237,Analyst,HR,3.18,5379.38,14.8,Frequent,5,4,3,3,0,1,48,Other,White,Widowed,,44.0
10238,Manager,Operations,2.89,2110.79,16.9,Frequent,5,1,59,5,0,0,41,Female,Mixed,Divorced,,15.2
10239,Operations,Finance,1.11,4489.23,3.8,Occasional,4,2,18,3,1,1,25,Other,Mixed,Married,,24.7
10240,Developer,Operations,0.27,4697.2,26.9,,5,3,59,2,0,0,45,Other,Asian,Divorced,,5.0
10241,Finance,Technology,0.29,1529.01,19.1,,4,5,51,4,0,1,45,Other,Asian,Widowed,,11.2
10242,Consultant,Technology,7.7,4958.2,2.8,Occasional,1,5,48,3,0,1,61,Female,Mixed,Divorced,Physical,11.5
10243,Manager,Consulting,3.51,5051.93,12.5,,4,5,27,5,1,0,63,Other,Asian,Divorced,,20.8
10244,Consultant,Consulting,0.41,3625.86,1.7,Frequent,3,2,21,1,0,0,25,Female,White,Single,,6.9
10245,Finance,Technology,1.32,5502.82,17.2,Frequent,4,2,50,4,1,1,46,Male,Asian,Single,,11.3
10246,Consultant,Operations,2.69,5363.75,24.2,Occasional,1,3,23,2,0,1,36,Female,White,Single,,16.1
10247,Analyst,Technology,5.42,4123.74,9.5,Occasional,5,5,58,5,1,1,46,Female,White,Divorced,,9.2
10248,Manager,Consulting,0.13,3458.27,8.9,Occasional,3,4,45,4,1,0,32,Male,White,Single,,2.9
10249,Manager,Technology,0.81,2832.61,11.9,Occasional,4,5,29,5,1,0,48,Other,White,Single,,21.4
10250,Finance,Technology,6.61,3954.92,8.9,,1,3,28,2,1,0,22,Other,Mixed,Single,,25.6
10251,Operations,Operations,0.03,4683.71,7.5,,3,3,9,2,0,0,45,Male,Other,Married,,11.7
10252,Analyst,Finance,0.67,3610.99,2.3,,3,4,52,1,0,1,63,Other,Other,Widowed,,13.8
10253,Developer,Consulting,9.58,1500.0,8.6,Frequent,3,2,31,4,1,0,32,Other,White,Married,,17.3
10254,Consultant,Operations,2.85,5522.46,3.9,Frequent,4,4,8,1,0,0,25,Male,Other,Divorced,,22.0
10255,HR,Technology,0.91,4228.27,36.5,Occasional,1,3,24,1,0,1,53,Other,White,Divorced,,6.5
10256,Consultant,Technology,0.21,3544.45,41.0,Occasional,1,4,15,1,0,0,49,Male,Other,Single,,8.8
10257,Consultant,Finance,0.09,5028.59,23.2,,1,5,14,3,1,0,56,Other,Black,Widowed,,5.5
10258,Developer,Consulting,0.84,5829.57,35.3,,2,3,58,2,1,1,56,Other,Asian,Married,,27.3
10259,Consultant,Consulting,6.4,1500.0,8.0,,5,2,47,1,1,0,39,Other,Other,Widowed,,17.6
10260,Analyst,HR,1.61,4521.12,24.1,Occasional,1,2,17,3,1,0,22,Other,White,Divorced,Mental,7.4
10261,Analyst,Consulting,3.82,2288.02,23.6,,2,4,52,3,1,1,27,Male,Asian,Divorced,Mental,5.4
10262,Manager,Finance,7.51,4598.93,20.3,Occasional,2,4,22,3,0,0,48,Female,Asian,Single,,16.8
10263,Finance,HR,1.57,4153.51,11.6,Occasional,3,4,54,1,0,1,54,Female,Mixed,Married,,2.2
10264,Operations,HR,0.64,4762.87,16.3,Frequent,5,5,41,3,0,0,40,Male,Mixed,Married,,26.7
10265,HR,Technology,2.18,3400.9,19.7,Frequent,3,2,2,1,1,0,49,Male,Other,Widowed,Physical,17.0
10266,Consultant,Technology,7.16,1752.11,19.4,Occasional,5,3,6,4,0,0,41,Other,Mixed,Widowed,,10.1
10267,Consultant,Consulting,4.89,3459.56,7.1,,3,3,38,2,0,1,21,Other,White,Divorced,,12.5
10268,Developer,HR,0.2,4488.22,39.3,Occasional,4,2,51,5,1,0,60,Female,Mixed,Single,,15.7
10269,Finance,Technology,3.54,5218.47,17.3,Occasional,5,4,10,1,0,0,55,Female,Black,Divorced,,22.2
10270,Analyst,Finance,2.55,2593.8,28.1,Occasional,2,1,54,2,0,0,32,Male,Other,Widowed,Physical,10.3
10271,HR,Technology,7.14,5232.47,10.3,Occasional,2,4,23,1,1,1,28,Male,Asian,Single,,6.8
10272,Manager,Technology,0.39,3222.55,23.0,Frequent,5,2,34,4,0,0,42,Other,Asian,Widowed,,18.8
10273,Analyst,HR,2.29,4434.94,18.2,Frequent,3,5,49,2,1,0,43,Other,Black,Married,,20.6
10274,Finance,HR,6.35,3388.13,7.8,Occasional,4,4,24,2,0,1,56,Other,White,Widowed,,18.1
10275,Operations,Operations,1.58,4218.6,16.5,Frequent,4,3,27,3,1,0,54,Female,Asian,Divorced,,7.9
10276,Manager,Finance,1.97,5070.25,12.8,Frequent,1,5,11,1,0,1,53,Female,Black,Single,,21.5
10277,Operations,HR,0.22,2527.58,13.9,,5,2,22,1,0,0,50,Male,Mixed,Single,Mental,22.3
10278,Developer,Consulting,0.98,3184.11,31.6,Frequent,4,1,16,5,0,0,61,Female,Other,Single,,8.7
10279,Developer,Finance,1.18,4221.96,15.0,Frequent,3,4,57,3,0,0,37,Other,Black,Divorced,,8.4
10280,Consultant,Finance,8.71,6881.9,30.3,Occasional,3,5,57,3,0,1,51,Male,Black,Divorced,Other,10.3
10281,Operations,HR,1.0,2964.17,24.6,Frequent,2,5,40,5,0,0,62,Female,Mixed,Divorced,,5.1
10282,Finance,Finance,1.85,6448.16,17.8,Frequent,4,3,36,3,0,0,29,Other,White,Married,,23.8
10283,HR,HR,3.34,6405.31,32.9,Frequent,4,4,17,3,0,0,53,Male,Mixed,Single,,17.5
10284,Manager,Technology,0.53,3883.23,31.1,Occasional,3,1,54,4,1,0,21,Female,Mixed,Single,,6.9
10285,Analyst,Operations,2.0,3642.22,17.9,Occasional,2,5,8,2,1,0,30,Male,Asian,Single,,8.0
10286,Finance,Technology,4.02,3169.52,18.9,Frequent,4,3,44,5,0,0,20,Male,Black,Single,,18.3
10287,Finance,HR,6.05,3918.16,33.1,Occasional,3,4,34,4,0,0,34,Female,Black,Married,Mental,16.3
10288,Developer,HR,2.95,2311.94,25.7,Occasional,2,4,35,4,0,1,24,Other,Mixed,Single,,8.7
10289,Operations,Technology,3.32,3908.51,39.1,,2,1,56,4,1,1,62,Female,Mixed,Married,,22.8
10290,Consultant,Consulting,0.4,5796.26,14.8,Frequent,3,3,17,3,1,0,64,Other,Black,Widowed,,20.0
10291,Consultant,Consulting,8.74,3266.7,6.0,,2,1,19,5,1,1,31,Male,Black,Divorced,,5.1
10292,Manager,Consulting,0.43,3711.13,9.2,Frequent,2,5,20,3,0,1,49,Other,Black,Divorced,,17.8
10293,Developer,HR,4.47,1958.63,2.6,Frequent,1,2,46,3,1,0,43,Other,White,Single,,19.8
10294,Finance,Finance,0.92,4448.87,8.7,,2,2,19,4,1,1,48,Male,Mixed,Divorced,,16.3
10295,HR,HR,8.14,4317.38,25.5,,4,1,54,1,0,1,48,Female,Mixed,Single,Mental,17.0
10296,Developer,Finance,3.82,4076.44,15.0,Frequent,2,1,5,5,0,1,33,Male,Asian,Married,,2.4
10297,Manager,Technology,4.21,3739.81,7.7,,4,2,8,5,1,1,18,Other,Asian,Divorced,,9.6
10298,Manager,Operations,0.74,3648.69,10.5,,3,5,42,4,1,1,63,Female,Other,Divorced,,11.0
10299,Developer,Finance,1.76,4602.28,20.3,Occasional,2,1,28,4,1,1,51,Female,Black,Married,,22.3
10300,Manager,Consulting,2.89,3965.42,11.0,Frequent,3,5,28,2,1,0,43,Male,Black,Married,,7.2
10301,Developer,HR,4.41,4377.97,13.7,Occasional,5,5,12,4,1,0,47,Male,Other,Widowed,,6.8
10302,Analyst,Technology,0.33,4257.98,4.0,Frequent,2,3,35,3,1,0,58,Other,Mixed,Married,,7.1
10303,Developer,Consulting,9.84,5348.11,36.0,Occasional,3,5,26,4,0,0,22,Female,Black,Single,,8.9
10304,Operations,Technology,6.63,4812.39,39.5,Frequent,5,4,46,5,1,0,41,Female,Asian,Single,,37.9
10305,Developer,Operations,0.95,4231.43,8.1,Occasional,4,2,56,1,0,1,27,Male,White,Divorced,,9.5
10306,Manager,HR,5.19,5822.11,12.5,Frequent,4,2,48,1,0,0,55,Male,Mixed,Divorced,,23.5
10307,Operations,HR,2.19,4504.32,2.2,Occasional,4,1,43,3,1,0,52,Other,White,Married,,23.6
10308,Manager,Operations,1.86,5565.96,34.0,,4,1,5,1,1,1,19,Other,White,Single,,11.8
10309,Consultant,HR,1.13,4728.33,5.2,Frequent,4,3,38,4,1,0,46,Female,Other,Married,Physical,15.0
10310,Consultant,Finance,2.61,1789.7,15.9,,1,3,56,1,0,1,36,Male,White,Married,,17.0
10311,Operations,Technology,3.93,5565.8,6.7,Occasional,3,4,31,4,0,0,55,Other,Black,Single,Mental,27.5
10312,Analyst,Consulting,1.59,4162.21,16.2,Frequent,5,1,48,2,0,1,59,Female,Other,Divorced,,16.5
10313,Consultant,Operations,2.98,3937.65,29.7,Occasional,5,2,42,5,0,1,31,Other,Asian,Divorced,,21.2
10314,Developer,Finance,3.61,4337.62,24.4,Occasional,2,4,43,3,0,1,45,Female,White,Divorced,,8.5
10315,Manager,Consulting,3.73,3586.02,25.7,,3,1,27,2,0,0,51,Other,Black,Divorced,,16.0
10316,Consultant,Consulting,0.16,4272.43,4.7,Frequent,1,4,44,1,0,0,21,Male,Black,Widowed,,6.7
10317,Consultant,Operations,5.89,3289.75,15.6,Occasional,1,5,0,3,1,1,64,Female,Asian,Widowed,,13.9
10318,Analyst,Finance,1.84,5529.13,56.4,,3,5,49,4,0,0,42,Male,Other,Divorced,,5.3
10319,Operations,Consulting,0.91,3863.69,19.5,,4,4,53,2,0,0,23,Male,Other,Single,,10.1
10320,Operations,Consulting,0.83,3540.9,16.6,,4,1,50,5,0,0,45,Female,Other,Single,Mental,24.6
10321,Finance,Finance,1.98,2890.09,13.3,,3,5,42,5,1,0,55,Other,Asian,Married,Physical,6.3
10322,Analyst,HR,6.54,4322.53,18.2,Occasional,5,5,30,2,0,0,26,Other,Asian,Widowed,,7.9
10323,Developer,Consulting,1.43,4224.53,16.1,Occasional,4,4,29,2,0,0,35,Female,Asian,Divorced,,14.9
10324,Operations,Technology,4.16,4466.11,50.1,Occasional,2,5,53,2,0,1,48,Female,Other,Divorced,,19.7
10325,Manager,Finance,0.31,2767.3,28.4,Frequent,1,2,17,1,1,1,39,Male,White,Single,,9.5
10326,Analyst,Consulting,1.94,2078.58,14.7,Frequent,4,5,28,5,0,0,21,Female,Asian,Married,,5.8
10327,Consultant,Operations,14.37,4750.71,27.4,,5,4,41,5,1,0,50,Female,Asian,Single,,7.0
10328,Manager,Technology,4.41,5781.57,8.7,Occasional,4,5,37,1,0,0,53,Female,Other,Widowed,,4.3
10329,Manager,Consulting,0.71,2768.38,15.9,,4,5,22,3,1,1,52,Male,Asian,Single,,20.2
10330,Consultant,Technology,2.09,5907.33,11.0,Occasional,1,3,21,5,1,0,30,Male,White,Divorced,,18.6
10331,Analyst,Technology,0.8,4340.69,26.2,Frequent,2,4,1,3,0,0,32,Male,Other,Single,,6.8
10332,Consultant,HR,1.58,3991.52,15.1,,2,4,4,3,0,0,50,Male,Asian,Single,,5.0
10333,Finance,Technology,4.54,3522.94,18.0,Occasional,5,3,41,3,1,0,45,Female,Asian,Divorced,,11.3
10334,Manager,HR,4.43,2338.58,14.2,Occasional,3,3,14,5,1,0,51,Male,Mixed,Widowed,,8.5
10335,HR,Finance,0.78,5185.27,21.0,Occasional,3,2,31,4,0,1,55,Female,Mixed,Widowed,,15.9
10336,HR,HR,7.66,3069.27,26.5,,3,5,45,3,0,1,18,Male,Black,Widowed,,5.7
10337,Developer,Operations,2.69,3064.23,39.6,Frequent,5,1,5,4,0,1,48,Female,Black,Widowed,,6.6
10338,Operations,Consulting,1.43,5190.31,13.2,Occasional,4,1,13,1,0,0,34,Other,Asian,Divorced,,34.2
10339,Consultant,Finance,2.09,1740.42,7.1,,2,3,23,4,1,1,39,Male,Mixed,Widowed,,12.5
10340,Consultant,Finance,2.79,2171.68,21.8,Occasional,2,4,56,4,1,0,49,Female,Black,Divorced,,8.7
10341,Developer,Operations,2.46,3978.24,5.5,,4,4,20,2,0,0,46,Female,Other,Divorced,,34.7
10342,Developer,HR,2.0,4351.94,12.9,Frequent,2,2,13,3,1,0,18,Male,Mixed,Single,,3.3
10343,Developer,Consulting,2.11,4581.68,4.2,Occasional,2,1,11,5,0,1,45,Male,White,Single,,9.4
10344,Manager,HR,0.58,3637.84,86.2,,3,4,54,2,0,1,58,Female,White,Divorced,,13.5
10345,Finance,Technology,5.03,7036.44,36.2,Occasional,3,2,3,4,0,1,19,Other,White,Single,,19.2
10346,Consultant,HR,2.34,3726.53,33.9,,1,2,57,1,0,0,42,Male,White,Single,,4.3
10347,Manager,Finance,0.42,3723.06,40.9,Frequent,1,3,43,5,0,0,38,Other,Mixed,Married,,6.9
10348,Developer,Consulting,4.36,3043.62,31.5,Frequent,2,1,20,1,0,1,54,Female,Other,Married,,14.9
10349,Consultant,HR,8.08,4148.69,19.6,,3,2,16,4,1,1,43,Female,White,Married,,5.8
10350,Manager,Consulting,8.83,4737.95,20.0,Frequent,1,2,28,1,0,0,57,Other,Other,Widowed,,15.8
10351,Finance,Consulting,1.38,5444.29,38.3,Occasional,1,2,50,2,0,1,18,Male,Black,Single,Physical,21.1
10352,Manager,Technology,0.44,2212.86,40.0,Frequent,3,1,15,1,1,1,49,Female,Black,Widowed,,9.0
10353,Finance,Technology,2.19,3704.81,7.7,Occasional,1,3,17,2,1,0,26,Male,Asian,Divorced,,10.6
10354,Developer,Finance,0.36,4536.04,14.8,Frequent,4,5,37,3,0,0,63,Male,Mixed,Widowed,,9.4
10355,Finance,Operations,8.15,4704.47,17.5,Frequent,4,4,40,5,0,0,22,Other,White,Single,,17.1
10356,Consultant,Consulting,0.61,4007.86,32.1,Occasional,3,1,57,1,0,1,57,Female,Other,Married,,29.6
10357,Developer,Operations,0.87,4650.91,8.8,Frequent,3,1,50,2,0,1,34,Male,Other,Widowed,,10.7
10358,Consultant,Finance,1.57,3029.24,8.0,Occasional,1,1,43,4,0,1,46,Male,Mixed,Single,,21.5
10359,HR,Consulting,1.45,5869.49,5.1,Occasional,2,5,10,4,0,0,61,Male,Black,Married,Physical,9.8
10360,Analyst,Consulting,4.75,5191.15,11.2,Frequent,5,4,31,2,0,0,36,Female,Mixed,Divorced,,8.6
10361,Finance,Operations,1.83,2386.09,12.8,Frequent,4,4,27,5,1,1,57,Other,Other,Divorced,,16.0
10362,Analyst,HR,0.56,2709.88,45.9,Occasional,4,2,15,3,0,1,46,Other,Mixed,Divorced,Mental,5.6
10363,Analyst,Technology,0.93,2743.69,29.7,,3,2,33,3,1,0,29,Female,Black,Widowed,Other,32.8
10364,Finance,HR,2.13,4813.56,32.1,Frequent,2,3,49,5,0,1,25,Other,Black,Divorced,,11.3
10365,Developer,Operations,0.48,2458.33,6.9,Frequent,3,1,29,1,0,1,60,Other,White,Widowed,,12.9
10366,HR,Technology,2.84,3602.77,14.1,,1,3,37,2,1,1,60,Other,White,Widowed,,20.1
10367,Consultant,HR,2.5,4545.65,27.2,,2,1,57,3,0,1,48,Other,White,Widowed,Physical,11.0
10368,Manager,Technology,3.76,3920.6,18.5,Frequent,1,4,21,5,0,0,32,Other,Black,Widowed,,20.0
10369,Consultant,Consulting,8.33,4310.67,24.0,Frequent,4,3,4,3,1,1,51,Male,Other,Married,,12.7
10370,Manager,HR,7.3,2721.04,5.2,Frequent,3,4,8,3,1,1,43,Female,White,Married,,21.7
10371,Consultant,Technology,8.76,4713.83,17.9,,3,2,12,1,1,1,52,Male,Mixed,Widowed,,16.5
10372,Finance,Technology,0.84,3264.15,28.2,Frequent,5,4,38,3,0,0,46,Male,Other,Married,Mental,34.5
10373,HR,Technology,0.42,3610.46,7.1,,2,5,22,2,0,0,50,Female,Asian,Single,,19.0
10374,Manager,HR,1.08,4285.28,3.1,,4,3,26,5,0,0,50,Male,White,Married,,44.8
10375,Operations,Finance,6.76,4123.69,6.8,Occasional,5,1,31,1,0,1,53,Other,Asian,Divorced,,7.1
10376,Developer,HR,10.73,4028.78,37.9,,5,4,30,1,0,0,38,Male,White,Widowed,,15.6
10377,Consultant,Operations,5.88,3099.25,5.9,Occasional,3,3,32,5,1,1,47,Female,Other,Married,,17.7
10378,Consultant,HR,0.35,3640.54,16.9,,2,1,41,2,1,0,36,Male,Asian,Married,,9.5
10379,Manager,Technology,8.84,4002.62,3.0,,3,3,25,3,1,0,49,Other,Black,Widowed,,24.8
10380,Developer,Consulting,1.65,2349.9,8.0,Occasional,2,3,17,3,1,0,18,Female,White,Widowed,,18.4
10381,Developer,HR,0.03,3444.96,19.3,Occasional,5,5,11,2,0,0,50,Male,Mixed,Single,,19.1
10382,Finance,HR,1.75,4465.22,16.6,Occasional,1,4,2,4,1,0,43,Other,Asian,Single,,28.9
10383,Operations,Technology,0.14,2467.08,34.0,Occasional,4,5,4,5,1,0,59,Female,Mixed,Widowed,,10.5
10384,Finance,Consulting,2.35,5387.9,22.3,Occasional,5,2,13,2,1,0,62,Female,Asian,Widowed,,6.4
10385,Finance,Consulting,1.24,5523.54,7.1,Occasional,3,3,58,3,0,1,44,Other,Other,Single,Other,11.0
10386,Finance,Operations,1.92,2505.82,13.9,Occasional,4,4,46,5,1,0,45,Female,Mixed,Single,,13.6
10387,Finance,HR,2.85,5629.14,11.8,,5,2,11,5,1,0,37,Female,White,Married,,20.7
10388,Finance,Consulting,6.09,3827.7,1.7,,2,2,3,3,0,0,25,Male,Black,Married,,8.9
10389,HR,Consulting,3.25,4502.22,46.7,Occasional,3,5,55,2,0,0,43,Other,Other,Divorced,,24.5
10390,Developer,Finance,1.71,3404.02,17.2,Frequent,5,2,15,4,0,1,48,Male,Asian,Divorced,,19.1
10391,Finance,Finance,5.13,5107.65,19.5,Occasional,2,1,10,5,1,0,22,Male,White,Single,,28.5
10392,Developer,Consulting,7.08,4487.31,26.6,Frequent,2,1,35,5,0,0,28,Male,Asian,Widowed,,17.4
10393,Developer,Operations,0.38,3023.02,26.8,,2,1,37,5,0,0,38,Other,Mixed,Widowed,Physical,7.0
10394,Analyst,Consulting,2.28,2601.76,28.8,,4,2,56,2,1,1,25,Female,Mixed,Married,,26.7
10395,HR,Technology,1.0,2247.64,12.3,Frequent,3,3,47,5,1,0,43,Other,Black,Divorced,Mental,9.9
10396,Finance,HR,0.14,4225.53,11.2,,2,4,1,3,0,0,63,Female,Mixed,Married,,27.0
10397,Consultant,Operations,3.31,4686.97,34.9,Occasional,5,1,12,3,1,0,29,Other,Other,Widowed,,5.9
10398,Manager,Technology,5.96,4781.16,47.4,Frequent,2,1,7,1,1,1,60,Female,Asian,Married,,3.1
10399,Operations,Operations,0.53,3858.42,3.0,Frequent,3,1,43,5,1,0,30,Male,Asian,Married,,29.4
10400,Consultant,Technology,5.02,2611.6,34.1,,4,5,20,4,1,1,27,Male,Other,Married,Physical,10.1
10401,HR,HR,5.76,3181.51,13.9,Frequent,2,5,25,1,1,0,46,Female,Mixed,Single,,6.7
10402,Manager,HR,7.37,5382.82,15.8,Frequent,5,1,37,5,0,1,25,Male,Mixed,Divorced,,19.6
10403,HR,Finance,0.92,3418.45,0.9,Frequent,3,1,34,5,0,0,59,Other,Other,Married,,14.7
10404,Developer,Technology,7.03,4172.1,16.9,,2,5,14,2,1,0,55,Other,Black,Married,Physical,10.0
10405,Manager,Finance,1.16,2709.22,10.5,Frequent,4,4,39,2,1,0,18,Other,White,Married,,13.4
10406,Developer,Technology,2.41,4403.9,1.4,Frequent,1,3,29,3,1,1,26,Female,White,Divorced,Mental,4.0
10407,Consultant,Finance,0.16,3450.78,37.2,Occasional,5,4,1,1,1,0,21,Female,Mixed,Widowed,,21.9
10408,Consultant,HR,0.13,5256.06,19.3,Occasional,2,3,15,1,0,1,50,Other,White,Single,,6.4
10409,Manager,Operations,3.82,4928.27,21.5,Frequent,2,2,12,1,0,1,59,Female,White,Single,,2.5
10410,Manager,Finance,1.76,3405.15,37.0,,1,2,0,3,0,0,38,Other,White,Married,,37.5
10411,Finance,Technology,0.89,3848.0,27.1,Frequent,3,4,42,4,1,1,24,Male,Mixed,Widowed,,9.7
10412,HR,Technology,0.63,3338.66,5.0,,1,5,27,4,1,0,49,Male,Asian,Widowed,,4.4
10413,Finance,HR,3.33,2296.68,31.5,Occasional,3,1,0,4,0,0,56,Male,Mixed,Widowed,,12.5
10414,HR,Technology,0.0,2971.07,3.8,Occasional,2,2,39,1,0,1,45,Other,Mixed,Widowed,Mental,17.1
10415,Finance,Consulting,4.92,4237.86,25.7,Frequent,1,5,33,5,0,1,43,Female,Black,Married,,21.6
10416,Developer,Operations,0.25,4390.31,54.1,,2,5,12,1,0,1,54,Other,Black,Single,,7.5
10417,Manager,Finance,0.64,4178.26,25.9,,1,3,52,5,0,0,51,Other,Mixed,Divorced,,17.7
10418,Consultant,Operations,1.46,3637.92,12.8,,2,2,1,2,1,1,26,Other,Other,Married,,33.4
10419,HR,HR,1.99,5119.68,52.9,Frequent,2,4,58,3,1,1,23,Male,Other,Divorced,,3.3
10420,HR,Finance,1.32,4076.25,19.3,,2,5,3,4,0,1,39,Male,Black,Single,,9.0
10421,Consultant,Finance,1.16,4843.9,7.3,Occasional,4,4,24,1,0,0,26,Male,Black,Married,,14.6
10422,Finance,Consulting,9.97,1871.47,9.8,,1,4,33,1,1,1,64,Other,Asian,Married,,5.1
10423,HR,HR,3.08,1500.0,9.5,,4,2,12,2,1,1,62,Female,Black,Widowed,,3.2
10424,Operations,Technology,0.07,4340.55,61.1,Frequent,2,4,35,5,1,0,32,Female,White,Divorced,,12.0
10425,Developer,Consulting,1.69,2290.28,25.5,Frequent,5,4,31,4,1,0,18,Female,Mixed,Divorced,,19.2
10426,Manager,Consulting,6.24,3745.06,26.2,Frequent,3,1,57,3,0,1,49,Female,Mixed,Divorced,,12.8
10427,Consultant,Operations,1.08,3637.48,23.2,Frequent,1,4,20,5,1,0,64,Female,Mixed,Widowed,,6.9
10428,Manager,Operations,0.3,5904.88,20.3,Frequent,1,1,25,5,1,1,35,Female,Asian,Widowed,Physical,14.5
10429,Operations,Operations,4.26,4480.0,11.3,,3,2,14,4,1,1,28,Other,Asian,Widowed,,11.2
10430,HR,Consulting,2.79,4199.03,5.8,,4,4,28,3,0,0,52,Male,White,Widowed,,3.2
10431,HR,Technology,2.53,5004.39,21.7,Frequent,3,5,25,4,1,0,50,Female,Mixed,Married,,29.3
10432,Operations,Finance,0.17,4442.2,51.8,Frequent,5,4,20,4,0,0,21,Male,White,Single,,12.7
10433,Consultant,Operations,0.45,3450.79,20.9,,2,1,11,1,1,0,51,Other,Black,Single,,15.9
10434,Developer,Technology,2.92,5285.77,39.6,Frequent,3,5,11,3,1,0,36,Female,Mixed,Single,,12.7
10435,Analyst,HR,0.7,2668.3,2.9,Occasional,3,2,4,5,1,0,29,Male,White,Divorced,,18.1
10436,Consultant,Operations,2.1,4387.9,21.0,,2,3,41,4,1,0,57,Other,Asian,Divorced,,7.4
10437,Analyst,Finance,2.36,2142.92,10.7,Occasional,1,3,25,2,1,0,53,Other,Asian,Single,,27.3
10438,Operations,HR,1.0,4244.73,6.9,,5,1,31,3,1,0,58,Female,Asian,Married,,31.0
10439,Finance,HR,8.89,4231.59,44.7,,3,2,1,2,1,1,39,Male,White,Widowed,Other,20.9
10440,Analyst,Finance,5.54,6011.75,11.9,,3,2,7,5,1,1,64,Female,White,Single,,6.9
10441,Developer,Operations,3.84,2122.03,25.5,,1,4,26,3,0,0,29,Female,White,Divorced,,11.3
10442,Finance,Consulting,0.24,3278.94,15.4,,5,3,36,1,0,0,45,Female,Other,Divorced,,7.8
10443,Analyst,Finance,0.34,4987.22,4.9,,2,4,53,3,1,0,32,Female,Mixed,Widowed,,20.9
10444,Operations,Finance,2.04,4402.38,28.1,,2,2,7,5,1,0,21,Other,Other,Divorced,,3.0
10445,Finance,Finance,0.53,4216.37,12.6,Frequent,4,1,23,1,0,0,25,Other,Other,Divorced,,7.6
10446,Operations,HR,11.49,2852.64,31.1,Frequent,5,1,12,5,0,1,48,Other,Black,Widowed,Mental,21.3
10447,Analyst,Technology,0.52,3291.02,8.0,Frequent,5,5,28,3,0,0,43,Male,Black,Widowed,,15.8
10448,Operations,Consulting,2.01,5494.05,10.9,Occasional,3,1,12,5,1,1,20,Female,Asian,Single,,20.4
10449,Developer,Operations,1.36,3938.19,24.8,,4,3,57,3,1,0,56,Other,Other,Single,,16.5
10450,Analyst,Operations,3.06,4450.43,8.6,Frequent,2,5,22,1,0,0,24,Other,Black,Widowed,,18.2
10451,Analyst,Technology,0.41,3861.77,27.7,Frequent,5,3,46,3,1,0,32,Other,Other,Married,,3.6
10452,Analyst,Finance,1.69,2580.3,2.2,Frequent,5,4,14,5,1,0,37,Other,Mixed,Divorced,,28.7
10453,Consultant,Consulting,0.96,5120.57,5.9,,1,4,23,5,0,1,34,Other,Other,Single,,14.3
10454,Consultant,Operations,6.56,4603.88,17.7,,2,1,57,5,0,0,49,Male,Asian,Divorced,,20.8
10455,Consultant,Operations,0.12,6766.76,26.2,Occasional,1,5,42,2,0,1,27,Male,White,Divorced,,24.1
10456,Developer,Finance,7.35,2781.3,18.3,Occasional,4,3,22,2,1,0,33,Male,Asian,Divorced,,26.5
10457,Finance,Technology,5.37,4987.09,24.1,,5,3,9,2,1,0,43,Female,Other,Married,,12.5
10458,Operations,Consulting,1.06,2426.15,12.0,Occasional,4,2,37,4,0,0,39,Male,Other,Divorced,,14.3
10459,HR,Technology,4.67,4188.82,2.0,Frequent,1,1,4,3,0,1,32,Male,White,Divorced,,28.0
10460,Analyst,Technology,0.1,5171.81,13.3,Occasional,2,4,4,2,0,0,29,Female,Asian,Single,Other,6.4
10461,Operations,Consulting,10.22,1513.44,13.5,Frequent,5,2,30,5,1,0,56,Male,Asian,Divorced,,6.4
10462,Analyst,Consulting,2.24,3754.08,37.4,Occasional,2,4,39,5,1,1,20,Male,Other,Married,Physical,15.2
10463,Developer,Operations,1.08,3324.15,27.4,Frequent,4,4,0,2,0,0,41,Male,Mixed,Married,Mental,12.6
10464,Analyst,Operations,1.35,3157.65,6.4,Occasional,3,3,1,2,1,1,19,Other,Black,Divorced,,7.4
10465,Consultant,Consulting,0.21,4462.26,1.4,Occasional,2,4,48,5,1,0,21,Other,Other,Married,,9.9
10466,HR,HR,13.63,5344.82,15.3,,2,5,28,2,0,1,40,Female,Other,Widowed,,44.7
10467,Manager,Operations,0.12,3840.07,10.7,,2,4,57,4,1,1,40,Female,Black,Married,,19.9
10468,Analyst,HR,3.19,4246.58,49.3,Frequent,5,5,6,4,0,0,25,Female,White,Widowed,,6.8
10469,Operations,Consulting,1.75,4137.17,38.2,,4,4,28,4,0,1,59,Female,Other,Married,,13.0
10470,Consultant,Operations,8.92,4002.16,4.9,Frequent,4,2,56,1,0,1,61,Female,Mixed,Married,,27.8
10471,Manager,Technology,0.85,2692.79,26.8,,5,3,54,4,1,0,29,Other,White,Single,,15.3
10472,HR,Consulting,2.28,5330.13,23.9,,2,2,8,5,0,1,26,Other,White,Divorced,,6.9
10473,Manager,Finance,1.98,4354.23,23.2,Frequent,2,3,35,1,0,0,28,Male,White,Single,Other,28.4
10474,Consultant,HR,3.64,4473.86,81.5,Occasional,3,2,6,5,0,1,62,Male,Other,Widowed,,32.1
10475,Finance,Consulting,0.21,3032.19,15.7,Frequent,2,1,27,5,1,0,48,Other,White,Single,,7.2
10476,Finance,Consulting,0.65,3448.94,29.1,Frequent,1,4,9,2,1,1,18,Other,Asian,Single,,11.1
10477,Manager,Operations,0.72,3788.64,32.0,Frequent,2,4,15,3,0,0,52,Male,Other,Married,,11.3
10478,Developer,Operations,4.02,2159.05,21.8,,3,1,9,4,0,0,60,Male,Other,Widowed,,24.0
10479,Operations,Operations,0.63,1974.36,48.8,,1,1,38,3,0,1,32,Female,Black,Married,Other,6.7
10480,Operations,Finance,2.56,3279.1,19.6,,3,5,57,3,0,0,24,Male,White,Widowed,,17.7
10481,Manager,Operations,0.73,4627.02,30.8,Frequent,3,2,25,2,0,0,45,Other,Other,Widowed,,5.2
10482,Analyst,Consulting,5.93,3216.24,9.5,Occasional,4,4,33,3,0,0,23,Female,Mixed,Married,,13.3
10483,Analyst,Operations,8.55,2777.43,5.9,Occasional,5,5,33,4,0,0,37,Female,Mixed,Divorced,Physical,10.7
10484,Operations,Technology,2.19,3022.38,24.7,Frequent,3,4,39,1,0,0,41,Female,Other,Divorced,,7.9
10485,Operations,Operations,1.3,3453.59,16.3,Frequent,2,1,13,5,1,0,59,Female,Other,Widowed,,24.7
10486,Finance,Finance,0.8,3575.37,17.0,Occasional,4,5,17,4,0,0,53,Other,Mixed,Divorced,,33.2
10487,Developer,Technology,0.15,6598.63,13.0,,1,5,0,2,0,1,55,Other,Mixed,Married,,11.0
10488,Consultant,Consulting,0.94,5265.54,30.4,Frequent,5,5,16,1,0,1,29,Male,Asian,Married,,20.5
10489,Analyst,Consulting,3.19,5229.73,19.3,Occasional,4,2,48,2,1,1,20,Male,Mixed,Married,,10.6
10490,Operations,HR,2.29,5402.3,66.1,Occasional,3,5,21,4,0,0,45,Other,Asian,Single,,5.8
10491,Finance,Technology,8.65,2801.41,18.8,Occasional,4,4,36,5,1,1,29,Other,Other,Single,,8.9
10492,HR,HR,1.51,2533.16,22.6,,2,2,15,3,0,1,33,Male,White,Married,,13.1
10493,Finance,Technology,3.55,2671.76,33.0,Occasional,2,4,6,3,1,0,61,Other,White,Widowed,,15.0
10494,Analyst,Technology,2.02,5601.41,24.6,Occasional,2,5,14,2,0,1,32,Other,Black,Single,,8.9
10495,Analyst,Finance,2.16,3343.37,6.1,Occasional,5,5,50,1,0,1,48,Female,Asian,Widowed,,6.4
10496,Finance,HR,0.93,2498.37,14.5,Frequent,4,4,20,5,1,0,38,Other,Mixed,Married,,4.2
10497,Consultant,Finance,1.82,3482.8,8.9,Frequent,4,3,1,2,0,0,35,Female,Asian,Widowed,,18.0
10498,Manager,Technology,1.91,3713.67,23.7,Frequent,3,5,58,5,0,0,23,Other,Black,Married,,32.8
10499,Analyst,Consulting,3.68,4322.1,20.7,Occasional,1,5,47,2,0,0,34,Male,Black,Widowed,,25.6
10500,Finance,Technology,8.47,4301.14,31.6,Occasional,2,2,24,1,1,0,40,Other,Asian,Single,,14.9
10501,Operations,Finance,1.2,3006.18,34.6,,1,4,8,4,0,0,52,Other,Mixed,Widowed,,14.7
10502,Finance,HR,0.13,4822.79,8.9,Occasional,1,5,19,3,0,0,35,Male,Other,Married,Physical,30.2
10503,Developer,HR,2.06,3232.97,34.1,,2,4,49,5,1,0,28,Male,Other,Divorced,,25.3
10504,Manager,Finance,2.36,3812.47,37.8,Occasional,2,2,9,5,1,0,40,Male,Other,Divorced,,11.2
10505,HR,HR,0.55,4824.13,7.4,,3,4,55,1,1,0,34,Other,Black,Single,,9.9
10506,Consultant,Operations,4.29,3229.81,22.6,Frequent,5,4,51,5,0,0,23,Male,Asian,Married,,10.8
10507,HR,Consulting,12.58,3316.78,42.6,Occasional,2,2,20,4,0,0,41,Other,Black,Widowed,,6.7
10508,Manager,Consulting,8.74,4710.0,14.3,,1,5,3,4,0,0,54,Male,Mixed,Married,,29.6
10509,Manager,Consulting,0.66,2970.72,17.1,Frequent,3,4,29,1,1,1,33,Other,White,Married,,21.2
10510,Manager,HR,6.25,3538.25,22.5,Frequent,4,3,33,2,0,0,46,Male,Black,Single,,19.8
10511,HR,HR,3.66,4666.89,19.0,Occasional,3,5,29,2,0,0,46,Male,Mixed,Widowed,,26.4
10512,Operations,Technology,1.81,6464.91,20.0,,2,2,13,5,0,1,59,Female,Mixed,Married,Mental,8.5
10513,Manager,Technology,2.33,4726.49,27.0,,2,1,21,5,0,1,45,Other,Mixed,Divorced,,14.8
10514,Finance,Consulting,5.68,4567.17,27.7,,5,3,0,1,0,1,33,Male,White,Widowed,,22.7
10515,HR,Operations,1.96,4636.96,16.7,Frequent,3,5,59,4,1,1,20,Other,Other,Divorced,Mental,16.6
10516,Manager,Technology,1.4,2712.17,52.2,,2,2,7,1,0,0,59,Male,Asian,Divorced,,13.5
10517,Finance,Technology,2.04,4138.72,8.9,Frequent,1,3,10,2,1,0,41,Other,Black,Single,,23.0
10518,Operations,HR,2.6,3964.28,30.9,,1,5,0,4,0,1,35,Other,White,Divorced,,5.7
10519,Developer,Operations,0.63,4385.9,1.5,Frequent,3,1,4,5,0,0,34,Other,Mixed,Divorced,Physical,10.0
10520,Operations,Consulting,6.94,4139.81,18.0,Occasional,5,5,56,2,0,1,27,Female,White,Single,,4.2
10521,Manager,Technology,3.36,4455.64,1.1,Frequent,3,1,44,3,0,0,54,Other,Black,Married,,6.3
10522,HR,Operations,3.01,3626.24,19.0,,5,1,48,2,0,1,42,Male,Asian,Married,,13.6
10523,Analyst,Operations,0.31,4070.33,24.4,Frequent,1,4,9,4,1,0,53,Female,Black,Married,,5.4
10524,Manager,Consulting,2.78,2526.61,13.3,,2,2,54,4,0,0,64,Other,White,Divorced,,2.5
10525,Analyst,Operations,0.39,3616.11,17.6,Occasional,4,4,38,1,1,0,40,Male,Mixed,Married,,19.6
10526,Finance,Operations,0.25,5669.0,29.2,Frequent,2,1,12,4,1,1,36,Other,Mixed,Widowed,,24.2
10527,Developer,Operations,2.25,4382.57,0.1,Occasional,1,2,20,3,0,0,27,Female,Other,Divorced,,12.3
10528,Consultant,Technology,1.55,3974.89,11.5,Frequent,1,2,35,3,1,0,28,Male,Other,Married,,11.0
10529,Operations,Consulting,2.67,6275.35,43.4,Frequent,2,2,56,4,1,0,58,Male,Asian,Divorced,Other,14.7
10530,Developer,Operations,0.28,2367.0,6.0,Occasional,2,3,52,5,1,1,22,Male,Asian,Widowed,,7.7
10531,Manager,Operations,1.69,2668.65,9.9,Occasional,1,5,44,4,0,1,23,Female,Other,Single,,11.1
10532,Analyst,Technology,0.58,6055.25,2.2,Frequent,2,1,32,5,1,0,20,Male,Other,Divorced,,21.7
10533,Operations,Consulting,13.05,4055.15,11.6,Frequent,4,2,56,4,0,0,62,Other,Black,Single,,12.7
10534,Analyst,HR,2.47,3708.9,16.0,Frequent,4,3,42,2,1,1,55,Other,Black,Widowed,,23.5
10535,HR,Technology,3.49,2560.95,79.5,Occasional,3,3,27,4,0,1,28,Male,Mixed,Single,,30.2
10536,Analyst,Consulting,1.18,4537.24,23.2,,4,1,52,2,1,0,60,Female,Mixed,Widowed,,22.1
10537,HR,Operations,0.3,4653.35,12.1,Occasional,1,4,8,5,0,0,59,Male,Other,Single,,14.6
10538,Finance,Consulting,11.17,2686.61,3.8,Frequent,1,3,44,4,1,0,41,Male,Black,Widowed,,12.4
10539,Operations,Consulting,1.01,3831.67,9.9,Frequent,3,1,10,5,1,1,63,Male,Other,Married,,8.8
10540,Operations,Consulting,1.65,3597.38,8.3,Occasional,5,3,58,3,0,0,43,Other,Other,Married,,33.3
10541,Consultant,HR,3.15,4307.17,1.7,Frequent,3,1,39,1,0,0,43,Other,Asian,Married,,10.7
10542,Manager,Consulting,0.08,2656.9,5.8,Frequent,5,2,28,5,0,0,41,Female,Other,Single,,12.1
10543,HR,HR,4.99,5502.34,12.4,Frequent,5,4,59,2,0,1,57,Female,Mixed,Single,,8.6
10544,Consultant,Operations,2.31,5098.99,14.0,Frequent,2,3,57,1,0,0,21,Female,Asian,Widowed,,21.9
10545,Analyst,HR,0.98,3564.19,28.8,Frequent,4,3,6,4,0,0,27,Other,Black,Widowed,,19.5
10546,Analyst,Operations,0.19,3740.3,44.8,,5,3,26,2,0,0,51,Other,Mixed,Divorced,,4.6
10547,Consultant,Operations,0.53,3836.29,13.7,Occasional,2,5,59,1,1,0,61,Other,White,Divorced,,9.9
10548,Operations,HR,6.76,3066.03,31.7,Occasional,3,5,21,1,0,1,46,Other,Black,Single,,8.7
10549,Analyst,Technology,3.48,3467.88,12.1,Occasional,3,2,56,5,1,0,43,Female,White,Single,,6.5
10550,Finance,Finance,0.86,3675.68,7.6,,5,3,30,4,1,0,36,Other,Mixed,Married,,18.0
10551,Finance,Consulting,0.2,5935.44,27.8,,2,4,29,4,1,1,38,Female,Black,Married,,20.9
10552,Consultant,Finance,3.52,5135.94,11.9,Occasional,1,5,27,4,1,0,36,Other,White,Divorced,,16.8
10553,HR,Consulting,2.55,5121.59,8.6,Occasional,4,1,19,5,1,1,57,Male,White,Widowed,,6.3
10554,HR,Consulting,1.56,4443.91,7.3,Occasional,5,1,14,5,0,0,55,Female,Black,Widowed,Mental,2.3
10555,Consultant,Operations,1.36,2659.21,3.3,Frequent,1,1,14,4,1,0,36,Female,Other,Widowed,,10.4
10556,HR,Consulting,0.73,3950.21,17.6,,4,2,52,1,1,0,35,Other,Mixed,Single,,17.9
10557,Operations,Consulting,3.32,5164.59,10.4,,1,3,11,4,0,0,31,Female,Mixed,Married,,11.6
10558,Operations,HR,10.59,2490.08,32.5,Frequent,2,3,16,5,0,1,52,Male,Asian,Widowed,,8.4
10559,HR,Finance,0.58,4763.86,52.7,,5,5,22,4,0,0,35,Female,Black,Married,,10.7
10560,Finance,HR,2.73,6787.13,7.2,Occasional,1,1,5,5,1,1,45,Female,Mixed,Widowed,,15.1
10561,HR,Consulting,1.66,5274.18,4.6,,1,2,44,4,1,1,36,Male,White,Divorced,,6.1
10562,Operations,Operations,1.78,5696.83,45.7,Frequent,1,4,15,1,1,0,42,Other,Black,Married,Mental,13.3
10563,Developer,HR,0.88,4262.01,19.0,Occasional,5,3,26,1,1,0,32,Other,White,Divorced,Physical,24.0
10564,Manager,HR,5.23,5161.52,18.5,,2,3,22,5,0,0,20,Male,Black,Married,,43.3
10565,Analyst,Technology,1.99,3138.58,21.7,Occasional,2,2,0,5,0,0,40,Female,White,Widowed,,14.0
10566,Developer,Consulting,2.35,4955.04,36.5,,1,5,44,2,0,0,62,Other,White,Widowed,,21.7
10567,HR,Operations,1.09,4785.27,36.3,Occasional,2,2,6,3,0,0,29,Other,Black,Widowed,,10.2
10568,Finance,HR,0.6,4347.89,26.9,Frequent,4,5,44,2,1,0,49,Other,Asian,Widowed,Mental,16.2
10569,Consultant,HR,0.27,5579.21,5.9,Frequent,2,3,38,5,1,0,45,Male,White,Widowed,,8.0
10570,HR,Operations,3.76,3353.46,2.6,,1,5,39,5,1,1,51,Male,Black,Widowed,,5.0
10571,Finance,Consulting,0.66,3775.53,6.0,,4,5,49,4,1,0,18,Female,Other,Widowed,Physical,14.0
10572,Manager,Technology,3.51,4114.55,3.6,Occasional,5,5,48,2,0,1,27,Male,Other,Single,,22.0
10573,HR,HR,1.48,2764.47,29.2,Frequent,3,5,47,3,0,1,44,Male,Asian,Married,Physical,19.2
10574,Operations,Technology,1.61,4272.32,9.7,Occasional,2,1,59,2,0,1,29,Male,Black,Divorced,,9.5
10575,Consultant,Finance,1.9,1937.28,26.5,Frequent,4,1,48,1,0,0,62,Other,Asian,Single,,13.5
10576,Finance,Consulting,1.38,5256.35,16.9,Occasional,3,1,39,1,0,0,53,Male,White,Married,,20.4
10577,Finance,Finance,0.32,4055.96,9.6,Occasional,5,1,38,2,0,0,50,Male,Other,Divorced,,8.3
10578,Finance,Finance,1.11,3374.93,7.4,Occasional,3,2,56,2,0,0,21,Other,Asian,Married,,14.5
10579,Manager,Finance,3.27,2998.75,9.0,,5,4,17,5,0,0,38,Male,White,Divorced,,15.9
10580,HR,Consulting,3.29,3718.51,4.7,Frequent,1,5,35,4,0,0,37,Male,Other,Divorced,Other,7.3
10581,Manager,Consulting,1.01,4825.91,53.7,,1,2,55,1,0,0,34,Other,Asian,Divorced,,3.8
10582,Analyst,Operations,1.85,4657.29,15.4,,5,1,21,3,0,1,63,Female,White,Married,,14.1
10583,Analyst,Technology,0.64,3153.35,16.9,Occasional,3,5,1,4,0,1,51,Male,Mixed,Married,,29.1
10584,HR,Technology,0.71,2984.75,16.6,Frequent,2,4,47,2,1,1,31,Female,Other,Divorced,Mental,13.3
10585,Operations,Operations,0.07,4788.28,28.7,,3,5,25,1,1,0,27,Female,White,Divorced,,8.7
10586,Manager,Operations,6.81,3133.18,8.3,Occasional,3,3,49,2,0,0,37,Female,Mixed,Widowed,,9.4
10587,Consultant,Finance,0.71,4071.89,37.8,Frequent,2,3,31,1,0,0,52,Other,Asian,Divorced,,28.4
10588,Finance,Operations,0.77,4148.51,12.9,Frequent,3,2,22,3,1,1,32,Female,Mixed,Widowed,Mental,22.4
10589,Finance,HR,0.98,4374.47,12.5,,3,4,56,4,0,0,56,Other,Other,Widowed,,14.4
10590,HR,Technology,0.41,5029.92,41.9,Occasional,4,2,39,3,0,1,44,Male,Black,Widowed,,24.2
10591,Operations,Operations,3.06,2484.44,8.2,,5,5,45,3,1,0,32,Female,Asian,Divorced,,7.0
10592,Analyst,HR,0.23,1706.61,22.7,Frequent,1,4,17,4,0,0,36,Female,Mixed,Divorced,,12.8
10593,Analyst,HR,0.43,3319.06,16.5,,5,2,18,4,0,1,43,Female,White,Divorced,,6.2
10594,Finance,HR,3.1,6161.83,9.6,Occasional,3,5,23,3,0,1,29,Male,Black,Divorced,,21.4
10595,HR,HR,1.25,6426.61,25.4,Frequent,2,1,3,2,0,1,41,Male,Black,Widowed,Physical,6.1
10596,Manager,Finance,3.69,6197.41,5.5,Occasional,2,5,53,4,0,1,53,Other,Asian,Divorced,,30.4
10597,Analyst,HR,2.45,3768.42,9.5,Occasional,1,2,59,3,0,0,50,Other,Mixed,Widowed,,13.8
10598,Manager,Finance,0.89,1861.46,18.0,Frequent,1,4,45,3,1,1,22,Other,Other,Widowed,,20.9
10599,Operations,Finance,3.16,1500.0,48.5,Occasional,1,4,1,3,0,1,26,Other,Mixed,Widowed,,3.9
10600,Analyst,HR,0.37,3263.15,45.5,Occasional,2,1,29,2,0,1,57,Other,Mixed,Married,,11.8
10601,Analyst,Technology,2.31,3762.31,23.0,Occasional,3,2,48,5,0,0,31,Other,Asian,Single,,24.6
10602,Developer,HR,1.72,5560.75,13.2,Frequent,1,1,37,5,0,0,63,Male,Asian,Widowed,Other,2.9
10603,Analyst,HR,0.94,5041.37,1.9,Occasional,1,3,30,4,0,0,53,Female,White,Widowed,,15.0
10604,Consultant,HR,2.78,4272.89,31.9,,2,5,39,5,0,0,42,Female,Other,Single,,12.4
10605,HR,Technology,6.15,2932.19,35.2,,3,3,15,1,1,1,24,Female,Asian,Married,,17.3
10606,HR,Consulting,20.45,2847.06,22.7,Occasional,1,3,52,4,0,0,51,Male,White,Divorced,Other,16.0
10607,Manager,Consulting,2.81,4304.95,13.7,,3,1,32,4,0,1,60,Male,Black,Married,Mental,13.7
10608,Operations,Finance,1.56,4836.46,29.9,,4,1,57,3,0,1,24,Other,White,Divorced,,12.8
10609,Analyst,Finance,0.77,4470.26,16.1,Frequent,1,5,49,1,1,1,48,Other,Other,Single,Other,6.9
10610,Consultant,Technology,0.89,2758.48,14.6,Occasional,1,1,2,5,0,1,49,Female,White,Married,,4.4
10611,Manager,Operations,1.96,4780.8,3.6,Frequent,2,1,59,4,1,0,38,Female,White,Single,,15.5
10612,Developer,Consulting,1.37,4511.09,28.8,Occasional,4,1,17,1,0,0,32,Male,Asian,Married,,19.2
10613,Manager,Finance,7.35,2715.2,18.5,,4,1,56,2,1,1,47,Male,Other,Married,,2.6
10614,Manager,Consulting,1.38,3058.81,45.3,Frequent,4,1,9,2,0,0,21,Female,White,Single,,18.4
10615,Analyst,Technology,1.4,4826.2,10.2,Frequent,5,3,1,3,0,0,51,Male,Mixed,Single,,24.9
10616,Developer,Technology,1.45,3718.59,7.7,,2,3,50,1,1,1,26,Female,White,Single,,4.5
10617,Manager,Operations,5.44,5906.98,34.9,,2,5,29,4,0,0,29,Female,Black,Divorced,,21.4
10618,Consultant,Operations,3.16,4601.36,40.2,Occasional,1,4,29,2,0,1,47,Female,Black,Single,,29.1
10619,Consultant,Technology,2.86,3416.04,16.9,Occasional,2,5,24,2,0,0,41,Female,White,Widowed,,20.0
10620,HR,Finance,1.22,3987.75,30.9,,1,2,42,5,0,0,46,Female,White,Widowed,,23.4
10621,Developer,Consulting,5.11,4076.06,12.9,,1,5,50,5,0,1,39,Female,Mixed,Single,,17.6
10622,Developer,HR,0.12,3125.93,13.5,Frequent,5,5,55,1,0,1,52,Female,White,Single,,3.8
10623,HR,Operations,6.14,2904.89,22.8,Frequent,2,1,23,5,1,1,37,Other,Asian,Married,,13.3
10624,Manager,HR,2.16,4841.67,13.3,Occasional,2,1,58,1,0,0,54,Male,Other,Widowed,,7.5
10625,Developer,Finance,1.52,5014.33,20.3,Frequent,5,1,34,4,1,0,58,Male,Mixed,Divorced,,16.8
10626,Consultant,Operations,2.06,4724.54,18.2,,5,4,9,4,1,0,26,Female,White,Married,,17.5
10627,Consultant,HR,3.3,5818.38,6.1,,2,1,47,4,1,0,39,Male,Asian,Divorced,,2.5
10628,Analyst,Finance,0.04,3349.87,20.3,,2,2,29,5,0,0,33,Other,White,Single,,13.0
10629,Developer,Consulting,6.16,6009.12,6.3,,1,3,59,5,0,0,19,Male,Mixed,Married,,5.9
10630,Manager,Finance,1.78,2918.89,29.2,Occasional,3,2,25,3,0,1,61,Other,Mixed,Widowed,,16.6
10631,HR,Operations,1.26,2784.78,35.3,,1,4,34,2,1,1,40,Other,Black,Married,Mental,13.7
10632,HR,Technology,0.45,1888.05,14.7,,4,1,23,4,1,0,46,Female,Black,Divorced,Mental,46.1
10633,Manager,Consulting,1.74,3465.05,48.7,,4,5,50,5,0,1,28,Male,White,Widowed,,30.8
10634,Operations,HR,2.06,3395.53,39.7,,3,3,19,2,0,0,52,Male,Other,Divorced,,10.4
10635,Finance,Operations,1.55,4631.12,20.5,Occasional,5,4,52,4,0,0,39,Other,Asian,Widowed,,6.3
10636,Analyst,Technology,3.41,4292.67,13.5,Occasional,4,2,38,4,0,0,20,Female,Black,Single,,12.0
10637,HR,Finance,1.64,2568.43,33.3,Frequent,5,1,48,2,0,1,64,Female,Black,Single,,4.0
10638,Developer,Technology,9.76,3528.73,49.3,Occasional,5,4,39,2,0,0,29,Other,Other,Single,,10.2
10639,Analyst,Operations,2.74,3554.25,21.7,Occasional,1,4,34,5,1,1,18,Male,Mixed,Widowed,,18.3
10640,Developer,Operations,4.94,1868.82,11.2,Occasional,5,5,38,2,0,1,60,Female,White,Married,,5.4
10641,Operations,Technology,0.35,2822.86,27.2,Frequent,3,5,58,2,0,0,43,Other,White,Single,,14.0
10642,Consultant,Finance,1.52,3075.02,16.8,,1,5,9,5,1,0,51,Female,Asian,Widowed,,5.1
10643,Analyst,Technology,1.23,5720.35,7.4,Frequent,3,2,26,4,0,0,46,Other,Other,Widowed,,17.7
10644,HR,Operations,2.53,4229.74,12.1,,5,5,50,2,1,0,63,Female,Other,Single,,4.0
10645,Analyst,Operations,5.92,4794.6,35.2,Occasional,4,4,56,3,0,1,50,Female,Other,Widowed,,12.2
10646,Analyst,HR,0.24,2201.64,15.4,,5,4,14,1,0,0,49,Female,Mixed,Widowed,,5.1
10647,Analyst,HR,0.23,5433.06,10.8,Frequent,3,4,57,2,0,1,42,Female,Other,Single,,24.4
10648,Finance,Consulting,5.7,5561.32,41.1,,2,3,14,2,0,1,64,Other,Mixed,Married,,37.0
10649,Analyst,Operations,0.72,1601.99,34.5,,2,3,36,1,0,1,53,Female,White,Divorced,,13.7
10650,Developer,HR,3.31,3153.62,12.5,Occasional,4,2,34,3,1,1,19,Male,Mixed,Married,,25.5
10651,Consultant,Technology,2.35,4594.92,56.6,,3,5,2,4,1,1,32,Male,White,Widowed,,14.8
10652,Operations,Finance,5.37,4773.27,16.0,,4,4,28,3,0,0,30,Male,Asian,Widowed,,23.8
10653,Manager,Technology,0.4,3185.81,21.8,Occasional,1,5,3,1,1,0,59,Female,Other,Widowed,,18.3
10654,Analyst,Finance,0.42,3633.4,18.0,Frequent,5,4,46,2,1,0,32,Male,Asian,Single,Mental,21.9
10655,HR,HR,2.44,3283.14,8.4,Occasional,1,3,15,4,0,0,23,Female,Other,Divorced,,12.5
10656,Analyst,Consulting,8.78,4132.5,15.0,,2,4,4,3,1,0,38,Female,Asian,Widowed,,15.7
10657,HR,Technology,1.61,5436.61,16.5,Occasional,5,2,20,3,0,0,59,Other,Black,Widowed,,6.0
10658,Developer,Technology,1.19,3074.75,2.7,Occasional,1,1,39,4,1,0,43,Male,Black,Married,,6.6
10659,HR,Technology,2.8,5200.98,21.0,,2,4,41,3,1,1,52,Other,Mixed,Widowed,,4.1
10660,Manager,Finance,8.0,3061.99,31.6,Frequent,1,2,53,1,1,1,62,Female,Asian,Widowed,,13.6
10661,Consultant,HR,5.44,2982.85,6.4,Occasional,5,3,20,4,0,0,35,Female,Other,Single,,4.1
10662,HR,Technology,16.2,4982.31,27.7,Frequent,1,3,1,1,0,1,23,Other,White,Married,,16.1
10663,HR,Technology,0.07,5106.32,36.5,Occasional,5,1,13,4,1,0,31,Female,Mixed,Married,,4.2
10664,Consultant,Consulting,0.36,5021.69,15.2,,1,5,4,1,1,1,35,Other,Mixed,Widowed,,13.5
10665,Manager,Consulting,2.82,2421.04,55.9,,4,5,6,2,1,1,60,Male,Black,Single,,12.8
10666,Analyst,HR,5.15,3440.86,20.6,Occasional,1,4,10,2,1,1,37,Female,Asian,Single,,24.3
10667,HR,HR,1.01,4987.59,2.6,Occasional,1,3,34,3,1,1,32,Female,Asian,Divorced,,15.9
10668,Consultant,Operations,0.82,4049.85,5.3,Occasional,4,2,29,4,1,0,62,Other,Mixed,Divorced,,14.9
10669,Developer,Consulting,4.64,2711.57,21.3,,2,1,43,4,1,1,44,Female,Black,Widowed,,10.8
10670,Consultant,Operations,0.17,4549.98,26.7,Occasional,5,5,45,1,0,0,41,Male,White,Divorced,Mental,12.1
10671,Developer,Finance,1.38,3142.23,17.7,,3,4,54,3,1,0,29,Male,Black,Single,,20.9
10672,Manager,Operations,2.11,6153.43,20.4,Occasional,2,4,0,3,0,0,18,Male,Asian,Married,,9.0
10673,Analyst,Technology,2.47,5853.81,18.1,,5,3,53,4,1,0,31,Female,White,Divorced,,7.5
10674,Consultant,Operations,3.91,4724.92,10.0,Occasional,1,2,15,2,1,0,49,Other,Mixed,Widowed,Physical,8.2
10675,Operations,HR,1.31,5633.21,18.1,Frequent,2,2,46,4,0,0,20,Male,White,Single,,11.6
10676,Operations,Finance,2.85,4077.75,3.9,Frequent,1,5,0,4,1,0,27,Male,Mixed,Divorced,Physical,25.2
10677,Finance,Technology,2.64,4918.52,13.0,,2,4,54,5,1,0,43,Female,Black,Single,,5.3
10678,HR,Operations,2.38,5773.26,25.4,Occasional,2,3,21,1,0,1,48,Other,White,Married,,19.0
10679,Manager,Finance,3.07,4294.6,8.0,Frequent,3,2,12,1,1,1,27,Other,Other,Single,,14.1
10680,Consultant,Finance,0.9,3693.78,14.0,Occasional,4,4,57,5,0,0,18,Male,Asian,Widowed,,10.8
10681,Operations,Technology,0.27,1954.45,19.1,Occasional,2,2,26,3,0,0,49,Other,Mixed,Divorced,,17.6
10682,HR,Operations,0.38,3900.24,53.7,Occasional,1,1,14,1,1,1,36,Male,White,Single,,12.8
10683,Operations,Finance,0.76,4988.11,34.4,Frequent,3,2,16,3,1,0,18,Female,White,Married,,18.2
10684,Consultant,Finance,2.08,5134.76,3.8,,2,2,8,2,0,0,43,Male,Other,Divorced,,17.4
10685,Developer,Consulting,5.51,4605.24,62.5,Frequent,4,4,4,3,1,1,22,Female,Black,Divorced,,13.3
10686,Consultant,Finance,3.62,3350.44,43.0,,1,2,58,1,0,1,43,Male,Other,Widowed,,17.3
10687,Finance,Consulting,4.67,1627.81,20.0,Frequent,3,2,22,3,0,1,55,Female,White,Married,,25.7
10688,Consultant,Operations,1.3,3405.74,30.5,Occasional,5,1,43,2,0,1,18,Female,Asian,Single,Physical,17.8
10689,Consultant,Operations,1.56,3634.79,9.0,Occasional,4,2,48,5,0,1,47,Other,White,Married,,20.3
10690,Finance,Operations,1.5,3624.49,16.6,Occasional,5,2,42,1,1,0,29,Male,White,Married,,7.6
10691,Manager,HR,0.64,4742.27,8.5,Frequent,5,4,10,2,1,1,53,Female,White,Married,Mental,13.2
10692,Consultant,Operations,0.19,6382.81,26.5,Frequent,3,3,23,4,1,1,53,Male,Other,Single,,8.7
10693,Finance,Finance,2.68,4148.24,75.2,,3,1,7,5,0,1,41,Female,Other,Divorced,,9.6
10694,HR,Technology,13.59,3739.92,12.5,Frequent,3,2,46,5,0,0,59,Male,Mixed,Married,,6.7
10695,Developer,Consulting,0.55,3688.93,15.3,,5,3,56,1,0,1,42,Other,Mixed,Single,,1.5
10696,Developer,HR,0.14,4149.26,17.1,Frequent,1,4,33,2,1,0,25,Male,Mixed,Divorced,,8.3
10697,Consultant,Operations,4.54,3006.05,13.0,Occasional,3,1,53,4,0,0,29,Male,White,Widowed,,14.4
10698,Manager,Operations,0.87,4144.24,25.4,Frequent,4,4,41,2,0,0,44,Male,Mixed,Single,,7.1
10699,Manager,Technology,5.31,4540.97,36.2,Occasional,3,3,52,3,1,1,29,Male,Mixed,Married,,22.2
10700,HR,Technology,3.65,4251.62,10.7,Frequent,3,1,30,1,0,1,49,Female,Black,Married,,15.9
10701,Consultant,HR,8.74,4549.05,16.9,,3,2,21,3,1,1,52,Other,Other,Single,,1.2
10702,Developer,Consulting,1.58,4520.5,27.9,Frequent,5,3,13,3,0,1,33,Female,Mixed,Single,,4.3
10703,Manager,Operations,3.25,1873.72,7.9,Occasional,1,4,4,5,0,1,53,Male,Other,Married,,3.4
10704,Consultant,HR,1.88,4764.24,5.7,Frequent,3,1,58,5,0,0,47,Male,Asian,Single,,12.0
10705,Operations,Finance,2.99,3194.78,10.6,,5,3,16,3,1,1,54,Female,Black,Married,,8.8
10706,Manager,Finance,1.79,2684.99,28.9,,4,3,17,2,1,0,49,Male,Asian,Single,,7.2
10707,Finance,HR,0.63,2674.66,7.5,,1,4,18,1,0,0,32,Other,Other,Widowed,Mental,7.5
10708,Operations,Operations,2.13,4520.25,11.2,,5,4,6,1,1,0,38,Male,Other,Divorced,,13.6
10709,Manager,HR,2.26,3732.91,17.0,Frequent,2,2,25,2,0,1,57,Other,Asian,Widowed,Physical,17.0
10710,Developer,Operations,4.99,1981.64,19.2,,4,2,24,3,0,0,46,Male,Mixed,Single,,16.8
10711,Analyst,Technology,3.99,4573.65,15.3,Frequent,4,3,17,1,0,0,47,Other,Black,Widowed,,21.3
10712,Operations,HR,3.27,2272.47,17.3,Frequent,2,4,43,5,0,0,42,Female,Other,Widowed,,8.2
10713,HR,Operations,0.36,4167.79,4.3,Frequent,5,3,14,4,1,0,37,Female,White,Divorced,,19.0
10714,HR,HR,3.83,4286.2,10.2,,5,5,28,5,0,0,27,Male,Black,Single,,12.1
10715,Developer,HR,2.08,5062.69,30.4,,4,4,45,2,1,1,48,Male,Asian,Widowed,,5.1
10716,Manager,Operations,6.74,6138.02,9.5,Frequent,5,5,41,4,1,0,18,Female,Other,Widowed,,28.8
10717,Consultant,Operations,7.57,2362.39,19.6,Frequent,2,5,48,1,0,1,27,Other,Other,Single,Mental,13.9
10718,Manager,Consulting,0.17,3937.03,18.2,Frequent,5,4,0,1,0,0,35,Female,Asian,Divorced,,5.6
10719,Developer,HR,5.16,3668.4,28.3,Occasional,4,2,3,4,1,0,53,Male,White,Widowed,Mental,6.9
10720,HR,Finance,0.12,4520.5,31.2,Occasional,5,3,8,1,0,1,30,Female,White,Married,Other,12.6
10721,Manager,HR,1.37,4258.8,37.3,,1,1,35,4,1,0,49,Female,Other,Divorced,,24.5
10722,HR,HR,2.34,3576.94,45.2,Occasional,2,1,50,3,1,1,39,Male,Mixed,Single,,25.1
10723,Operations,Operations,0.48,3470.92,7.6,Frequent,2,4,57,2,0,0,23,Male,White,Married,,8.5
10724,Consultant,HR,4.11,2660.26,2.0,Frequent,3,2,31,5,0,0,50,Male,White,Married,,15.8
10725,Operations,HR,0.03,5185.43,12.5,,5,2,23,4,0,0,18,Female,Mixed,Widowed,,5.5
10726,HR,Finance,0.55,4551.05,7.1,,2,2,56,4,0,1,20,Other,White,Widowed,,21.8
10727,HR,Operations,2.61,5101.32,8.6,Occasional,5,1,36,3,1,0,22,Female,Mixed,Single,,22.1
10728,Analyst,HR,3.76,3627.52,24.7,Frequent,1,5,17,5,0,0,44,Other,Asian,Widowed,,7.2
10729,Analyst,Technology,7.45,3211.8,35.8,,4,1,14,3,0,1,29,Other,Black,Divorced,,17.4
10730,Operations,Consulting,3.67,2706.02,20.0,,4,2,19,3,0,0,50,Other,Black,Married,,7.4
10731,Finance,Finance,3.34,4430.7,9.9,Occasional,3,1,57,2,1,0,58,Male,Asian,Divorced,,6.1
10732,Operations,HR,1.5,2752.25,20.8,,3,1,39,1,1,1,44,Male,White,Married,,19.8
10733,Analyst,Technology,0.0,6218.4,29.0,Occasional,2,3,1,5,1,1,30,Male,Black,Single,,16.7
10734,HR,HR,0.38,2430.83,4.3,Frequent,2,4,24,3,0,0,63,Other,Asian,Married,,28.8
10735,Developer,HR,2.29,4328.39,13.2,Occasional,2,5,12,1,1,0,28,Other,Black,Widowed,,11.2
10736,Operations,Operations,3.37,5880.23,14.1,,1,3,26,1,1,0,28,Other,White,Single,Mental,40.5
10737,HR,Operations,1.62,4718.91,15.0,Occasional,3,4,12,1,1,1,53,Female,Mixed,Single,,17.3
10738,Developer,Operations,3.94,4210.81,8.0,Occasional,3,2,27,1,0,1,58,Other,Asian,Single,Mental,12.1
10739,Developer,Technology,2.21,2837.82,21.1,Frequent,4,3,45,2,1,0,21,Male,Black,Married,Mental,10.9
10740,Analyst,HR,0.23,2341.88,22.6,Occasional,3,4,14,2,0,0,61,Female,White,Divorced,,23.0
10741,Operations,Consulting,0.64,4924.06,7.5,,3,3,28,3,0,0,35,Other,Black,Widowed,,17.3
10742,Manager,Finance,5.5,5807.38,41.8,,1,1,20,1,1,1,35,Male,White,Divorced,,21.1
10743,Consultant,Operations,3.87,3473.38,5.9,Frequent,2,1,43,3,1,0,45,Other,White,Married,,37.7
10744,Analyst,Operations,6.75,2633.13,9.6,Frequent,1,3,30,4,1,0,23,Male,White,Divorced,,7.7
10745,Analyst,HR,0.38,1500.0,5.3,Frequent,5,3,22,2,1,1,60,Male,White,Divorced,,4.3
10746,Manager,HR,13.88,2823.08,4.6,,4,5,36,2,1,0,22,Male,Asian,Divorced,,14.6
10747,Consultant,Technology,0.7,3863.61,18.5,Occasional,4,2,2,5,0,1,28,Other,Mixed,Single,,15.9
10748,HR,Technology,0.04,5918.95,9.5,,4,1,49,4,0,0,22,Male,Asian,Married,,7.3
10749,Finance,Operations,17.88,4807.76,31.3,,2,3,34,2,0,0,26,Other,Black,Married,,10.9
10750,Operations,HR,0.99,4366.1,8.1,Frequent,2,4,13,1,0,1,40,Male,Asian,Widowed,Physical,15.6
10751,Finance,Consulting,3.31,3519.86,9.7,Frequent,2,2,1,1,0,0,28,Other,Asian,Widowed,,15.0
10752,HR,Finance,0.58,3300.2,28.5,Occasional,4,4,49,1,1,1,32,Female,Black,Single,,24.6
10753,Analyst,HR,2.6,5686.78,6.5,Occasional,4,2,12,3,0,1,42,Male,Mixed,Married,,24.0
10754,Consultant,HR,7.03,4240.89,11.5,Occasional,4,4,1,2,1,0,34,Other,Asian,Widowed,Physical,33.5
10755,Analyst,Technology,1.16,1500.0,41.4,Occasional,5,1,11,3,1,1,43,Other,White,Widowed,,8.9
10756,Developer,Finance,3.33,3191.75,0.9,,5,3,26,2,1,0,31,Other,Asian,Single,,9.0
10757,Analyst,Operations,0.62,2970.14,4.4,Occasional,4,3,33,5,0,0,56,Male,Black,Widowed,,14.3
10758,Analyst,HR,2.94,3344.48,46.3,,2,5,39,3,1,1,26,Female,Mixed,Widowed,,23.8
10759,HR,Operations,1.23,4675.49,22.9,,2,3,4,2,0,0,44,Male,Asian,Widowed,,20.8
10760,HR,HR,0.71,3871.07,21.0,Occasional,5,1,24,5,0,0,52,Male,Asian,Widowed,,19.5
10761,HR,Operations,1.13,3907.76,4.4,Occasional,5,2,10,2,0,0,44,Female,Black,Divorced,,19.7
10762,Finance,Finance,0.59,5576.17,18.0,,4,2,12,4,1,0,33,Female,Other,Single,Physical,8.3
10763,Developer,Technology,6.97,3164.25,7.6,Frequent,4,3,27,3,1,1,39,Female,Other,Single,,6.6
10764,HR,Finance,1.52,6237.04,31.9,Occasional,2,4,20,1,0,1,47,Male,Asian,Divorced,,6.3
10765,Consultant,Consulting,0.84,3194.43,33.0,Frequent,3,3,48,5,1,0,43,Female,White,Widowed,,17.5
10766,Finance,Technology,1.78,4107.04,10.4,,2,2,55,5,0,1,56,Female,Asian,Married,,6.4
10767,Manager,Finance,1.16,3662.56,24.2,Frequent,2,5,47,1,0,1,56,Female,Other,Widowed,,14.9
10768,Consultant,Consulting,4.09,4148.1,21.8,,4,2,50,5,0,0,50,Male,Asian,Divorced,,10.5
10769,Operations,HR,10.64,4533.51,15.1,Frequent,3,4,25,1,1,1,57,Female,White,Widowed,,7.8
10770,Operations,HR,1.73,4520.6,7.8,Frequent,3,4,26,1,0,1,18,Male,Mixed,Single,,9.1
10771,Consultant,Operations,5.92,3096.26,11.6,Frequent,4,5,25,2,0,1,29,Female,Asian,Widowed,Mental,11.6
10772,HR,Technology,2.5,2652.5,31.1,,1,4,14,3,0,0,34,Female,Black,Married,,26.1
10773,Manager,HR,0.51,7003.81,41.8,,4,3,49,4,0,0,42,Other,White,Single,,8.2
10774,Manager,Technology,3.52,3419.22,12.5,,5,3,5,5,0,0,46,Other,Asian,Widowed,Physical,25.1
10775,Finance,HR,2.16,4839.05,44.7,Occasional,3,2,3,2,0,1,59,Male,Other,Widowed,,12.0
10776,Manager,Operations,3.15,2070.83,22.9,,4,1,3,4,0,0,45,Other,Asian,Married,Other,17.6
10777,Operations,Finance,6.61,3664.46,15.6,Occasional,2,3,29,4,1,1,36,Other,Other,Widowed,,12.3
10778,Developer,Operations,1.74,3847.36,14.2,,2,3,12,5,0,0,58,Other,Black,Divorced,,32.2
10779,HR,Consulting,6.94,4567.38,8.3,Occasional,2,5,8,5,0,0,27,Male,Mixed,Married,,15.8
10780,Manager,HR,4.17,1500.0,25.4,Frequent,4,3,41,2,0,0,28,Female,Other,Divorced,,8.0
10781,Finance,Consulting,2.01,4199.37,50.0,Frequent,1,2,13,5,0,1,27,Male,Asian,Married,,20.7
10782,Operations,Consulting,2.77,2620.31,15.1,,5,5,27,4,0,0,47,Other,Black,Single,,5.1
10783,Developer,Technology,1.18,4389.21,7.0,Occasional,2,3,39,5,0,0,24,Male,White,Married,,17.9
10784,Analyst,HR,12.33,2756.4,28.5,Frequent,4,2,2,2,0,1,22,Male,Asian,Married,,8.9
10785,Analyst,Consulting,3.3,2973.42,12.0,Frequent,1,5,40,2,0,1,45,Male,White,Divorced,,8.2
10786,Developer,Finance,0.13,3671.65,8.2,Occasional,3,1,28,2,1,0,37,Female,Other,Divorced,,12.8
10787,Operations,Consulting,1.19,2737.2,4.1,,3,2,32,5,0,1,49,Female,Black,Married,,13.5
10788,Finance,Finance,2.93,3429.36,24.8,Frequent,5,3,14,3,0,1,29,Other,Mixed,Single,,6.0
10789,Developer,Technology,0.17,2567.95,37.3,,4,5,46,2,0,0,22,Female,Asian,Married,,11.0
10790,HR,Consulting,0.07,1800.2,5.5,,4,1,59,3,1,0,47,Other,Black,Widowed,,20.0
10791,HR,Operations,1.79,5221.55,13.0,Occasional,2,2,38,1,0,0,50,Female,Black,Married,,12.8
10792,Analyst,Technology,1.21,2444.74,14.0,Occasional,1,1,14,2,0,1,27,Other,Mixed,Single,,41.0
10793,Manager,Finance,1.73,3785.58,8.7,Frequent,5,2,6,3,1,1,56,Male,Other,Divorced,,8.2
10794,Finance,Technology,0.91,4903.47,43.9,Occasional,1,3,44,3,0,0,44,Other,Mixed,Widowed,,19.1
10795,Analyst,Consulting,0.54,3262.07,3.9,Frequent,5,2,11,4,1,1,29,Female,Mixed,Married,,27.8
10796,Manager,HR,3.51,3009.8,23.1,Frequent,4,3,49,3,1,0,19,Other,Mixed,Married,Physical,9.9
10797,Manager,HR,2.17,4271.49,26.4,Frequent,4,2,38,4,1,0,47,Female,White,Married,Mental,6.5
10798,HR,Finance,0.67,5341.52,8.7,,5,5,6,3,1,0,58,Male,Asian,Divorced,,4.8
10799,Operations,Finance,1.16,2596.82,6.9,,1,2,46,3,0,1,22,Male,Mixed,Single,,15.4
10800,Consultant,HR,2.69,3819.82,10.0,Occasional,3,2,40,1,0,0,54,Female,Asian,Widowed,,23.4
10801,Operations,Finance,0.22,1921.01,2.6,Occasional,3,4,5,3,0,0,31,Other,Mixed,Single,,13.7
10802,Consultant,Technology,0.48,3528.16,10.7,Frequent,2,4,25,5,0,0,43,Male,Other,Single,,28.7
10803,Developer,Operations,0.23,4041.05,12.0,Frequent,2,2,58,5,0,0,25,Other,Other,Married,,25.1
10804,HR,Operations,5.02,2974.45,57.0,,1,4,57,5,0,1,48,Male,Mixed,Widowed,,5.9
10805,Manager,Technology,4.19,3451.61,3.1,,4,3,8,1,0,1,20,Male,Black,Widowed,,9.9
10806,Finance,Operations,4.2,2310.13,15.0,Frequent,1,4,50,3,0,0,45,Other,Asian,Divorced,,24.2
10807,Consultant,Consulting,3.78,4092.49,29.0,Frequent,5,2,23,1,1,0,31,Female,Other,Widowed,,49.2
10808,Operations,Technology,3.32,5266.83,51.0,Occasional,3,1,51,3,1,1,28,Female,White,Single,,7.8
10809,Manager,Finance,1.94,2683.43,3.6,Frequent,2,1,29,4,0,0,46,Female,Black,Married,,14.5
10810,Consultant,Technology,3.08,3252.79,55.9,Frequent,1,2,15,1,0,1,57,Female,Other,Married,,13.4
10811,Consultant,HR,0.12,4603.06,13.0,Frequent,1,2,47,5,1,0,29,Other,Black,Married,,8.7
10812,Consultant,Finance,2.91,5454.51,13.1,,5,1,26,5,0,0,60,Other,Asian,Single,,8.8
10813,Finance,HR,4.51,2208.17,5.6,,4,5,32,5,0,0,26,Male,Black,Divorced,,9.9
10814,HR,Finance,2.08,3797.46,17.6,Occasional,4,4,22,3,0,0,53,Male,White,Divorced,Physical,10.0
10815,Finance,Operations,1.33,4339.76,56.1,Occasional,3,5,44,3,0,1,36,Male,Black,Widowed,Physical,1.6
10816,Analyst,Technology,0.97,3877.53,17.3,Occasional,2,3,18,1,0,0,24,Other,Other,Married,,14.1
10817,Manager,Consulting,3.09,1500.0,7.9,Frequent,4,1,35,2,1,0,34,Male,White,Married,Mental,14.1
10818,HR,Finance,3.54,4601.31,9.4,Frequent,4,1,18,3,0,0,40,Other,Asian,Married,,13.3
10819,HR,Finance,6.14,5823.2,9.8,,4,5,21,2,1,0,29,Other,Other,Married,,9.1
10820,HR,HR,1.26,4139.99,46.3,Frequent,1,3,41,2,0,0,24,Other,Asian,Married,,5.9
10821,Operations,Operations,4.41,2762.67,53.3,Frequent,4,5,44,3,1,0,42,Male,Mixed,Widowed,,15.6
10822,HR,HR,2.47,3384.25,3.9,,5,3,32,1,0,0,31,Female,Other,Divorced,,47.8
10823,Finance,HR,6.43,6123.9,6.1,Occasional,3,2,44,2,0,0,48,Other,Black,Divorced,Mental,42.8
10824,HR,Operations,2.25,5091.96,6.8,Frequent,4,2,9,1,0,1,42,Male,Asian,Single,,3.9
10825,Developer,Consulting,2.19,4768.03,10.4,,2,1,46,1,1,1,28,Male,Black,Married,,27.5
10826,Manager,HR,2.59,4427.7,60.3,,1,2,31,3,1,1,28,Female,White,Divorced,,15.2
10827,HR,HR,4.15,3206.64,55.3,Occasional,5,5,14,2,0,0,24,Other,Asian,Divorced,,10.6
10828,Manager,Finance,10.03,3759.31,16.6,,3,3,38,1,0,1,60,Other,Asian,Widowed,Other,30.8
10829,Developer,Operations,0.23,3906.49,11.5,Occasional,1,1,57,2,1,0,20,Male,White,Widowed,,9.5
10830,Developer,Technology,0.16,4659.49,1.9,Occasional,5,2,45,1,1,0,32,Other,White,Single,,15.9
10831,Manager,Consulting,8.32,5810.7,19.5,Occasional,1,1,7,3,1,1,20,Female,White,Single,Mental,27.1
10832,Consultant,Consulting,2.26,5342.01,17.8,Occasional,3,1,50,1,0,0,58,Other,White,Divorced,,16.4
10833,Analyst,Operations,2.86,2296.74,5.4,Occasional,3,3,24,3,0,0,34,Male,Mixed,Single,Mental,25.5
10834,Operations,Finance,1.98,4268.79,22.6,,4,5,17,3,0,0,61,Other,Asian,Divorced,,17.5
10835,Consultant,Finance,0.3,4884.12,32.3,Frequent,2,5,14,2,0,0,24,Other,Mixed,Widowed,,10.8
10836,Consultant,Operations,4.38,4742.63,5.3,Occasional,4,4,57,2,0,1,28,Other,Mixed,Single,,26.9
10837,Finance,Finance,4.13,3244.92,10.9,Occasional,1,5,58,2,0,0,63,Other,Black,Divorced,,7.1
10838,Operations,Consulting,1.12,7496.93,31.2,Frequent,4,2,25,4,0,0,37,Male,Asian,Divorced,,6.0
10839,Operations,Consulting,1.1,2467.5,9.0,Frequent,3,4,40,2,1,0,18,Male,Asian,Widowed,Mental,9.9
10840,Consultant,Technology,5.46,2700.17,10.5,Occasional,3,4,43,2,1,0,49,Other,Asian,Divorced,,12.1
10841,HR,Operations,0.23,4280.31,11.1,Frequent,3,4,20,1,0,1,55,Male,Asian,Married,,18.7
10842,Finance,HR,6.39,6540.16,23.3,Occasional,4,4,21,4,0,0,38,Male,White,Married,,10.9
10843,Finance,HR,0.89,2996.57,35.5,,5,5,45,4,0,0,48,Male,Other,Divorced,,9.4
10844,Developer,Technology,2.7,3681.01,48.9,Frequent,4,4,33,1,1,0,34,Other,Black,Single,,34.5
10845,Operations,Technology,8.25,5292.75,33.8,Frequent,4,2,36,2,0,0,42,Other,Black,Married,Physical,12.4
10846,Consultant,Finance,3.4,3978.57,16.5,,4,2,53,5,0,1,58,Other,White,Married,,8.7
10847,Developer,Technology,1.61,3598.48,26.4,Frequent,4,1,36,3,0,1,50,Other,Mixed,Married,,24.2
10848,Manager,Technology,3.51,4678.76,5.0,,3,2,13,4,0,1,29,Female,Other,Married,,8.2
10849,Analyst,HR,1.26,4327.02,65.6,Occasional,2,1,3,1,0,1,45,Other,Black,Single,Mental,13.2
10850,Finance,Finance,0.97,5236.53,8.2,Frequent,4,2,23,5,0,0,43,Other,Mixed,Widowed,,22.7
10851,Manager,Technology,17.13,5549.76,25.0,Frequent,4,4,1,3,1,0,53,Other,Asian,Single,,15.9
10852,Manager,Technology,4.17,4368.4,18.6,,2,3,0,5,0,0,25,Female,Other,Widowed,,25.0
10853,HR,Finance,3.1,4350.08,4.4,Occasional,4,4,1,2,0,0,49,Other,Other,Married,,15.0
10854,Analyst,Operations,1.32,4256.93,8.3,Occasional,2,5,12,1,0,1,43,Female,Asian,Married,Other,5.9
10855,Manager,Finance,0.15,4586.96,37.2,,3,1,26,3,0,0,22,Female,Black,Single,Physical,13.7
10856,Manager,HR,0.09,4066.2,14.8,Frequent,5,3,51,3,0,0,60,Other,Other,Single,,10.1
10857,Analyst,Operations,2.42,3999.27,7.0,Frequent,4,2,16,2,0,1,55,Other,White,Widowed,,16.9
10858,Analyst,Consulting,4.31,5435.95,13.1,,5,4,56,2,0,0,30,Female,White,Single,,8.2
10859,Manager,Finance,2.31,5819.34,7.0,,4,1,44,2,1,1,36,Male,White,Divorced,,4.2
10860,Analyst,HR,5.51,2190.94,10.4,,1,1,16,1,0,0,23,Female,Other,Single,,15.7
10861,Manager,Operations,0.1,4012.03,3.4,Frequent,1,2,4,4,0,1,62,Female,Black,Married,,31.7
10862,Manager,Finance,1.37,3173.57,16.4,,3,1,23,5,1,1,23,Other,Mixed,Single,,28.5
10863,HR,Technology,0.81,3626.83,18.4,Occasional,5,2,56,1,1,1,33,Other,Black,Married,,18.5
10864,Consultant,Finance,1.78,4483.02,10.5,,5,2,56,1,1,1,46,Male,Mixed,Divorced,,15.6
10865,Manager,Consulting,0.23,4803.33,37.1,Occasional,2,4,7,5,0,0,35,Female,Other,Married,,10.4
10866,Developer,Finance,9.25,3865.45,11.1,Occasional,2,1,53,3,0,0,49,Female,Asian,Single,Physical,22.8
10867,Finance,Operations,0.76,1703.99,14.8,,4,5,53,5,0,1,46,Male,Mixed,Widowed,,3.9
10868,Operations,Operations,7.67,2841.95,10.0,Occasional,2,5,43,2,1,0,60,Male,Mixed,Divorced,,24.5
10869,Consultant,Finance,1.66,5075.8,12.0,Frequent,2,4,8,3,0,0,34,Female,Black,Divorced,,23.7
10870,Consultant,Operations,12.71,1500.0,27.2,,5,4,17,1,0,0,59,Female,Other,Single,,17.0
10871,Consultant,Technology,2.42,5424.91,5.1,Frequent,1,2,15,5,1,1,22,Male,Black,Divorced,Physical,12.8
10872,HR,Finance,8.01,4625.48,22.4,Frequent,5,5,50,1,1,1,49,Other,Other,Married,,3.7
10873,Manager,Technology,0.02,5579.41,8.9,Occasional,2,1,31,1,1,0,46,Female,Mixed,Widowed,,14.5
10874,HR,Technology,4.14,3761.72,5.4,Frequent,4,5,53,5,1,1,46,Female,Asian,Single,,6.8
10875,Manager,HR,7.0,1526.31,12.3,Frequent,1,4,39,1,1,0,59,Female,Other,Divorced,,10.8
10876,HR,Finance,0.45,4516.44,24.8,,2,4,38,4,0,1,20,Female,Mixed,Married,,28.5
10877,HR,Operations,0.3,5529.58,12.1,,2,2,55,4,0,0,21,Male,Asian,Married,,15.1
10878,Finance,Technology,1.66,5109.67,7.3,Frequent,4,1,52,1,0,1,61,Male,Black,Divorced,,9.5
10879,Developer,HR,8.14,3204.77,54.0,Occasional,4,4,40,3,0,0,42,Male,Black,Single,,16.8
10880,HR,Finance,2.35,4104.11,20.2,Occasional,2,1,53,3,0,0,39,Male,Other,Married,Other,13.1
10881,Finance,Finance,2.25,3360.6,16.9,,2,5,43,3,0,1,59,Male,Other,Divorced,,13.3
10882,Analyst,Consulting,0.46,3016.88,24.3,,5,2,45,3,0,0,28,Other,Other,Single,,30.3
10883,Developer,Consulting,0.0,5146.47,26.2,,3,5,31,4,1,1,25,Other,Black,Single,,15.9
10884,HR,Technology,4.98,2562.96,10.9,Occasional,4,4,41,3,1,0,44,Other,Other,Married,,7.9
10885,Operations,Consulting,0.27,2927.42,29.9,,4,4,47,5,1,0,61,Other,Mixed,Single,,10.6
10886,Consultant,Technology,3.01,2675.17,4.3,Frequent,5,1,1,3,0,0,63,Male,White,Widowed,,20.9
10887,Analyst,Operations,7.38,2211.7,25.4,Occasional,1,4,37,5,1,1,39,Male,White,Married,Mental,17.8
10888,Analyst,Technology,0.7,4175.7,11.5,Frequent,1,1,42,4,0,0,20,Other,Other,Single,,32.8
10889,Finance,Consulting,3.28,5393.8,37.9,,1,3,3,5,0,1,44,Male,Mixed,Widowed,,5.5
10890,Analyst,Operations,0.25,3778.15,10.9,Occasional,4,4,4,5,1,0,28,Male,Mixed,Widowed,,20.5
10891,Developer,Consulting,2.78,2193.1,33.2,,3,5,36,1,0,1,44,Female,Mixed,Married,,27.8
10892,HR,Technology,0.54,5007.93,20.7,Occasional,3,5,48,5,1,1,24,Female,Asian,Divorced,,8.6
10893,HR,HR,3.99,6022.84,29.1,,5,1,57,1,0,1,44,Other,Mixed,Single,,13.7
10894,Operations,Finance,1.08,3224.51,17.2,Occasional,1,3,36,3,1,0,64,Male,Black,Widowed,,1.8
10895,Consultant,Consulting,1.87,3425.73,2.9,Occasional,1,4,25,5,0,1,28,Female,Black,Married,,10.5
10896,Finance,Technology,2.74,4618.79,36.0,Occasional,2,2,42,5,0,1,42,Male,Mixed,Single,,10.2
10897,Consultant,Operations,0.56,5946.25,37.6,Frequent,5,2,8,2,0,1,56,Female,White,Divorced,,19.9
10898,Analyst,Consulting,4.06,3376.2,12.5,,5,5,14,3,0,0,33,Other,Asian,Single,,13.0
10899,Operations,Consulting,1.08,2401.06,9.2,,4,4,23,5,0,1,38,Male,Black,Divorced,,7.7
10900,Consultant,Finance,3.26,4757.7,30.8,Occasional,4,2,23,5,0,1,43,Male,Black,Single,,10.6
10901,Developer,Technology,0.52,4958.88,20.5,Frequent,5,1,34,2,0,1,44,Female,Black,Single,,11.9
10902,HR,HR,3.5,4007.36,14.4,Occasional,3,4,47,1,1,0,62,Other,Asian,Divorced,,8.0
10903,Analyst,Operations,0.41,3330.24,23.4,,5,5,40,3,0,0,34,Female,Mixed,Divorced,,32.4
10904,Operations,Technology,1.66,5193.25,12.4,,3,3,24,2,0,1,48,Other,Asian,Married,,8.0
10905,Consultant,Operations,0.85,4633.64,37.2,Occasional,4,1,25,3,1,1,31,Other,Mixed,Married,,22.7
10906,Finance,Consulting,4.14,3077.88,13.3,Occasional,5,1,22,3,0,1,40,Other,Other,Divorced,,9.7
10907,Developer,Finance,0.91,4058.91,30.8,Occasional,3,4,5,1,0,1,19,Male,Black,Widowed,,11.9
10908,Developer,Finance,6.4,2377.95,17.2,,2,3,40,1,0,1,43,Female,White,Single,,13.1
10909,Consultant,HR,6.67,4823.07,21.5,Occasional,2,1,26,4,0,0,43,Male,Asian,Divorced,,1.6
10910,HR,Finance,0.66,3685.32,52.9,Occasional,5,3,53,2,1,1,39,Male,Asian,Widowed,,7.8
10911,Consultant,Consulting,2.85,3477.15,11.2,,1,5,18,2,0,0,59,Male,Black,Widowed,,15.3
10912,Analyst,HR,0.28,3960.55,29.4,Occasional,5,1,30,3,1,0,45,Other,Black,Married,Physical,11.8
10913,Consultant,Technology,1.49,4048.37,44.9,Frequent,4,2,37,4,1,0,23,Other,White,Married,,11.7
10914,Developer,Finance,3.75,5073.92,28.6,,4,5,42,4,1,0,56,Other,White,Single,,4.9
10915,Operations,HR,3.23,4709.31,38.7,Occasional,2,5,31,3,1,1,36,Other,Black,Married,,18.8
10916,Consultant,Consulting,2.94,3812.31,18.6,Occasional,3,1,1,1,0,1,38,Other,Mixed,Single,Mental,8.7
10917,HR,Operations,1.0,4916.4,27.5,,2,2,17,4,1,1,59,Other,Black,Divorced,,11.4
10918,Operations,Operations,1.42,4480.88,33.1,,3,3,27,2,1,0,37,Male,White,Single,Mental,23.8
10919,Finance,Consulting,0.33,3488.08,16.9,Frequent,5,2,6,1,0,1,48,Other,Black,Married,,13.9
10920,Manager,Consulting,3.81,3850.34,8.2,Occasional,1,5,55,5,1,0,44,Female,White,Married,,31.6
10921,Consultant,Operations,2.1,3822.13,7.0,Occasional,4,1,22,4,1,0,32,Other,Other,Widowed,Other,14.9
10922,HR,HR,3.7,4606.31,49.0,Occasional,5,2,52,3,0,0,61,Male,Mixed,Married,,6.7
10923,Operations,Operations,0.86,3559.57,43.7,,2,2,35,2,0,0,48,Female,White,Widowed,,14.3
10924,HR,Consulting,1.18,3531.51,9.4,,5,5,23,4,0,0,26,Male,Asian,Married,,14.3
10925,Finance,Finance,1.22,6362.51,38.7,,1,3,27,3,1,1,34,Male,Asian,Widowed,,14.9
10926,Developer,Technology,0.08,5127.68,23.6,Occasional,3,2,24,2,0,0,36,Female,Mixed,Single,,7.3
10927,HR,Finance,1.25,3087.28,17.3,Occasional,1,2,38,4,1,0,49,Other,Mixed,Single,,4.5
10928,Operations,Finance,4.88,4685.13,9.1,,2,4,48,2,0,1,27,Male,Asian,Single,,16.5
10929,HR,Consulting,6.83,4142.02,15.5,Frequent,1,5,3,5,0,0,57,Male,Other,Widowed,,10.0
10930,HR,Operations,2.19,4469.86,7.6,Occasional,4,4,44,2,1,0,22,Female,Other,Single,,13.7
10931,HR,HR,1.82,4164.81,13.5,Frequent,1,5,51,3,1,0,30,Other,White,Divorced,,16.3
10932,Analyst,Finance,0.09,5427.57,7.5,,5,5,57,4,1,0,44,Female,Mixed,Single,,23.5
10933,Analyst,Operations,6.34,4414.74,4.8,Occasional,3,4,18,3,1,0,19,Female,Asian,Single,Mental,3.5
10934,Developer,HR,0.04,3925.49,39.4,Frequent,4,3,3,5,0,0,18,Male,Mixed,Widowed,,4.6
10935,Consultant,Finance,8.69,5250.63,14.7,Occasional,4,3,56,1,0,0,25,Other,Asian,Single,,22.3
10936,HR,HR,2.02,4279.94,22.1,Frequent,4,5,12,2,0,1,27,Male,Asian,Married,,27.4
10937,Finance,Operations,1.26,4145.77,10.7,Occasional,2,4,0,3,1,0,45,Other,White,Widowed,,7.3
10938,Consultant,Technology,7.74,4376.83,14.2,Frequent,2,2,33,4,1,0,22,Female,Mixed,Single,Physical,12.9
10939,Finance,Operations,0.07,3887.67,7.3,Frequent,5,5,6,4,0,0,19,Other,Other,Divorced,,15.9
10940,Consultant,Consulting,2.61,4011.07,49.3,,3,5,24,1,0,0,58,Male,Mixed,Widowed,,4.1
10941,Developer,HR,2.39,3295.97,31.7,,1,1,22,4,1,1,34,Other,Asian,Single,,14.7
10942,HR,Technology,0.74,3098.6,10.5,Frequent,5,3,29,5,0,0,50,Other,Other,Divorced,,11.7
10943,HR,HR,1.68,2801.72,7.2,Occasional,2,4,48,1,0,0,42,Male,Asian,Widowed,,15.4
10944,Manager,HR,3.17,2329.62,4.4,Frequent,5,2,6,5,0,0,22,Male,Mixed,Married,Mental,4.4
10945,Finance,Finance,3.9,2944.34,18.5,Occasional,3,2,53,2,0,1,45,Male,Asian,Married,,35.9
10946,Consultant,Consulting,0.0,3790.88,28.9,Occasional,5,5,44,5,1,1,35,Female,Black,Single,,7.6
10947,Consultant,HR,8.29,4123.74,26.9,Occasional,4,2,16,2,0,0,40,Male,Other,Divorced,,25.3
10948,Analyst,Operations,0.54,3674.44,11.8,Occasional,1,2,32,5,1,1,52,Female,White,Married,,14.2
10949,Manager,Operations,0.8,1500.0,14.1,,2,5,59,1,0,0,35,Other,Black,Divorced,,8.3
10950,Operations,Finance,0.92,5889.5,7.0,Frequent,2,3,1,2,0,0,28,Other,Asian,Married,,27.4
10951,Operations,Consulting,0.12,5303.78,8.2,Occasional,3,1,37,5,0,0,60,Male,Mixed,Widowed,,18.7
10952,Analyst,Consulting,0.39,4534.91,39.3,,3,3,43,5,0,0,60,Female,Asian,Married,,4.2
10953,Analyst,Operations,12.88,6288.99,2.9,Occasional,3,3,12,4,0,0,27,Female,White,Divorced,Physical,16.8
10954,Analyst,Technology,1.14,2827.16,2.5,Occasional,2,1,51,5,0,0,27,Female,Mixed,Divorced,,25.0
10955,Finance,Finance,0.37,6265.15,9.4,,4,5,51,4,1,0,53,Male,Other,Single,,10.1
10956,Finance,Finance,0.34,2841.74,48.9,,1,3,31,5,1,0,26,Male,Other,Widowed,,20.1
10957,Developer,Operations,3.81,4286.49,17.1,Occasional,3,4,21,3,1,1,59,Female,Asian,Married,Other,16.1
10958,Developer,Operations,5.78,2471.4,73.5,Frequent,2,4,8,4,0,0,30,Other,Black,Widowed,,16.6
10959,Analyst,Technology,0.89,4017.63,12.8,,4,1,16,1,1,1,40,Other,Mixed,Widowed,,3.3
10960,Manager,Technology,0.06,4463.4,27.6,Frequent,3,4,17,1,0,1,18,Male,Black,Divorced,Mental,3.8
10961,Consultant,Consulting,0.76,3814.37,35.7,Occasional,3,5,39,2,0,0,33,Male,Asian,Single,,12.3
10962,Finance,Finance,0.17,4856.65,64.9,Occasional,1,2,39,1,1,1,36,Female,Mixed,Widowed,,2.4
10963,Manager,Finance,0.33,4118.82,10.1,Occasional,1,5,26,2,0,0,29,Female,Other,Divorced,,11.8
10964,HR,Operations,1.69,3373.1,16.9,Occasional,5,1,10,1,0,0,22,Female,Other,Married,,8.7
10965,Finance,Consulting,0.78,3319.82,14.5,Occasional,3,2,53,4,1,1,22,Other,Asian,Divorced,,9.0
10966,Finance,Finance,2.18,4973.1,29.2,Occasional,5,4,53,3,0,1,24,Female,Mixed,Single,,11.3
10967,Developer,Consulting,0.88,3215.51,45.3,Frequent,2,3,27,2,0,1,61,Female,Asian,Divorced,,10.8
10968,Consultant,Consulting,8.47,5098.48,45.3,,1,4,7,3,1,1,31,Male,Other,Widowed,Physical,17.4
10969,Consultant,Operations,7.09,5467.25,10.0,Occasional,4,5,49,5,0,0,50,Male,White,Divorced,,3.4
10970,Operations,Consulting,2.51,1997.54,8.2,,3,5,17,5,1,0,23,Female,Black,Divorced,,9.8
10971,Operations,Technology,1.31,5359.51,27.0,Frequent,3,1,12,3,0,0,35,Male,Asian,Divorced,,15.5
10972,Operations,Technology,1.44,6472.51,6.2,Occasional,5,3,32,4,0,1,23,Female,White,Widowed,,21.4
10973,Operations,HR,1.59,4302.4,29.7,Occasional,1,3,14,3,1,0,47,Female,Other,Single,,15.9
10974,HR,Operations,3.9,4718.9,16.9,,5,2,21,3,0,0,29,Female,Asian,Married,Other,14.9
10975,HR,HR,1.8,5244.41,40.5,,3,2,37,3,0,0,52,Male,Other,Widowed,,5.7
10976,Finance,Technology,5.83,3669.42,36.2,,1,5,29,2,0,1,28,Female,Other,Married,,7.0
10977,Analyst,HR,8.65,4218.74,18.6,Occasional,3,1,5,2,0,1,21,Male,Asian,Married,,17.3
10978,Developer,Operations,1.23,2422.96,5.7,,1,5,44,3,0,1,30,Other,White,Widowed,,14.3
10979,Developer,Operations,2.47,4166.36,6.2,,3,3,58,4,0,0,18,Other,Asian,Widowed,,13.9
10980,Operations,Consulting,0.3,4597.73,17.6,Frequent,4,3,33,5,0,1,55,Male,Other,Widowed,,15.4
10981,Finance,Finance,0.67,4619.4,23.9,Occasional,5,5,54,5,0,0,46,Other,Mixed,Widowed,,9.9
10982,Manager,Consulting,1.6,5278.51,13.0,Occasional,1,3,18,5,1,0,31,Other,Other,Single,Physical,9.6
10983,Analyst,Operations,0.69,3070.24,7.6,Occasional,5,2,48,1,1,1,38,Other,Asian,Single,,14.6
10984,Finance,Technology,6.28,3360.87,13.4,,1,3,32,4,0,0,58,Female,White,Divorced,,22.6
10985,Analyst,Technology,0.52,6274.61,40.7,Frequent,1,2,13,2,0,1,48,Other,Other,Married,,13.1
10986,Analyst,Consulting,1.82,3819.61,13.4,,1,4,47,5,1,0,58,Female,White,Married,,27.1
10987,Analyst,Operations,2.79,4240.04,10.3,Occasional,3,1,46,2,0,1,24,Male,White,Widowed,,16.3
10988,Finance,Technology,3.53,3919.59,6.0,,2,1,40,2,0,0,32,Male,Black,Widowed,,13.1
10989,Operations,Operations,1.45,3013.98,16.0,Occasional,3,3,18,2,0,0,59,Other,White,Married,,59.5
10990,Developer,Technology,6.1,5948.24,36.4,,2,1,39,2,1,1,26,Female,Other,Widowed,,20.0
10991,Developer,Operations,2.52,3366.76,37.6,,3,4,14,3,0,0,46,Male,Other,Single,Physical,12.2
10992,Operations,HR,1.74,2647.26,8.5,Occasional,2,3,9,2,0,0,41,Male,Asian,Divorced,,32.1
10993,Analyst,Operations,0.21,3459.11,18.7,,1,2,54,1,1,0,32,Female,Asian,Divorced,,21.0
10994,Manager,Operations,1.87,1597.95,9.3,Occasional,1,4,1,2,1,1,38,Other,White,Married,Mental,8.2
10995,Consultant,Consulting,5.16,3218.46,12.5,,2,4,49,5,1,0,58,Male,Mixed,Single,,13.8
10996,Finance,HR,2.86,2838.25,15.8,,2,1,51,2,0,0,41,Other,Other,Single,,11.5
10997,Consultant,Finance,5.35,4740.91,11.2,,5,2,1,5,1,0,24,Other,White,Widowed,,21.4
10998,Operations,Consulting,2.04,3191.9,49.4,Occasional,1,5,20,2,0,1,41,Female,Asian,Widowed,Physical,19.8
10999,Manager,Finance,0.38,5065.36,10.2,,3,4,11,4,1,1,40,Other,Other,Widowed,,38.3
11000,Finance,Technology,0.04,5678.18,9.5,,5,1,9,3,0,1,42,Male,Black,Divorced,,27.5
11001,Operations,Finance,1.08,4937.41,8.5,Frequent,2,4,11,5,1,0,25,Female,Asian,Divorced,,22.7
11002,Analyst,Operations,3.59,3741.53,4.0,Frequent,3,2,38,1,0,1,51,Other,Black,Single,,30.0
11003,Developer,Finance,4.69,4169.34,50.4,Occasional,4,2,1,2,0,1,52,Female,Other,Single,,5.2
11004,Consultant,Consulting,1.05,2170.02,16.6,Occasional,4,3,56,5,0,0,39,Female,Mixed,Single,Physical,16.5
11005,HR,Consulting,2.05,3839.46,24.1,Occasional,4,5,0,3,0,0,51,Female,White,Widowed,,5.6
11006,HR,Finance,1.64,2967.47,21.9,Occasional,3,5,1,2,1,0,45,Other,White,Divorced,Physical,37.8
11007,Manager,Consulting,1.59,4833.19,10.9,,2,1,22,3,1,0,18,Female,Mixed,Widowed,,12.7
11008,Analyst,Consulting,0.79,7087.3,16.6,,3,5,27,1,1,0,61,Other,White,Widowed,,15.5
11009,Consultant,Finance,0.44,4599.79,28.1,Occasional,5,2,52,5,0,1,54,Female,White,Divorced,Mental,10.8
11010,Analyst,HR,0.66,1610.63,4.6,Occasional,5,5,16,1,0,0,47,Other,Black,Widowed,,18.9
11011,Consultant,HR,0.17,3566.52,12.3,Frequent,4,1,51,3,1,0,42,Female,White,Divorced,,11.2
11012,Manager,Technology,0.66,4146.99,14.1,Occasional,2,4,39,4,1,0,19,Other,Black,Married,Mental,14.2
11013,Manager,Consulting,0.03,4104.83,10.7,Frequent,5,5,20,4,0,1,45,Male,White,Single,,13.4
11014,HR,Finance,2.96,3123.02,10.5,Occasional,1,5,43,5,0,0,45,Male,White,Married,,26.8
11015,Analyst,Consulting,1.14,4294.35,19.1,Occasional,1,2,33,2,0,1,40,Female,Asian,Single,Mental,5.2
11016,Finance,Operations,10.85,2509.0,42.1,,4,2,8,1,0,1,55,Male,Mixed,Single,,17.0
11017,HR,Consulting,0.65,2866.11,23.3,Occasional,4,4,16,4,0,0,41,Other,Asian,Married,,7.2
11018,Analyst,Consulting,1.27,4774.96,8.3,Frequent,4,3,48,4,1,0,52,Male,White,Divorced,,10.6
11019,HR,HR,1.33,2781.2,83.5,,5,5,41,2,0,1,25,Other,Black,Widowed,,6.4
11020,Finance,Finance,0.03,4645.85,42.4,Frequent,2,2,44,1,0,0,53,Other,White,Married,,4.9
11021,Developer,Consulting,5.48,2356.64,11.3,Occasional,4,3,31,3,1,0,35,Male,Other,Single,,19.4
11022,Developer,HR,0.1,6117.79,42.8,,3,5,4,4,1,0,37,Male,Other,Divorced,,13.1
11023,Developer,Technology,8.45,3070.88,19.4,Frequent,4,5,13,5,1,0,21,Other,Other,Married,,6.3
11024,Developer,HR,6.68,3731.6,5.9,Occasional,5,3,45,5,0,0,25,Male,Other,Divorced,Mental,5.9
11025,Operations,HR,2.3,4396.74,39.2,Frequent,2,2,46,3,0,1,43,Male,White,Married,,15.7
11026,Consultant,HR,2.35,3321.58,8.3,Occasional,4,4,24,2,1,0,56,Female,Other,Married,,13.7
11027,Operations,Consulting,3.18,4172.09,24.1,Frequent,1,5,21,2,0,0,37,Other,Mixed,Divorced,,11.0
11028,Operations,Consulting,1.47,4690.43,18.6,Occasional,4,1,4,4,1,0,35,Female,White,Divorced,,11.2
11029,Operations,Technology,3.13,5152.74,25.5,Frequent,4,1,53,4,0,1,50,Other,Asian,Divorced,,26.7
11030,Developer,Operations,0.14,4949.8,52.9,,2,1,37,4,1,1,35,Male,White,Divorced,,10.5
11031,Finance,Operations,0.17,3793.83,16.4,Occasional,3,4,8,3,0,0,51,Other,Black,Married,,20.8
11032,Manager,Operations,1.83,3824.04,5.8,Occasional,4,5,30,3,0,1,36,Male,Mixed,Widowed,,10.4
11033,Manager,Technology,2.39,6818.93,9.4,Frequent,4,2,40,4,0,1,59,Female,White,Divorced,,15.4
11034,Consultant,Operations,6.56,5139.87,5.4,Occasional,5,2,20,2,1,0,50,Other,Asian,Married,Other,39.0
11035,Developer,Operations,0.33,2893.81,3.9,,2,4,35,1,0,0,38,Female,Black,Divorced,,18.9
11036,Developer,HR,5.19,4119.99,35.9,Frequent,5,5,0,4,0,0,24,Other,Black,Widowed,,32.7
11037,Developer,Consulting,0.71,3597.83,18.1,Frequent,4,3,21,2,1,1,31,Female,Asian,Married,,3.1
11038,HR,Consulting,1.5,3837.6,14.9,Frequent,4,3,22,2,0,1,50,Male,Asian,Widowed,,13.9
11039,Analyst,HR,1.14,2524.61,11.5,,1,5,22,5,1,0,21,Other,Asian,Married,,21.2
11040,HR,HR,1.53,3505.69,30.3,,5,5,14,1,1,0,60,Female,Asian,Married,,10.4
11041,Analyst,HR,0.49,6173.87,46.1,Occasional,2,2,45,4,0,1,19,Male,Other,Divorced,,25.9
11042,Developer,Consulting,2.1,4694.89,8.1,Frequent,4,4,0,1,0,1,57,Male,Mixed,Widowed,,14.4
11043,Developer,Operations,4.85,1500.0,23.4,,1,4,5,4,0,1,48,Other,Asian,Single,,9.2
11044,HR,HR,1.75,5460.07,34.2,Occasional,1,2,39,1,1,1,63,Other,Other,Widowed,,5.3
11045,HR,Technology,2.02,5307.56,20.1,,3,1,34,1,1,1,47,Other,White,Single,,26.6
11046,Analyst,HR,5.67,3568.86,28.6,,2,3,16,2,1,1,27,Female,Black,Widowed,,23.0
11047,Manager,Finance,3.67,4860.72,5.8,,1,5,22,1,0,1,38,Male,White,Divorced,,28.2
11048,Analyst,HR,2.02,2968.72,47.0,Occasional,2,3,19,1,0,1,40,Male,White,Widowed,,34.2
11049,HR,Consulting,0.89,3435.69,30.4,,4,3,27,4,0,0,54,Other,Other,Widowed,,3.1
11050,Finance,HR,6.49,5798.26,25.1,,3,4,36,2,1,0,25,Male,Other,Single,,16.0
11051,HR,Finance,2.58,3673.92,32.5,,2,2,17,1,1,1,27,Male,Asian,Single,,19.0
11052,Finance,Technology,0.75,1756.32,13.1,Frequent,3,1,6,2,1,0,42,Other,Asian,Widowed,,15.7
11053,Consultant,Operations,0.94,3924.04,6.8,,2,1,48,2,1,1,50,Male,Other,Divorced,,7.6
11054,HR,HR,4.88,3905.69,5.5,Frequent,2,2,46,3,0,0,34,Male,Mixed,Single,,28.4
11055,Consultant,Finance,0.14,5438.04,4.7,,5,3,19,4,0,0,41,Other,Asian,Divorced,,13.6
11056,Manager,Finance,14.52,4017.2,23.1,Frequent,3,2,23,3,0,0,59,Female,White,Single,,20.8
11057,Analyst,Technology,0.42,3494.1,12.0,,2,2,15,2,1,0,47,Other,Asian,Married,,14.8
11058,Finance,Consulting,4.77,5254.07,45.0,Frequent,5,5,12,1,0,0,18,Male,Asian,Married,,12.3
11059,Analyst,HR,1.51,4144.95,38.8,Frequent,5,5,27,4,1,1,34,Other,Mixed,Married,,25.9
11060,Consultant,Finance,2.03,3099.97,30.2,Frequent,3,3,6,5,1,1,45,Other,Other,Married,,3.8
11061,Finance,Technology,6.38,5386.0,25.7,,4,4,14,4,1,1,30,Male,Mixed,Married,,13.1
11062,Analyst,Operations,1.6,4232.39,9.3,Occasional,3,1,22,3,0,1,27,Male,Asian,Married,,17.5
11063,HR,Finance,2.31,4003.51,10.8,Frequent,2,5,22,4,0,0,18,Female,Mixed,Divorced,,11.1
11064,Developer,Technology,0.15,4213.49,9.3,Frequent,4,3,59,1,1,1,37,Female,Asian,Divorced,,27.1
11065,Consultant,Consulting,0.01,2715.2,6.6,Frequent,3,2,30,4,1,1,24,Male,Mixed,Single,,6.8
11066,Analyst,Consulting,0.84,3366.82,15.3,Frequent,3,5,4,5,0,0,49,Female,Black,Widowed,,4.3
11067,Consultant,Finance,3.42,4004.3,33.8,Frequent,3,2,26,3,0,1,38,Female,Black,Widowed,,13.3
11068,Operations,Finance,0.39,3766.4,14.5,Occasional,3,2,43,3,0,1,43,Other,Asian,Widowed,,17.5
11069,Consultant,HR,0.36,5526.91,8.9,,4,5,59,2,0,1,62,Other,Mixed,Widowed,,2.4
11070,Finance,Technology,1.59,4260.89,14.6,Occasional,2,3,9,3,1,0,24,Female,Asian,Married,Other,35.1
11071,Operations,Finance,3.13,5025.88,19.0,,5,1,50,5,1,0,55,Other,Mixed,Widowed,Physical,29.4
11072,Finance,HR,3.74,4011.27,11.1,Occasional,3,3,41,5,0,0,62,Other,Other,Married,,21.1
11073,Developer,HR,0.59,5267.55,15.4,,5,4,6,3,1,0,57,Male,Mixed,Widowed,,11.4
11074,Operations,Finance,0.25,4477.03,82.5,Frequent,5,4,55,4,0,1,58,Female,Mixed,Single,Physical,4.4
11075,HR,Consulting,8.46,4016.1,4.5,,5,1,31,5,0,1,62,Female,Asian,Divorced,,34.2
11076,Consultant,Technology,0.91,3984.06,1.9,,3,4,22,3,0,0,44,Male,Mixed,Married,Mental,14.6
11077,Analyst,Technology,5.76,2854.67,18.0,Frequent,3,2,53,3,1,0,51,Male,Asian,Divorced,,7.3
11078,Manager,Consulting,5.97,4608.3,22.4,Frequent,3,4,46,4,1,0,29,Male,Asian,Widowed,,12.6
11079,Consultant,Finance,4.44,3951.75,14.8,,3,5,8,3,0,0,29,Other,White,Divorced,,20.8
11080,Consultant,Technology,0.55,3397.61,7.2,,1,2,28,1,0,1,32,Male,Asian,Widowed,Physical,28.2
11081,Developer,Finance,5.17,5327.75,44.5,Frequent,2,3,26,2,0,0,37,Male,Mixed,Divorced,Other,12.2
11082,HR,Finance,4.4,2499.74,17.2,Occasional,1,1,37,5,0,0,27,Male,Black,Divorced,,29.3
11083,Manager,HR,2.72,3493.0,18.6,Frequent,4,5,20,4,0,1,63,Male,Other,Widowed,,7.9
11084,Operations,Consulting,1.23,5233.26,29.9,,1,5,42,4,0,0,43,Other,Mixed,Widowed,,21.2
11085,Operations,Finance,0.91,4378.63,14.3,,1,1,5,2,0,1,34,Female,Mixed,Married,Physical,10.4
11086,Operations,Operations,0.39,3942.57,13.3,,1,4,25,1,1,1,27,Male,Mixed,Divorced,,24.3
11087,Finance,Consulting,2.14,4301.2,44.5,Frequent,2,1,19,2,0,1,28,Male,White,Married,Physical,15.0
11088,Finance,Technology,2.64,4215.3,3.2,Frequent,5,1,14,3,0,0,34,Female,Black,Widowed,,15.5
11089,Analyst,HR,1.34,2180.0,21.5,Occasional,4,4,44,4,0,0,28,Female,Mixed,Widowed,,21.3
11090,Manager,Technology,1.94,3580.89,20.1,,4,3,37,3,0,0,32,Male,Asian,Single,,18.3
11091,Operations,Technology,1.36,5939.83,11.8,,2,1,19,4,0,1,21,Male,Black,Single,,25.2
11092,Finance,Consulting,3.07,3208.81,14.8,Frequent,1,4,52,4,1,0,42,Female,Black,Single,,18.5
11093,Analyst,Technology,6.95,3618.04,41.9,,5,5,14,3,0,0,53,Male,Mixed,Widowed,Mental,17.9
11094,HR,Finance,0.54,3350.06,8.3,Occasional,3,1,28,2,0,0,64,Other,Asian,Divorced,,5.5
11095,Analyst,Technology,1.44,3895.58,28.5,Frequent,2,1,5,5,0,0,48,Male,Black,Widowed,,13.5
11096,Finance,HR,0.46,3300.25,16.8,,5,3,15,5,0,0,63,Male,Other,Widowed,,4.8
11097,Developer,HR,2.94,4584.09,26.4,Frequent,2,3,0,2,0,0,46,Other,Asian,Single,,8.2
11098,Developer,Operations,3.92,4236.78,22.7,Frequent,2,5,5,1,1,0,48,Female,Black,Divorced,,12.3
11099,Operations,HR,8.06,4928.26,1.8,Occasional,3,3,15,2,0,1,26,Female,Black,Married,,6.9
11100,Developer,Technology,0.98,2738.87,8.1,Frequent,5,5,53,2,0,0,18,Female,Asian,Single,,17.4
11101,Operations,HR,9.0,3591.59,9.2,,1,1,32,2,0,0,20,Male,White,Widowed,,46.0
11102,Operations,Consulting,0.2,3729.13,7.1,Occasional,5,4,6,5,1,0,21,Female,Asian,Widowed,,4.9
11103,Finance,HR,2.77,4546.78,10.3,Frequent,5,3,59,4,0,1,36,Other,Other,Divorced,,9.3
11104,Developer,Finance,0.18,3048.13,18.6,,1,5,9,1,0,0,58,Other,White,Married,,8.9
11105,Operations,Consulting,6.73,5098.78,31.9,Frequent,3,3,52,1,0,1,39,Male,Mixed,Divorced,Physical,6.8
11106,Manager,Operations,2.26,5423.7,5.2,Frequent,5,3,7,1,0,0,25,Female,White,Divorced,,18.6
11107,HR,Finance,3.32,2813.35,16.9,Occasional,1,2,20,3,0,0,42,Female,Other,Married,,7.5
11108,Analyst,Technology,5.34,3410.95,20.7,Occasional,2,1,25,2,0,1,21,Other,Other,Married,,17.0
11109,Analyst,Technology,0.49,3361.68,36.2,Occasional,2,3,36,4,0,1,62,Female,Other,Single,,12.2
11110,Finance,Technology,0.12,7158.86,47.9,Occasional,1,4,17,4,0,1,31,Other,Black,Divorced,,5.6
11111,Developer,Finance,6.33,3484.12,14.3,,2,2,3,3,0,0,22,Male,White,Single,,5.3
11112,Developer,Finance,1.13,6013.15,7.3,Frequent,5,5,19,5,1,0,46,Other,Other,Divorced,,10.2
11113,Operations,Finance,0.41,2480.04,21.7,Occasional,1,5,47,3,1,1,38,Female,White,Divorced,,15.5
11114,Consultant,Consulting,1.9,2812.42,7.6,,5,4,41,3,1,0,32,Other,White,Single,,28.1
11115,Operations,Consulting,2.74,3176.07,20.4,Occasional,4,4,57,2,0,0,40,Female,Mixed,Single,,24.3
11116,HR,Technology,0.09,2985.17,8.9,Frequent,3,1,47,5,1,1,34,Male,Mixed,Divorced,,15.4
11117,Manager,HR,0.96,3678.52,24.3,Occasional,3,4,39,3,1,0,20,Other,Mixed,Widowed,,16.6
11118,Analyst,Technology,0.1,3149.47,9.4,Frequent,3,5,18,4,0,0,50,Male,Black,Married,,14.6
11119,Operations,Operations,1.64,3016.79,45.0,Frequent,1,1,32,2,0,1,44,Male,Black,Divorced,,19.3
11120,Consultant,Consulting,6.76,5390.17,16.8,,4,4,22,5,0,1,33,Other,Mixed,Single,Mental,24.0
11121,Consultant,Finance,12.16,5468.55,3.6,Occasional,3,4,8,4,1,0,23,Other,Other,Widowed,,9.0
11122,Operations,Consulting,3.04,5139.16,32.5,Occasional,5,5,37,1,0,1,58,Other,Asian,Divorced,Mental,13.9
11123,Finance,Finance,0.53,4628.8,14.4,Frequent,3,1,44,2,0,0,27,Male,Black,Divorced,,4.5
11124,Analyst,Operations,7.09,4111.29,25.6,Occasional,4,2,44,4,1,0,46,Other,Asian,Widowed,,9.0
11125,Finance,Operations,2.18,3403.56,33.0,Frequent,5,2,17,3,1,0,34,Female,Black,Married,,12.0
11126,Manager,Consulting,0.5,2856.21,17.5,,5,1,45,3,0,1,56,Female,White,Married,Mental,14.5
11127,Consultant,Finance,7.64,4435.59,4.8,Occasional,1,4,1,2,1,0,63,Female,Other,Married,,3.2
11128,Consultant,Operations,4.25,2591.64,18.8,Frequent,1,4,47,5,0,1,31,Female,Black,Single,,12.1
11129,HR,Technology,3.95,2807.29,41.0,Occasional,2,1,16,3,1,0,29,Male,White,Married,,2.2
11130,Manager,Technology,3.71,5383.5,15.5,Occasional,4,2,53,4,0,0,55,Male,Other,Widowed,Mental,22.5
11131,Consultant,Finance,0.67,6280.78,22.7,,5,3,15,1,0,0,46,Male,Black,Widowed,,4.7
11132,Manager,Consulting,0.71,4471.95,8.3,Frequent,4,5,45,5,0,0,31,Female,Other,Divorced,,17.9
11133,Analyst,Operations,3.5,5327.75,4.0,,3,1,44,2,1,0,25,Male,Black,Married,,21.6
11134,Developer,Consulting,0.74,3704.98,14.7,,3,3,47,3,1,0,57,Male,Mixed,Single,,15.2
11135,Consultant,Technology,1.73,2394.79,17.1,,2,5,23,5,0,0,57,Female,Black,Widowed,,3.5
11136,HR,Operations,4.57,4734.61,35.7,Frequent,5,3,30,1,0,1,34,Other,Black,Single,,17.0
11137,Analyst,Consulting,4.6,4683.15,18.0,Frequent,5,3,0,5,0,1,60,Male,White,Widowed,,17.8
11138,Operations,HR,1.81,4086.0,33.8,Occasional,2,5,27,5,0,1,56,Male,Mixed,Widowed,Mental,7.5
11139,Manager,Finance,4.71,3709.15,11.7,Frequent,3,3,48,2,1,0,40,Other,Asian,Widowed,,5.2
11140,Operations,Finance,5.47,5154.65,4.7,,5,2,32,1,0,1,24,Male,Other,Single,Other,27.2
11141,Finance,HR,3.19,2817.12,23.6,Frequent,4,1,41,1,0,1,29,Female,Asian,Widowed,,7.5
11142,Analyst,Technology,0.78,3071.46,43.9,Occasional,5,2,36,5,1,1,33,Other,Asian,Widowed,,65.9
11143,Operations,Operations,0.96,2790.27,10.4,,3,2,38,3,0,0,30,Male,Mixed,Widowed,,10.0
11144,Consultant,Finance,1.13,4101.97,26.2,Occasional,5,5,3,5,0,1,64,Male,Mixed,Single,,22.9
11145,Manager,HR,0.37,2694.53,26.9,Frequent,5,5,0,4,0,0,36,Male,Mixed,Widowed,,11.9
11146,Developer,HR,0.96,3178.91,14.2,Occasional,1,5,32,3,1,0,20,Male,White,Widowed,,9.4
11147,Analyst,Technology,0.71,3153.09,27.7,Occasional,5,3,9,2,0,0,60,Female,White,Married,,5.2
11148,Consultant,Technology,1.82,3687.27,21.7,Frequent,2,3,2,1,0,1,25,Other,Other,Widowed,,7.4
11149,HR,Consulting,7.17,2215.15,27.7,Occasional,2,1,36,3,0,1,57,Female,Mixed,Divorced,,14.1
11150,Finance,Finance,0.33,4104.65,24.6,Frequent,4,3,44,2,1,1,29,Female,Asian,Divorced,,4.4
11151,Manager,Consulting,3.82,5496.76,15.6,,5,1,20,5,1,1,48,Male,Other,Widowed,,16.0
11152,Analyst,HR,3.49,4162.59,17.1,Occasional,4,2,56,2,0,0,52,Male,White,Widowed,,10.8
11153,Analyst,Operations,0.3,5849.59,35.0,,3,1,8,4,1,1,37,Male,Black,Divorced,,26.9
11154,Developer,Operations,7.68,5600.8,18.7,Frequent,3,1,56,2,0,0,45,Other,Black,Divorced,,12.6
11155,Developer,Technology,2.52,4933.28,9.2,Frequent,1,5,39,3,0,1,19,Female,Other,Single,,29.3
11156,HR,Operations,1.36,4089.62,14.4,Occasional,1,3,42,1,0,1,44,Female,White,Divorced,Other,6.0
11157,Finance,Operations,4.24,4027.0,22.6,Occasional,5,4,56,3,1,0,20,Female,Other,Single,,6.3
11158,HR,Operations,0.89,4916.56,33.5,Frequent,5,4,23,3,0,0,38,Other,White,Divorced,,11.3
11159,Consultant,HR,3.55,3530.0,4.0,Frequent,4,5,45,1,1,0,24,Male,Mixed,Widowed,,21.0
11160,Consultant,Operations,0.12,1740.98,13.8,,4,2,7,4,0,0,50,Male,Black,Widowed,,25.1
11161,HR,Operations,5.49,4590.4,31.8,,5,2,23,3,1,1,62,Other,Asian,Divorced,,10.6
11162,Finance,Operations,1.78,2642.72,8.2,Occasional,5,2,23,1,0,0,63,Other,Mixed,Divorced,,6.4
11163,HR,Consulting,3.04,2845.43,8.3,Occasional,1,1,52,1,1,0,50,Male,Asian,Divorced,Mental,4.7
11164,Finance,HR,0.75,4000.27,16.9,Occasional,1,3,9,3,0,0,53,Female,Other,Divorced,,9.3
11165,Finance,Technology,3.39,3885.85,3.7,Occasional,1,2,34,1,0,1,34,Male,Black,Widowed,,7.8
11166,Operations,Consulting,4.44,2305.51,52.0,Occasional,5,4,3,5,0,0,23,Other,Asian,Single,,7.3
11167,Manager,Finance,1.92,4198.59,22.4,Occasional,4,1,56,3,0,1,38,Other,Other,Married,,7.7
11168,Finance,HR,2.88,5159.37,26.1,Occasional,2,2,54,4,1,1,55,Male,White,Married,,13.0
11169,Developer,HR,1.83,2645.99,36.7,Occasional,2,2,43,5,0,0,51,Female,Mixed,Single,,24.3
11170,Finance,Finance,6.74,5526.98,71.7,,4,3,8,4,0,0,29,Other,White,Divorced,,7.2
11171,Finance,Finance,2.07,2127.8,15.7,Frequent,4,3,10,3,0,0,29,Other,Mixed,Single,,15.2
11172,Finance,Finance,5.53,6540.79,3.9,Frequent,4,1,42,2,1,1,35,Other,Black,Widowed,,5.1
11173,Operations,Technology,4.85,3506.49,21.0,Occasional,1,4,47,1,0,0,23,Male,Asian,Single,,8.6
11174,Operations,Operations,1.59,4174.74,8.7,Frequent,3,5,12,5,0,0,30,Male,White,Married,,10.1
11175,Consultant,HR,0.78,1729.56,6.0,Occasional,5,4,26,3,1,0,48,Other,White,Single,,14.0
11176,Operations,Operations,1.56,3925.44,11.2,,1,3,29,1,1,1,42,Male,Asian,Divorced,,19.0
11177,Developer,Operations,5.25,4274.18,15.4,Occasional,2,3,45,2,1,1,41,Female,Asian,Single,,6.6
11178,Developer,Finance,0.77,3896.61,37.1,,5,5,38,4,0,1,59,Male,Other,Married,Mental,10.0
11179,Operations,Technology,2.23,3324.3,52.9,,4,4,11,3,0,1,28,Other,Mixed,Divorced,,35.0
11180,HR,Consulting,4.92,2864.12,6.8,,2,4,55,3,1,1,50,Female,Other,Widowed,,17.4
11181,Manager,Technology,1.31,5356.63,11.9,Occasional,4,5,59,2,1,1,38,Male,White,Married,,11.6
11182,Operations,Operations,3.08,4036.97,25.3,,4,3,18,4,1,0,56,Other,Asian,Divorced,,12.8
11183,Finance,Technology,0.85,5848.9,27.8,Occasional,4,1,39,3,0,0,41,Other,Black,Divorced,,18.9
11184,Analyst,Finance,0.35,3368.22,7.5,,5,4,3,1,1,0,61,Female,White,Widowed,,13.3
11185,Manager,Consulting,4.75,3478.25,31.8,,2,2,53,2,1,1,37,Male,White,Married,,24.5
11186,Manager,Finance,0.31,4978.71,9.2,Frequent,2,4,48,3,1,1,64,Male,Mixed,Married,,13.4
11187,Developer,Consulting,0.95,2052.43,7.2,Occasional,4,4,33,4,0,0,26,Male,Other,Single,,16.8
11188,Manager,Operations,5.8,2543.84,24.5,Frequent,1,4,22,5,0,1,48,Male,Mixed,Single,,4.9
11189,Operations,Consulting,1.28,5316.98,37.8,,3,3,53,3,0,1,45,Female,White,Divorced,Physical,11.1
11190,Finance,Consulting,10.84,2593.68,21.0,Frequent,1,2,44,4,1,1,55,Other,Asian,Divorced,Mental,15.6
11191,Finance,Consulting,11.7,1817.14,18.5,,5,4,25,2,0,1,22,Other,Black,Divorced,,12.1
11192,Consultant,Technology,0.94,6242.23,15.7,Frequent,3,1,59,4,1,0,54,Other,Mixed,Divorced,,11.7
11193,Finance,Technology,0.13,2327.42,17.7,Frequent,1,2,52,4,0,0,58,Male,White,Widowed,,8.5
11194,Finance,Operations,3.66,4220.94,14.0,Occasional,2,5,6,2,0,0,51,Male,Other,Single,,12.8
11195,Developer,Consulting,1.8,4082.9,25.0,Occasional,1,1,17,5,0,1,27,Male,Mixed,Widowed,,17.5
11196,Finance,HR,0.32,1500.0,17.7,Frequent,4,5,41,1,1,0,49,Male,White,Widowed,Mental,16.4
11197,Consultant,Operations,3.69,3679.22,68.8,Frequent,5,4,3,5,1,0,54,Other,Other,Single,Physical,28.6
11198,Analyst,Consulting,0.1,4538.1,21.6,Occasional,1,3,52,1,0,1,34,Other,Other,Married,Physical,29.7
11199,Operations,Consulting,6.13,4425.17,14.1,,1,4,7,1,0,0,53,Female,Black,Single,,19.7
11200,Developer,Technology,0.45,5084.22,6.9,,3,4,21,1,0,0,53,Female,Asian,Widowed,,26.6
11201,Analyst,Operations,0.41,3535.01,7.7,,4,5,53,3,0,0,30,Male,Black,Divorced,,14.7
11202,Developer,Consulting,0.58,4855.01,22.3,,3,4,52,5,0,0,37,Female,Other,Single,Physical,19.6
11203,HR,Consulting,9.68,3172.81,10.8,Frequent,5,1,25,4,0,0,55,Other,Mixed,Widowed,Physical,10.7
11204,Manager,Operations,3.54,2307.44,19.2,,5,3,12,3,1,1,36,Other,Asian,Widowed,,30.8
11205,HR,HR,4.85,2442.73,39.3,Frequent,4,5,45,2,0,0,39,Other,Other,Divorced,,15.5
11206,Finance,Operations,1.52,2245.47,5.6,Frequent,3,2,52,2,1,0,33,Other,Asian,Married,,19.4
11207,Analyst,Operations,1.23,5211.5,14.8,,4,4,16,1,0,0,23,Male,Mixed,Widowed,,16.9
11208,Finance,HR,0.8,2182.51,4.1,,3,5,43,3,0,1,28,Male,White,Widowed,,24.9
11209,Manager,Operations,1.97,4328.85,19.8,,2,4,35,3,1,1,27,Female,White,Married,,1.7
11210,Developer,Consulting,2.41,3680.89,4.6,Occasional,4,4,40,2,0,0,48,Male,Other,Widowed,,8.9
11211,Manager,Operations,3.0,3876.82,5.5,Frequent,5,5,46,4,0,0,35,Female,Other,Single,,22.8
11212,Consultant,HR,0.89,5636.33,48.9,,3,1,14,5,0,1,49,Other,Black,Single,Mental,13.3
11213,Manager,Finance,8.91,3473.89,9.9,Occasional,2,2,17,5,1,1,58,Female,Other,Widowed,,4.9
11214,Consultant,Operations,0.56,4733.92,7.2,Frequent,5,4,26,1,0,0,59,Male,White,Widowed,,20.2
11215,Manager,Technology,10.11,4045.08,39.1,Frequent,3,1,5,1,0,1,64,Male,White,Married,Mental,34.4
11216,Operations,Consulting,0.04,3817.58,7.2,Frequent,2,4,33,1,1,0,41,Other,Black,Divorced,,17.9
11217,Consultant,Consulting,1.97,6759.96,21.4,,5,4,40,2,0,1,63,Male,Mixed,Single,,16.9
11218,Analyst,Technology,1.22,2270.39,21.8,,5,1,4,2,0,0,33,Other,Asian,Married,,10.1
11219,Finance,Technology,1.79,5546.96,30.4,Frequent,2,4,56,5,0,1,46,Male,White,Divorced,,30.9
11220,Finance,Operations,2.54,4787.69,6.1,Frequent,5,2,11,1,1,0,56,Other,Asian,Single,,15.0
11221,HR,Technology,1.72,3424.57,8.2,Occasional,3,5,28,3,1,0,42,Female,Other,Single,Mental,18.2
11222,Finance,Finance,1.61,5955.18,10.0,Occasional,3,1,57,4,1,0,57,Female,Other,Widowed,,6.1
11223,Developer,HR,3.96,1782.27,8.5,Frequent,5,3,36,2,1,0,42,Other,Mixed,Divorced,,11.3
11224,Operations,Technology,3.47,3373.88,29.0,Occasional,1,4,11,1,0,0,57,Female,Asian,Widowed,,19.3
11225,Manager,Technology,5.37,2549.82,21.9,Frequent,2,5,24,1,0,0,62,Male,White,Married,,4.3
11226,HR,Finance,0.86,4494.5,24.3,Occasional,1,2,46,2,1,0,36,Other,Black,Divorced,,12.4
11227,Developer,Consulting,2.82,2664.32,3.9,Frequent,3,2,33,5,1,0,27,Female,White,Divorced,,24.9
11228,Developer,Consulting,2.64,4519.68,19.4,,5,3,10,5,1,0,18,Female,Asian,Widowed,,19.5
11229,Consultant,Operations,1.38,3776.28,43.4,Frequent,4,2,22,5,1,1,44,Male,Asian,Single,,23.2
11230,Finance,Finance,2.0,3424.78,63.1,,4,5,23,5,0,1,39,Female,White,Single,,9.5
11231,Analyst,HR,1.13,4466.38,11.4,Frequent,1,3,50,3,0,0,45,Female,White,Widowed,Other,12.8
11232,Analyst,HR,0.46,3677.65,30.9,,1,1,48,1,0,0,52,Other,Mixed,Married,,17.7
11233,HR,Finance,0.72,2693.64,8.4,Occasional,1,3,17,5,0,0,20,Male,Other,Widowed,,10.4
11234,Operations,HR,0.33,7361.65,4.1,,3,1,9,5,0,0,55,Female,Mixed,Divorced,Mental,9.1
11235,Analyst,Consulting,3.45,3415.4,4.3,Occasional,3,2,4,4,0,0,43,Other,White,Single,,10.1
11236,Manager,HR,3.24,1500.0,39.5,Frequent,5,5,30,4,0,1,61,Female,White,Married,,7.3
11237,Analyst,HR,9.02,2989.48,12.1,Occasional,3,4,24,1,0,0,22,Other,Black,Divorced,,9.7
11238,HR,Finance,3.92,2479.27,10.2,Occasional,5,3,52,2,0,0,27,Male,Other,Widowed,,19.3
11239,Analyst,Finance,0.16,4991.37,28.3,Occasional,5,2,16,5,1,0,24,Male,Black,Single,,4.3
11240,Manager,HR,6.47,4385.98,5.3,Frequent,1,5,27,3,0,0,47,Male,Other,Married,Mental,13.9
11241,Consultant,Technology,5.96,4478.46,23.6,,4,4,0,4,1,0,42,Female,Other,Single,,19.2
11242,Operations,Finance,1.76,3555.97,14.0,Occasional,1,3,44,5,0,1,59,Female,Asian,Married,,9.3
11243,HR,Operations,2.64,3664.78,59.2,Frequent,3,5,1,2,1,1,51,Other,Other,Widowed,,9.8
11244,Consultant,Operations,11.2,3554.88,11.8,Occasional,2,2,48,3,0,1,64,Male,White,Married,,8.1
11245,Consultant,Consulting,2.28,3902.57,14.9,,3,3,46,4,0,0,38,Male,Other,Divorced,,15.7
11246,Consultant,HR,7.07,5002.4,4.3,Occasional,4,3,39,2,1,1,46,Other,Mixed,Single,,19.6
11247,Developer,Technology,0.26,4403.29,65.3,Occasional,3,1,1,2,0,1,34,Other,Asian,Married,,20.4
11248,Operations,Consulting,0.64,4600.14,12.5,Occasional,4,1,59,3,1,1,53,Female,Black,Divorced,,16.2
11249,Finance,HR,1.74,4599.47,50.5,,2,3,26,3,0,0,57,Male,Other,Single,,19.1
11250,Operations,Finance,2.64,5061.33,3.0,,2,5,7,4,0,1,38,Female,Black,Widowed,,29.6
11251,Developer,Operations,5.08,4345.78,20.5,Frequent,5,2,26,3,0,0,51,Other,White,Divorced,,1.9
11252,Finance,Technology,13.33,4430.62,60.7,Occasional,3,4,36,5,0,0,33,Male,Black,Divorced,,13.0
11253,Operations,Operations,1.48,5426.57,9.9,Occasional,5,1,16,3,0,0,63,Other,Other,Single,,27.0
11254,Consultant,Finance,0.15,3201.94,19.5,Occasional,1,2,3,2,1,1,61,Other,Black,Widowed,,12.3
11255,HR,HR,4.85,2973.11,40.4,Occasional,1,3,43,3,1,1,26,Male,White,Married,,7.1
11256,Finance,Finance,2.78,2576.89,12.7,,1,2,49,4,1,1,61,Female,Other,Divorced,,21.3
11257,Manager,Finance,0.66,4219.5,4.1,,1,2,37,5,1,0,20,Other,Black,Single,,39.8
11258,Manager,Operations,2.05,1775.52,11.2,Occasional,1,2,30,3,0,1,40,Other,Black,Single,,4.4
11259,Analyst,Technology,4.07,4554.58,20.7,Occasional,3,3,4,5,0,1,30,Other,White,Single,,26.0
11260,Finance,Finance,4.41,3868.97,20.5,Occasional,5,1,59,3,1,0,55,Female,Mixed,Married,,6.9
11261,HR,Operations,2.08,5361.57,27.2,Occasional,5,4,24,5,0,1,51,Female,Mixed,Single,Mental,12.1
11262,Developer,Technology,1.09,3193.7,8.1,Frequent,4,5,27,3,1,0,47,Female,Asian,Married,,19.9
11263,Consultant,HR,10.92,3756.02,57.6,Frequent,1,1,18,3,0,1,56,Male,White,Widowed,,12.9
11264,Analyst,HR,3.27,5346.64,8.3,Occasional,2,4,36,1,0,0,43,Female,Mixed,Married,,19.4
11265,Manager,Consulting,1.57,5659.76,17.7,Occasional,4,3,41,2,0,0,49,Other,Black,Single,Physical,13.6
11266,Developer,Operations,0.99,3183.82,21.3,Occasional,4,4,22,4,0,0,37,Other,White,Single,,21.5
11267,Developer,Technology,3.94,4218.14,19.8,Frequent,3,3,56,4,0,0,63,Male,Black,Divorced,,8.4
11268,Consultant,Finance,0.83,4353.3,6.2,,4,4,50,1,0,0,55,Female,Black,Married,,19.2
11269,Finance,HR,0.57,4448.38,41.1,Frequent,2,1,35,3,0,1,26,Male,Asian,Divorced,Mental,12.9
11270,Manager,Technology,2.26,3684.91,10.7,Frequent,5,3,44,2,0,1,56,Other,Asian,Married,,10.8
11271,HR,Operations,1.03,5537.66,22.6,Occasional,4,2,12,5,0,0,33,Female,Other,Single,,6.0
11272,Developer,Consulting,2.97,1732.36,19.3,Occasional,3,3,16,1,0,1,62,Male,White,Divorced,Physical,5.3
11273,Consultant,HR,0.38,3494.64,19.3,,1,3,49,4,1,1,55,Female,Mixed,Divorced,,14.9
11274,HR,Technology,3.19,4537.52,3.7,Occasional,2,4,50,4,1,0,21,Female,Asian,Widowed,,7.4
11275,Finance,Technology,1.0,4548.67,10.0,Occasional,1,3,29,4,1,0,29,Other,White,Widowed,,5.1
11276,Manager,Technology,0.0,5623.31,22.5,,4,4,57,3,0,0,43,Other,Asian,Single,,30.7
11277,Finance,Operations,0.41,5437.87,4.0,Occasional,5,1,54,5,0,1,27,Other,Mixed,Single,Mental,11.8
11278,Developer,Operations,8.14,3657.35,14.0,Occasional,3,3,22,5,1,0,33,Male,Asian,Divorced,,10.6
11279,HR,Operations,6.06,5559.85,18.1,Occasional,2,2,48,5,0,0,18,Male,Other,Widowed,,3.4
11280,HR,Finance,0.8,3143.15,26.3,Frequent,5,2,56,3,0,0,29,Male,White,Single,,14.3
11281,HR,Technology,4.52,5117.06,17.8,Occasional,2,1,2,4,0,0,39,Female,White,Single,,22.1
11282,Developer,HR,2.81,6172.63,14.3,Frequent,3,2,12,4,1,0,46,Female,Black,Widowed,,14.7
11283,Developer,Operations,10.61,5457.93,20.0,Occasional,3,4,31,3,0,1,36,Other,Other,Widowed,,28.2
11284,Finance,Operations,1.4,4126.92,13.7,Occasional,4,3,44,2,0,0,47,Female,Asian,Married,,23.3
11285,Analyst,Technology,3.43,3601.87,7.8,Frequent,2,5,34,3,1,1,45,Female,Black,Single,,10.3
11286,Finance,Operations,0.2,2165.69,11.1,Frequent,4,3,1,3,0,1,38,Other,Asian,Widowed,,13.0
11287,Manager,Finance,1.51,4372.65,22.3,Occasional,2,3,46,4,1,0,35,Male,Other,Married,,23.1
11288,Consultant,Finance,9.96,2661.74,14.4,,2,5,2,5,0,0,58,Other,Black,Widowed,,3.6
11289,HR,Operations,2.32,3048.24,77.7,Occasional,1,2,53,4,1,1,41,Female,Mixed,Married,,9.4
11290,Analyst,Technology,1.02,2571.11,5.9,Frequent,4,2,47,2,1,0,43,Other,White,Single,,13.5
11291,Consultant,Technology,0.38,3447.53,21.8,Occasional,2,3,28,1,0,1,53,Female,Other,Widowed,,22.0
11292,Analyst,Technology,3.65,3966.44,24.3,Occasional,2,2,9,1,0,0,60,Other,Other,Widowed,,20.3
11293,Operations,Consulting,3.11,4328.34,17.5,Frequent,3,4,19,3,0,0,33,Female,Asian,Single,,8.9
11294,Finance,Operations,1.4,3279.39,13.0,,1,4,33,1,1,1,49,Female,Mixed,Divorced,,21.2
11295,Developer,Technology,9.04,5283.14,16.4,,3,5,14,5,0,0,19,Other,Mixed,Married,,35.7
11296,HR,Finance,0.07,3750.15,16.5,Frequent,4,3,39,4,1,0,26,Female,Other,Married,,20.5
11297,Finance,HR,1.09,3054.73,46.6,Frequent,4,4,44,2,1,1,35,Female,Other,Widowed,,13.1
11298,Consultant,HR,7.62,4271.55,2.7,Occasional,2,1,0,2,0,1,63,Female,White,Single,Other,19.8
11299,Operations,Technology,1.16,6356.26,7.6,Frequent,5,2,25,2,1,0,62,Other,Mixed,Single,,7.1
11300,Operations,HR,0.87,4402.19,20.1,Frequent,3,3,55,4,0,1,36,Male,Other,Divorced,,3.3
11301,Operations,HR,2.29,3564.57,34.3,Occasional,4,4,31,5,1,0,55,Male,White,Single,,19.6
11302,Consultant,Consulting,5.21,2167.05,8.1,Occasional,2,5,1,2,0,0,29,Other,Asian,Single,,20.2
11303,Consultant,Finance,0.33,3736.71,6.3,Occasional,2,4,31,1,0,1,30,Other,Mixed,Divorced,,15.2
11304,Consultant,Finance,8.6,4281.91,14.9,,3,1,40,5,1,0,52,Male,Black,Married,,16.8
11305,Consultant,Consulting,4.76,3534.9,7.7,,2,4,28,5,1,1,27,Other,Black,Single,,20.0
11306,Operations,Consulting,0.6,2001.54,15.0,Frequent,1,3,51,5,1,1,39,Female,Other,Single,,17.7
11307,Operations,HR,3.73,2979.32,7.8,Occasional,5,5,19,2,0,0,27,Other,Other,Married,,15.9
11308,Analyst,Operations,1.46,5745.45,26.6,Frequent,3,5,22,5,1,1,52,Male,White,Married,,17.6
11309,Finance,HR,1.54,5720.8,8.0,Frequent,3,1,50,2,0,1,62,Female,Other,Divorced,,10.9
11310,HR,Consulting,4.59,2936.03,3.3,,3,3,11,1,0,1,33,Male,Other,Married,,1.8
11311,Developer,Finance,9.87,4807.31,26.7,,2,1,43,1,1,1,53,Male,White,Single,,9.0
11312,Operations,HR,0.41,2585.71,16.6,Frequent,2,1,9,1,1,1,28,Female,Black,Married,,24.1
11313,Developer,Operations,1.64,5685.18,11.8,Occasional,3,1,18,1,0,0,34,Male,White,Widowed,,9.4
11314,Finance,HR,1.97,4294.28,12.1,,3,4,51,5,1,0,42,Male,Mixed,Divorced,,27.5
11315,Finance,Technology,1.42,5139.57,18.1,,1,2,9,5,0,1,18,Male,Mixed,Single,,14.0
11316,Developer,HR,1.35,1941.89,6.3,,4,4,18,2,0,0,29,Male,Other,Divorced,Other,9.7
11317,Operations,Consulting,0.16,4813.16,4.6,Frequent,1,3,25,1,0,1,20,Other,Other,Divorced,,17.0
11318,Developer,Finance,3.47,3990.79,8.0,,3,1,23,3,0,0,26,Male,Black,Divorced,,22.3
11319,Analyst,Finance,1.72,5022.31,13.0,Occasional,2,1,8,1,1,0,36,Other,Black,Divorced,,27.7
11320,Manager,Consulting,0.65,5097.84,7.5,,2,2,28,4,1,0,36,Male,Asian,Divorced,,27.5
11321,Operations,Technology,5.08,4078.94,46.4,Frequent,3,5,28,3,1,1,37,Male,Mixed,Married,,4.0
11322,Operations,Consulting,4.87,3279.0,8.0,Frequent,4,1,36,4,1,0,28,Other,Mixed,Divorced,,10.9
11323,HR,HR,2.0,4935.64,17.1,Frequent,5,4,27,3,0,1,41,Female,Asian,Divorced,,11.7
11324,Consultant,Consulting,1.06,3927.81,23.3,Frequent,5,1,2,2,1,1,39,Female,Asian,Divorced,,12.7
11325,Manager,Consulting,3.05,2952.66,37.2,Occasional,1,3,22,5,0,0,18,Female,Mixed,Widowed,,28.0
11326,Finance,Technology,1.02,2895.82,51.3,Frequent,4,2,50,2,0,1,61,Male,Other,Single,,17.7
11327,Operations,HR,0.81,2227.4,64.6,,5,5,53,3,0,0,60,Female,Mixed,Divorced,,8.8
11328,Developer,Operations,3.93,3387.65,36.0,Occasional,4,3,58,1,0,0,27,Male,Asian,Widowed,,10.1
11329,Manager,Operations,0.12,5323.23,32.3,Frequent,2,4,3,2,1,1,28,Male,Black,Single,,8.7
11330,HR,Finance,0.3,4213.4,6.7,Frequent,2,3,54,3,0,0,25,Female,White,Married,,6.0
11331,Finance,Consulting,0.02,3364.28,24.3,Occasional,4,1,13,1,0,1,34,Other,Black,Divorced,,13.7
11332,Consultant,Finance,0.5,4965.83,13.6,,3,2,37,5,0,0,23,Other,Black,Divorced,,19.6
11333,Consultant,Technology,0.21,3001.03,13.7,Occasional,5,1,12,3,1,0,24,Other,Asian,Widowed,,12.5
11334,HR,Operations,16.42,4114.42,11.9,,5,2,27,4,0,0,48,Other,Mixed,Divorced,,3.9
11335,HR,Consulting,1.02,3784.44,6.6,,2,4,38,4,0,0,54,Female,Asian,Married,,16.1
11336,Developer,Technology,0.48,4934.96,10.4,Frequent,1,3,43,4,0,0,21,Female,Asian,Single,,16.4
11337,Operations,Technology,0.83,2107.33,7.6,Occasional,5,2,59,1,0,0,24,Female,Other,Widowed,,4.3
11338,Consultant,Consulting,8.25,2979.76,2.7,Occasional,2,3,19,1,1,0,33,Female,Other,Widowed,,13.3
11339,Finance,Technology,2.2,2034.11,41.1,Frequent,2,2,27,2,0,0,42,Other,White,Divorced,,10.1
11340,Manager,Consulting,1.36,3688.48,16.9,Frequent,4,1,59,1,1,1,53,Male,Other,Married,,8.9
11341,Finance,Consulting,6.2,5453.71,17.4,,4,2,31,3,0,1,52,Female,White,Married,,13.2
11342,Analyst,HR,1.51,3393.46,15.7,Frequent,4,2,13,4,0,0,31,Female,Black,Divorced,,17.6
11343,Analyst,Finance,1.22,3387.18,34.1,Occasional,1,5,12,5,1,1,53,Other,Black,Single,,16.5
11344,HR,Technology,0.7,5046.07,18.6,Frequent,5,4,10,4,1,0,26,Other,Asian,Single,,10.8
11345,Developer,Technology,1.42,5282.26,42.0,Frequent,1,1,37,3,0,1,28,Female,Black,Widowed,,8.1
11346,Analyst,HR,1.14,3893.71,26.0,Frequent,1,1,57,5,1,1,18,Male,Other,Married,,5.2
11347,Consultant,HR,3.39,4821.66,8.9,Frequent,4,3,38,2,1,0,26,Female,Other,Married,Mental,9.1
11348,Finance,HR,1.03,2707.65,37.8,Frequent,2,2,41,1,0,1,42,Other,Other,Single,,12.7
11349,Finance,Operations,2.58,5653.57,21.1,,3,2,55,3,0,0,57,Other,Mixed,Single,Mental,31.1
11350,HR,Operations,0.2,6578.45,15.4,Frequent,2,2,57,1,0,1,32,Other,Other,Widowed,,24.8
11351,Operations,Operations,0.64,4625.46,31.5,Frequent,2,1,14,2,1,1,41,Other,Asian,Widowed,,8.8
11352,Operations,Consulting,1.57,1500.0,17.0,Occasional,2,5,8,5,0,0,25,Other,Asian,Married,,9.6
11353,Manager,Technology,8.29,3330.12,27.6,Frequent,2,3,2,3,0,1,46,Other,Black,Widowed,,6.9
11354,HR,Finance,1.42,4735.39,5.7,Occasional,1,2,4,5,0,1,24,Female,White,Widowed,,26.3
11355,Manager,Consulting,3.27,3494.22,17.3,Occasional,4,5,27,3,0,0,63,Male,Mixed,Single,,29.8
11356,Operations,Technology,0.88,5526.64,9.5,Occasional,4,4,41,2,0,0,35,Male,White,Divorced,,19.3
11357,HR,Technology,0.41,4705.79,63.1,Occasional,2,1,14,2,1,1,20,Other,Mixed,Single,,10.9
11358,HR,HR,0.18,3152.23,40.1,,3,4,2,2,1,0,64,Female,Asian,Single,,13.3
11359,HR,HR,1.09,4038.72,19.5,,5,1,52,1,1,0,41,Female,Asian,Single,,6.5
11360,Operations,Consulting,0.51,2927.4,37.7,Occasional,2,3,49,4,1,0,37,Other,Mixed,Divorced,,12.7
11361,Manager,HR,0.57,3780.9,9.6,,2,4,34,5,0,1,48,Other,Black,Divorced,,5.9
11362,Manager,Technology,4.29,3334.49,11.5,,3,3,6,3,1,1,43,Other,Other,Divorced,Other,7.8
11363,HR,HR,0.05,5409.71,2.1,Frequent,1,3,29,5,0,0,55,Female,Other,Married,Mental,7.6
11364,Analyst,Operations,2.45,6539.21,26.6,,2,3,23,4,1,1,64,Female,White,Divorced,,21.8
11365,Developer,HR,1.43,2282.57,1.9,Occasional,3,4,52,1,1,0,63,Male,Asian,Single,,9.1
11366,Operations,Technology,2.12,1692.14,10.5,Occasional,1,4,30,1,1,1,60,Male,Other,Single,,8.6
11367,Developer,Consulting,2.48,3705.79,5.5,Occasional,1,4,13,4,0,1,25,Male,Asian,Married,,3.4
11368,Developer,Finance,1.13,2177.9,33.5,Occasional,2,2,15,3,1,1,49,Male,Asian,Widowed,,8.6
11369,Manager,HR,1.05,4055.45,59.2,Frequent,1,3,50,4,1,1,25,Male,Asian,Married,,3.6
11370,Manager,Technology,3.97,4898.72,29.7,,2,2,3,1,0,0,22,Other,Other,Single,,16.4
11371,Analyst,Finance,6.15,5792.97,26.1,Occasional,2,1,2,1,1,1,33,Female,Other,Single,,35.6
11372,Developer,Finance,0.64,4241.67,19.6,Frequent,4,4,34,5,1,0,44,Male,Other,Divorced,,16.0
11373,Developer,Operations,0.31,3768.21,18.4,Occasional,5,5,8,3,0,0,56,Other,Mixed,Married,,11.6
11374,HR,Finance,6.84,1625.94,8.2,,5,1,3,3,0,1,18,Female,Other,Divorced,Physical,19.6
11375,Manager,Technology,1.29,4031.42,3.8,Frequent,4,3,53,1,0,1,22,Male,Asian,Widowed,,12.7
11376,Developer,Technology,2.4,4085.54,18.1,,2,3,18,4,1,1,20,Other,Asian,Divorced,,15.2
11377,Finance,HR,1.34,4766.75,21.3,Frequent,3,2,23,1,1,1,62,Male,White,Divorced,,34.8
11378,Analyst,HR,0.4,3149.81,21.2,Occasional,1,4,59,5,0,1,34,Male,Black,Divorced,,18.1
11379,Finance,HR,2.67,3477.94,23.5,Occasional,4,4,10,4,0,0,50,Female,Mixed,Widowed,,6.1
11380,Finance,Finance,2.23,2226.4,28.1,,4,1,14,1,0,1,36,Other,White,Divorced,,16.7
11381,Operations,Finance,0.68,1500.0,17.5,,4,1,35,3,1,1,21,Female,Mixed,Single,,20.4
11382,Operations,Operations,1.8,2669.8,7.5,Frequent,4,1,30,5,1,1,30,Male,Mixed,Widowed,,23.7
11383,Analyst,HR,4.78,2115.61,23.0,,5,5,7,1,0,0,60,Male,Asian,Divorced,,18.5
11384,Finance,Consulting,2.68,4404.05,26.9,,2,5,1,1,0,0,43,Male,Asian,Married,,11.8
11385,Developer,Operations,0.31,3378.24,13.2,Occasional,4,3,56,2,0,1,58,Female,Asian,Married,,15.9
11386,Manager,Consulting,2.38,3354.12,26.9,Occasional,4,3,49,4,0,0,48,Male,Asian,Divorced,,8.2
11387,Analyst,Finance,3.64,2818.7,18.2,Occasional,4,3,2,2,0,1,52,Other,White,Married,,20.7
11388,HR,Operations,4.72,1500.0,6.5,Occasional,3,4,2,3,0,0,33,Male,Black,Married,,22.4
11389,Finance,Operations,2.98,5809.97,72.5,Occasional,3,3,20,4,1,0,41,Female,Black,Widowed,,7.4
11390,Analyst,Technology,0.5,2799.68,12.6,Occasional,1,2,50,5,0,1,47,Male,White,Widowed,,3.2
11391,Consultant,Finance,3.72,3505.1,7.0,Occasional,2,1,11,4,0,0,34,Other,Black,Single,,2.7
11392,Consultant,Finance,3.39,2254.13,9.4,Frequent,4,4,55,1,0,0,30,Other,Other,Widowed,,14.8
11393,Operations,Operations,0.07,5166.32,1.3,Occasional,1,5,13,1,1,1,55,Female,Other,Single,Physical,21.9
11394,Manager,Finance,1.59,4172.11,13.5,Occasional,1,1,57,1,0,1,24,Male,Other,Divorced,,10.2
11395,Developer,Operations,1.21,3008.36,41.5,Occasional,2,3,22,4,1,0,26,Female,Asian,Widowed,,12.9
11396,Manager,Technology,3.32,3529.32,19.4,Occasional,3,5,58,1,0,1,38,Other,Other,Single,Mental,14.0
11397,Manager,Operations,0.73,6013.82,8.6,Occasional,2,5,12,1,1,0,47,Female,Mixed,Widowed,,13.8
11398,Manager,Finance,2.68,3912.44,16.1,,1,5,15,2,1,0,54,Male,Mixed,Divorced,Other,9.1
11399,Manager,Finance,7.33,3781.92,16.2,,2,1,16,1,0,0,54,Male,White,Married,Other,6.1
11400,HR,Operations,4.8,2870.34,12.9,Occasional,3,4,53,2,1,1,39,Other,Mixed,Married,,14.7
11401,HR,Operations,7.63,1726.5,32.1,Occasional,1,1,17,3,0,1,64,Other,White,Single,,15.1
11402,Operations,Operations,11.52,3807.95,21.5,Occasional,2,2,12,4,0,0,48,Other,Black,Widowed,,23.5
11403,Analyst,HR,0.03,4390.58,7.3,Frequent,4,3,55,2,0,1,21,Other,Mixed,Married,,15.0
11404,Consultant,Finance,2.92,5319.5,31.5,Occasional,4,4,25,4,1,0,27,Other,Mixed,Widowed,,20.1
11405,Manager,Finance,1.6,1500.0,38.9,Frequent,2,4,44,4,0,1,47,Male,White,Divorced,,14.5
11406,Operations,HR,5.9,2649.88,22.0,Frequent,2,3,39,5,0,1,47,Male,Mixed,Divorced,,24.4
11407,Analyst,Operations,0.87,3303.11,14.0,Occasional,3,2,38,2,0,1,58,Male,White,Single,,5.3
11408,Consultant,Technology,11.89,3995.82,10.8,,1,5,30,1,0,1,24,Female,Mixed,Married,,12.1
11409,Finance,Operations,2.85,3825.96,47.9,Occasional,2,3,39,5,1,0,32,Female,Asian,Married,,13.4
11410,Developer,Operations,4.73,3853.97,20.8,Occasional,1,5,16,2,0,1,36,Other,Black,Divorced,Other,20.7
11411,HR,HR,0.27,4489.72,17.9,,4,3,31,2,0,1,27,Male,Mixed,Divorced,,10.6
11412,Finance,Finance,0.61,2916.05,5.9,,1,1,55,3,0,1,56,Other,Black,Single,,14.9
11413,Consultant,Operations,4.26,5120.97,8.0,Occasional,5,2,0,1,1,1,44,Male,Mixed,Single,,6.0
11414,Finance,Finance,0.07,4520.14,4.4,Occasional,3,2,34,3,1,0,20,Male,Mixed,Single,,9.7
11415,Developer,Consulting,5.09,3616.2,13.8,Frequent,3,3,35,4,0,0,52,Male,Asian,Single,,8.6
11416,Operations,Finance,0.04,5921.09,10.6,,1,2,18,1,1,1,35,Male,Other,Widowed,,7.9
11417,Consultant,Technology,3.21,5867.7,18.6,Frequent,3,5,27,3,0,1,41,Male,Other,Divorced,,7.8
11418,Finance,Technology,1.36,5119.47,35.6,Frequent,1,2,1,3,0,0,30,Male,Black,Widowed,Mental,8.2
11419,HR,Operations,2.84,1500.0,27.0,Frequent,1,2,28,1,0,0,61,Male,Black,Single,,27.3
11420,HR,Finance,3.57,5894.73,30.8,Frequent,4,2,42,2,1,0,34,Female,Asian,Divorced,,7.1
11421,Analyst,Operations,1.26,4953.71,35.0,,1,4,28,4,0,0,34,Female,White,Married,Mental,15.1
11422,Finance,HR,0.34,6407.69,8.6,,3,3,42,5,0,0,28,Other,Black,Single,,6.8
11423,Manager,Technology,0.22,5484.96,12.1,,5,1,18,5,1,1,34,Male,Other,Divorced,,10.4
11424,Finance,Operations,2.67,5894.01,10.8,Occasional,2,1,56,5,1,0,36,Other,Asian,Married,,14.1
11425,Operations,HR,2.21,5054.39,28.0,Frequent,3,4,27,4,0,1,24,Female,White,Widowed,,5.1
11426,Consultant,Operations,4.07,5618.43,5.7,Occasional,5,4,33,1,1,0,36,Male,Asian,Single,,15.6
11427,Consultant,Finance,2.14,6392.95,42.8,,3,1,30,1,0,0,51,Female,Other,Widowed,,10.6
11428,Operations,Finance,1.65,4259.87,11.7,,5,5,36,1,0,0,46,Female,Asian,Widowed,Other,15.4
11429,Finance,Finance,1.52,2113.32,6.1,Occasional,3,1,18,5,0,0,47,Other,Mixed,Single,,17.8
11430,Operations,Finance,0.08,3631.05,12.1,Frequent,2,1,31,2,0,1,59,Male,Other,Divorced,,8.6
11431,Developer,Consulting,1.23,4467.93,12.8,,4,3,28,3,0,1,46,Other,White,Divorced,,15.8
11432,Operations,HR,11.19,4089.87,14.3,Frequent,4,1,8,5,0,0,55,Male,Asian,Widowed,,19.8
11433,HR,HR,6.2,2504.13,14.8,Frequent,2,1,6,4,0,1,25,Male,Other,Divorced,,22.3
11434,Operations,Finance,1.2,2042.72,34.8,,3,2,57,1,0,1,21,Male,Other,Single,,15.1
11435,Consultant,Consulting,2.66,3110.6,21.1,Occasional,5,4,11,3,0,0,45,Female,White,Widowed,,10.5
11436,HR,Finance,5.64,4969.29,6.0,Frequent,1,1,59,1,0,0,28,Female,Other,Married,,19.8
11437,Consultant,Consulting,1.75,5896.41,12.6,Occasional,3,1,50,1,1,0,35,Other,White,Widowed,,8.4
11438,Analyst,Finance,0.05,5099.88,10.5,Frequent,2,5,30,1,0,1,38,Other,Other,Single,,16.8
11439,Manager,Technology,0.23,5268.91,17.4,Frequent,4,1,17,2,1,1,64,Other,Asian,Single,,12.2
11440,Consultant,Technology,2.14,3903.02,15.6,,4,3,27,3,0,0,57,Female,White,Divorced,Mental,23.6
11441,HR,Operations,10.46,1909.5,51.8,Occasional,3,5,49,5,0,0,49,Female,White,Married,,13.5
11442,Analyst,Finance,3.54,3453.74,30.7,Frequent,5,1,20,2,0,0,34,Male,Other,Single,,8.0
11443,Consultant,HR,0.22,3689.48,25.2,Occasional,2,3,8,4,1,1,51,Male,Mixed,Widowed,,7.4
11444,Developer,Operations,0.63,3403.54,1.9,Frequent,2,4,33,4,0,0,34,Other,White,Divorced,,15.7
11445,Operations,Technology,4.43,4065.63,29.9,Occasional,5,1,33,5,1,1,32,Male,Mixed,Widowed,,14.2
11446,Manager,Finance,5.52,4529.7,2.9,Occasional,5,4,46,3,1,0,37,Male,Black,Single,,4.8
11447,Consultant,Operations,2.88,5023.62,11.3,,3,1,23,5,1,0,56,Female,Asian,Divorced,,38.5
11448,Analyst,Finance,3.1,3666.26,12.6,Frequent,3,5,15,2,1,0,28,Female,Mixed,Single,,13.4
11449,Developer,Technology,0.09,1715.49,33.9,Frequent,4,5,27,3,1,0,36,Female,Asian,Divorced,,15.6
11450,Finance,Operations,5.29,3420.55,7.1,Frequent,4,3,45,4,0,0,49,Other,White,Single,,21.3
11451,Analyst,Technology,4.66,4052.45,14.3,Frequent,5,2,50,3,0,0,41,Female,Asian,Divorced,,15.8
11452,Operations,Consulting,0.9,5467.37,4.8,,1,3,46,3,0,1,23,Other,Mixed,Single,,6.9
11453,Analyst,Technology,3.7,3318.63,23.9,,1,1,34,3,1,0,35,Male,White,Widowed,,12.0
11454,Developer,Finance,0.73,4615.05,11.4,Frequent,1,4,5,5,1,1,58,Male,Mixed,Widowed,,7.3
11455,Analyst,HR,0.12,4348.11,18.8,Occasional,2,4,37,1,0,0,30,Male,White,Widowed,,8.1
11456,Developer,Technology,0.67,4052.68,0.7,,3,1,53,2,1,1,43,Male,Mixed,Married,,10.9
11457,Consultant,HR,0.59,5116.64,6.3,Occasional,5,2,52,3,0,1,25,Female,White,Married,,15.0
11458,Developer,Consulting,1.24,3206.99,19.2,Occasional,4,2,51,3,0,1,43,Male,Mixed,Divorced,,11.5
11459,Developer,Operations,1.63,3309.78,26.3,Occasional,1,2,59,5,0,1,31,Female,Black,Married,,7.6
11460,Manager,Operations,2.13,3985.72,43.2,Frequent,4,1,40,2,1,1,58,Male,Mixed,Married,,0.7
11461,Developer,HR,1.94,3231.82,39.1,,3,5,10,2,1,1,23,Male,Mixed,Single,Mental,26.2
11462,Developer,Operations,0.95,4609.61,10.1,Frequent,5,5,3,4,1,0,33,Female,Black,Married,Physical,19.8
11463,Finance,Technology,0.09,3144.17,18.5,Occasional,1,1,13,2,1,1,52,Other,Asian,Married,,17.6
11464,Consultant,HR,2.79,4271.57,28.4,Frequent,1,5,12,2,0,0,51,Female,White,Married,,6.7
11465,Operations,Finance,1.51,3879.79,20.8,Occasional,5,2,14,3,0,0,57,Other,Mixed,Married,,10.6
11466,Manager,Technology,1.06,4257.91,12.7,Frequent,4,5,48,1,0,1,44,Female,Asian,Divorced,,7.9
11467,Finance,Technology,6.05,3448.31,19.1,Frequent,3,1,7,3,1,1,53,Other,Other,Married,,6.6
11468,HR,Technology,4.12,3593.09,41.1,,3,5,42,5,0,1,29,Other,Asian,Divorced,Other,13.6
11469,Consultant,Finance,5.85,4115.21,16.1,,3,5,23,2,0,1,18,Female,Other,Widowed,Physical,12.0
11470,Consultant,Consulting,2.05,4242.49,24.2,Occasional,4,5,10,1,0,0,46,Other,White,Married,,19.8
11471,HR,Operations,0.42,3994.96,20.1,Occasional,4,5,47,3,0,0,34,Female,Other,Widowed,,11.0
11472,Operations,HR,3.57,6046.43,9.6,Occasional,1,1,34,4,0,0,35,Other,Black,Single,,6.1
11473,Developer,Consulting,0.69,2811.12,33.7,Frequent,4,3,24,5,0,0,33,Male,Black,Married,,38.7
11474,Finance,HR,1.75,3922.96,16.5,Occasional,2,5,22,5,1,1,52,Male,Asian,Single,,10.7
11475,Analyst,Operations,0.2,2111.65,12.5,,5,3,46,5,0,0,26,Male,Black,Widowed,,20.1
11476,Manager,Finance,5.23,4446.5,19.9,Occasional,4,1,44,3,1,0,61,Female,Black,Widowed,,11.0
11477,Analyst,Technology,0.4,2661.7,36.4,Occasional,3,4,6,1,1,1,56,Other,Asian,Married,,11.6
11478,HR,Technology,7.0,3666.03,19.0,Frequent,4,3,4,1,1,1,55,Male,Mixed,Married,,9.8
11479,Consultant,Finance,5.99,3553.52,18.7,,1,1,31,2,0,0,60,Female,White,Single,,8.4
11480,Operations,Consulting,1.87,4337.07,23.7,Occasional,5,4,27,1,0,1,23,Female,Other,Divorced,,8.5
11481,Consultant,Consulting,4.09,3336.65,27.7,,5,5,43,4,0,0,43,Other,Asian,Widowed,,16.6
11482,Manager,HR,2.9,3285.63,13.6,Occasional,3,1,2,5,1,1,34,Female,Black,Widowed,,12.9
11483,Consultant,Finance,4.87,5723.03,15.0,,5,2,29,3,0,0,41,Female,Other,Single,,11.2
11484,Consultant,Consulting,1.7,4341.48,12.8,Occasional,2,4,57,5,1,0,27,Other,Mixed,Divorced,,13.7
11485,Manager,Finance,4.62,3326.74,23.5,Occasional,5,2,43,5,1,1,49,Male,White,Single,,27.6
11486,Finance,Operations,1.86,3699.0,16.4,Frequent,3,5,4,4,0,0,20,Other,White,Widowed,,47.4
11487,Finance,Technology,8.49,5974.43,17.1,Frequent,5,5,50,5,0,0,36,Male,Black,Widowed,,2.8
11488,Manager,Technology,2.0,3717.8,17.5,,4,3,50,5,1,0,52,Male,Mixed,Married,,28.1
11489,Operations,Technology,1.86,3172.87,5.5,,1,5,32,4,1,0,44,Male,White,Divorced,,26.1
11490,HR,Finance,4.61,3178.0,26.1,,4,3,19,4,1,1,42,Male,Other,Divorced,,30.2
11491,Consultant,Finance,5.17,3341.05,13.3,,2,4,29,1,0,1,38,Female,Other,Married,,6.9
11492,Operations,HR,2.43,3286.6,16.6,Frequent,2,2,56,5,1,1,19,Male,Black,Divorced,,6.3
11493,Consultant,Technology,0.59,2464.42,11.5,,1,4,43,2,0,1,37,Female,Mixed,Single,,21.6
11494,HR,HR,1.89,2650.96,7.0,Occasional,1,2,21,2,0,1,40,Other,Other,Divorced,Mental,9.2
11495,Finance,Technology,10.33,3004.82,18.9,Occasional,1,1,21,2,0,1,50,Male,White,Widowed,,9.8
11496,Operations,HR,4.19,4709.89,22.5,Occasional,1,4,37,4,1,0,25,Male,Other,Single,Mental,7.2
11497,Developer,HR,5.0,3542.52,71.7,Frequent,5,1,28,5,0,1,54,Male,White,Single,,7.1
11498,Developer,Operations,0.1,3751.41,10.7,,4,2,20,1,0,0,59,Male,Mixed,Widowed,,10.4
11499,Developer,HR,1.89,5524.11,29.1,Occasional,2,3,17,5,0,1,47,Male,Black,Married,,15.8
11500,Finance,Finance,3.12,5554.01,13.1,Occasional,5,4,52,2,1,0,48,Other,Black,Widowed,,28.4
11501,Finance,HR,5.32,3661.45,30.8,Frequent,1,4,47,3,0,0,58,Male,Black,Married,,23.9
11502,HR,Technology,0.15,3242.96,25.1,Frequent,3,3,10,2,0,0,35,Other,Asian,Married,,3.6
11503,Consultant,HR,5.74,2962.68,10.9,Frequent,3,3,9,4,1,0,48,Other,Black,Single,,22.9
11504,HR,Consulting,2.38,4831.33,6.5,Occasional,4,5,34,5,0,0,43,Other,Black,Divorced,Mental,13.6
11505,HR,Technology,0.66,3754.35,4.8,Frequent,2,5,25,4,1,0,41,Female,White,Single,,13.3
11506,Finance,Consulting,1.14,3536.21,32.9,Occasional,2,2,58,1,0,1,22,Female,Mixed,Widowed,Mental,15.4
11507,Developer,Technology,0.99,3023.6,8.1,,4,4,49,5,0,1,28,Male,Mixed,Divorced,,19.0
11508,Analyst,Finance,2.27,3076.4,32.4,Occasional,1,3,43,5,0,0,41,Other,Other,Single,,12.8
11509,Consultant,Finance,0.16,4384.07,17.2,,1,3,45,5,1,1,18,Other,Black,Married,,18.6
11510,Finance,Finance,0.52,2421.47,13.8,Occasional,2,1,3,3,0,1,29,Male,Mixed,Married,,18.4
11511,Developer,Consulting,5.03,5193.84,27.7,,2,5,9,5,0,0,55,Male,Mixed,Single,,15.0
11512,Operations,Operations,0.43,3359.39,13.1,Occasional,2,1,56,3,1,0,40,Other,Mixed,Widowed,,6.7
11513,Analyst,Technology,0.8,3820.44,25.9,Occasional,1,3,38,5,1,1,61,Female,Mixed,Divorced,Mental,15.1
11514,Analyst,Finance,1.81,2395.63,10.9,Occasional,3,4,15,2,0,0,42,Other,White,Single,,28.1
11515,Finance,Technology,2.18,3985.16,40.7,Occasional,4,4,57,1,0,0,29,Male,Black,Married,,33.6
11516,Manager,Consulting,4.33,3606.01,9.6,Frequent,4,1,40,5,0,1,20,Other,Mixed,Married,,17.2
11517,Consultant,Operations,1.78,3939.9,26.2,Occasional,5,5,29,4,1,0,41,Male,White,Married,Physical,32.3
11518,Analyst,Consulting,4.68,5766.05,35.9,Occasional,5,2,2,2,0,0,43,Female,Asian,Widowed,,8.8
11519,Finance,Technology,2.89,4213.24,0.4,Frequent,3,4,33,4,1,0,32,Other,Other,Divorced,,19.3
11520,Finance,Operations,0.36,3046.41,24.4,Frequent,2,2,24,4,0,0,48,Male,White,Single,,24.7
11521,Developer,Operations,0.51,3146.42,9.7,Frequent,3,5,37,3,0,1,60,Other,Other,Divorced,,11.3
11522,Operations,Consulting,1.72,4714.16,27.6,Frequent,5,1,41,1,1,0,59,Female,Other,Single,,30.2
11523,Manager,Finance,1.52,5558.43,20.1,Frequent,5,5,35,4,1,0,38,Other,Asian,Widowed,,29.8
11524,Consultant,Technology,4.08,4338.3,23.9,Frequent,4,3,3,2,1,1,38,Male,Asian,Single,,12.8
11525,HR,HR,2.61,4826.46,16.3,Frequent,3,5,41,1,1,0,38,Male,Asian,Married,,8.7
11526,Operations,HR,1.47,4731.69,37.5,Frequent,1,1,9,2,0,1,42,Other,White,Married,,8.2
11527,Operations,Consulting,0.56,5702.88,5.0,Frequent,5,1,12,4,1,1,29,Other,Asian,Widowed,,14.9
11528,Developer,Technology,0.77,1660.49,34.8,Frequent,4,5,5,1,1,0,54,Male,Mixed,Divorced,,13.6
11529,Analyst,Technology,2.57,4800.66,11.0,Frequent,2,1,6,5,0,0,35,Male,White,Married,,13.5
11530,Analyst,Consulting,1.65,5180.48,2.7,,3,3,27,4,0,1,27,Other,Black,Single,,13.9
11531,Developer,Technology,2.17,2393.53,17.7,Occasional,5,2,58,4,1,1,23,Female,Asian,Married,,7.7
11532,Finance,Finance,0.56,2937.2,10.0,Occasional,1,5,57,3,0,1,46,Male,White,Single,,4.1
11533,Analyst,Consulting,3.26,2979.06,23.3,Frequent,5,1,36,2,0,1,46,Female,Asian,Divorced,,25.0
11534,Manager,Finance,5.74,3125.45,24.8,Frequent,1,2,14,5,1,1,46,Female,Other,Married,,13.3
11535,Consultant,Technology,0.89,3421.94,15.2,,3,3,29,1,0,0,63,Female,Mixed,Married,,25.1
11536,Operations,Consulting,2.03,4291.12,24.0,Frequent,1,5,39,4,1,1,63,Male,Other,Single,,4.0
11537,Operations,Technology,11.13,5038.81,21.0,,1,1,9,4,0,1,26,Female,Asian,Widowed,,4.9
11538,Manager,Consulting,1.22,5297.58,17.5,Occasional,4,2,11,5,0,1,49,Other,White,Widowed,,13.8
11539,Analyst,Technology,2.71,2994.61,14.8,Occasional,3,3,16,4,1,1,30,Other,Mixed,Married,,18.9
11540,Operations,Finance,0.28,2986.36,11.6,Frequent,5,4,47,2,0,0,63,Other,Other,Divorced,,22.8
11541,HR,Finance,2.79,5578.99,52.1,,2,1,29,1,1,0,28,Male,Mixed,Divorced,,4.5
11542,Consultant,Technology,0.28,4776.09,16.9,,3,3,0,5,0,0,51,Female,Mixed,Widowed,,10.0
11543,Consultant,Consulting,9.6,4099.44,21.7,Occasional,3,2,35,5,1,1,46,Other,Asian,Married,,15.5
11544,Operations,HR,3.77,4568.0,26.7,Occasional,2,5,39,3,1,1,29,Female,Mixed,Widowed,,8.3
11545,Developer,Finance,4.66,3964.24,13.9,,5,2,58,1,0,1,48,Male,Black,Single,,9.5
11546,Operations,Finance,3.65,4629.5,22.8,,4,5,23,5,1,0,58,Other,Black,Divorced,,18.6
11547,Developer,HR,2.67,3596.72,49.0,Occasional,5,3,37,4,0,1,39,Male,Other,Widowed,,3.5
11548,Operations,Technology,1.79,4322.57,9.5,,2,3,20,1,1,0,43,Female,Other,Married,,6.3
11549,HR,Consulting,5.86,2187.34,49.0,Occasional,5,2,41,2,0,1,60,Female,White,Widowed,,20.2
11550,Finance,Technology,9.43,3174.66,28.0,,3,2,31,5,1,0,29,Male,Asian,Married,,12.1
11551,Consultant,Operations,2.07,3187.59,10.9,Frequent,4,5,57,2,0,0,52,Female,Other,Widowed,,8.2
11552,Operations,Finance,8.04,3550.73,9.1,Occasional,1,1,17,5,1,0,55,Female,White,Widowed,,6.0
11553,HR,Operations,2.63,2888.18,48.8,,5,2,12,4,0,1,21,Female,Other,Divorced,,11.7
11554,Developer,Finance,2.32,3359.75,33.2,Occasional,1,1,36,3,0,0,62,Female,White,Widowed,,11.3
11555,Developer,Finance,1.82,2182.7,15.5,,4,1,43,4,0,0,27,Male,Asian,Single,Mental,27.5
11556,Consultant,Operations,0.7,4658.44,12.0,Frequent,1,1,20,2,0,1,35,Male,Asian,Widowed,,13.5
11557,Manager,Operations,0.01,3900.98,10.9,Frequent,5,3,17,1,0,0,63,Female,Other,Married,,2.4
11558,Operations,Technology,0.83,1953.75,15.0,Frequent,2,3,39,2,0,0,36,Female,Black,Married,,15.1
11559,Analyst,Operations,2.14,2998.2,16.0,Occasional,3,1,45,3,1,1,32,Male,Mixed,Single,,14.7
11560,Developer,Technology,1.43,4403.92,19.4,Frequent,3,1,46,5,0,0,40,Other,Other,Single,,38.2
11561,Finance,Technology,1.79,3348.37,8.0,Occasional,1,3,25,5,0,1,40,Other,White,Married,,8.1
11562,Finance,Technology,11.83,3163.67,10.6,Frequent,3,5,4,2,1,0,38,Female,Asian,Widowed,,27.3
11563,Developer,Finance,1.29,3910.49,14.4,Occasional,3,4,4,1,0,0,43,Female,Other,Single,,26.6
11564,Manager,Finance,1.81,4412.32,61.0,Frequent,2,2,30,5,0,1,62,Other,Asian,Widowed,,9.4
11565,Manager,Operations,0.43,2276.38,20.9,,1,1,27,5,1,0,51,Other,Other,Single,,9.5
11566,HR,Finance,0.15,4660.15,5.6,,2,3,48,3,0,1,58,Male,Asian,Widowed,,3.3
11567,Finance,Operations,4.48,3039.65,8.3,Occasional,2,1,12,3,0,0,30,Female,Black,Single,,16.8
11568,HR,Finance,2.54,3978.49,48.5,Frequent,4,1,48,1,0,1,42,Male,White,Married,Mental,17.9
11569,Finance,Consulting,4.29,3957.5,37.7,Frequent,1,1,10,5,0,1,61,Female,Other,Widowed,,17.3
11570,Operations,Consulting,0.49,3367.52,13.0,,2,1,0,4,0,1,50,Female,Asian,Single,Physical,9.4
11571,Operations,Operations,2.54,2771.61,24.3,Frequent,5,5,23,2,0,0,45,Male,Other,Widowed,,24.4
11572,Analyst,Finance,0.88,3657.18,22.4,Frequent,3,2,12,5,1,0,30,Female,White,Divorced,,11.6
11573,Operations,Finance,0.78,5950.4,17.3,Occasional,1,2,57,2,1,0,44,Other,Other,Divorced,,4.9
11574,Analyst,Technology,0.03,2365.99,9.2,,4,3,17,5,0,0,25,Other,Mixed,Single,,15.6
11575,Operations,HR,0.42,6030.78,3.6,Frequent,2,5,23,3,0,0,53,Male,Asian,Divorced,,22.1
11576,Consultant,Operations,1.11,3688.33,30.9,Frequent,5,5,28,1,0,1,60,Other,White,Single,,11.3
11577,Operations,HR,0.37,4042.45,22.8,Occasional,3,2,27,4,0,0,23,Female,Black,Single,Other,15.7
11578,HR,HR,12.78,2695.95,9.3,Occasional,3,3,37,3,1,0,30,Male,Mixed,Divorced,,19.1
11579,Developer,Operations,1.11,3074.48,36.6,Occasional,5,5,44,1,0,0,37,Other,Other,Married,,14.6
11580,HR,Finance,0.42,3396.51,47.2,Occasional,1,3,52,3,1,0,22,Male,Other,Single,,13.3
11581,Developer,Operations,0.67,2745.17,20.4,Frequent,3,2,21,2,0,1,62,Male,Mixed,Single,,20.1
11582,Manager,HR,2.66,3749.3,16.8,Frequent,3,1,19,5,1,0,44,Female,Black,Divorced,,8.4
11583,HR,Finance,0.2,3511.58,4.7,Frequent,3,5,59,3,1,1,36,Female,Black,Widowed,,17.0
11584,Manager,Consulting,5.95,6220.94,15.1,Occasional,2,3,10,1,0,1,18,Male,Other,Divorced,,15.9
11585,Analyst,Operations,9.77,2600.83,7.4,Frequent,2,1,50,5,0,1,21,Other,Other,Single,,16.2
11586,Analyst,Operations,0.85,4123.23,15.7,,3,2,58,2,0,1,19,Other,Black,Widowed,,7.5
11587,Consultant,Finance,1.79,4297.42,34.0,,4,4,19,2,0,1,61,Male,Black,Widowed,,29.2
11588,Operations,Consulting,0.07,2715.62,26.6,Frequent,3,5,40,4,0,1,43,Male,Black,Divorced,,11.9
11589,HR,Consulting,3.07,4824.19,37.3,Occasional,1,5,12,5,0,1,50,Other,Other,Widowed,Mental,13.3
11590,Manager,Finance,1.6,3522.01,14.2,,4,3,46,2,1,0,61,Female,Asian,Married,,16.6
11591,Developer,Technology,0.94,1500.0,5.9,Frequent,1,2,23,3,0,1,62,Male,Mixed,Married,Physical,34.9
11592,Analyst,Operations,0.7,4791.82,13.7,,5,2,42,2,0,0,55,Female,Black,Married,,23.2
11593,Operations,Operations,3.18,2659.67,20.5,,5,5,23,2,1,1,24,Female,Other,Single,Mental,16.2
11594,Analyst,HR,1.61,2742.67,38.4,,2,5,47,2,0,0,46,Female,White,Divorced,,10.7
11595,Developer,Finance,0.59,4825.48,30.2,,2,3,16,4,1,1,22,Male,Other,Divorced,,49.2
11596,Operations,HR,3.5,3583.41,4.0,Frequent,2,3,4,1,0,0,26,Other,Asian,Single,,13.6
11597,Operations,HR,2.5,5101.33,20.0,,5,4,53,2,0,0,30,Female,Asian,Single,,13.5
11598,Manager,Consulting,5.87,5452.2,33.8,Frequent,1,1,29,1,0,1,63,Female,Black,Divorced,,11.2
11599,Manager,Operations,0.37,3226.09,40.1,,4,3,13,5,0,1,57,Other,Mixed,Single,,5.2
11600,HR,HR,4.62,4951.91,35.6,,2,1,14,1,0,1,63,Other,Other,Divorced,,14.3
11601,HR,Consulting,3.36,3093.45,10.1,,5,5,8,5,0,0,46,Female,Mixed,Widowed,Physical,23.9
11602,Finance,Finance,0.37,6679.74,10.6,Frequent,2,4,13,4,0,0,35,Female,White,Widowed,,16.0
11603,Finance,HR,3.56,3168.45,52.1,,3,4,9,5,0,1,47,Male,Mixed,Widowed,,21.0
11604,Consultant,Operations,1.75,5231.3,12.3,,4,4,57,5,0,0,27,Male,Mixed,Divorced,,22.3
11605,Analyst,HR,8.7,5012.55,46.8,Occasional,1,2,21,3,1,0,36,Other,Black,Single,,10.2
11606,HR,Finance,0.46,4379.31,8.4,,2,5,30,4,1,1,26,Female,White,Single,,15.8
11607,Manager,HR,3.09,3195.35,15.7,Occasional,3,2,12,2,1,1,38,Other,Asian,Single,,19.0
11608,Developer,Operations,1.44,3818.32,2.5,Frequent,3,2,16,4,0,0,18,Other,Mixed,Single,,19.1
11609,Manager,Consulting,9.43,1500.0,14.9,,4,4,0,3,1,1,58,Male,White,Single,,3.1
11610,Analyst,Operations,1.2,4269.3,9.0,,5,2,13,5,0,0,43,Other,White,Single,,28.4
11611,Finance,Consulting,9.83,4419.54,26.7,Occasional,5,5,43,4,0,1,31,Male,Asian,Divorced,,7.7
11612,Manager,Technology,6.95,4160.2,26.6,Occasional,2,5,38,3,1,0,56,Male,Black,Married,,19.4
11613,Consultant,Operations,0.95,1500.0,23.4,,2,2,34,2,0,1,46,Other,White,Single,Other,23.8
11614,Analyst,Operations,4.88,2481.24,9.4,Frequent,5,5,54,5,0,0,60,Male,Asian,Divorced,Physical,6.5
11615,Finance,Finance,16.28,3102.29,37.4,Occasional,1,1,52,4,0,1,24,Female,Other,Divorced,,17.0
11616,Developer,HR,0.87,4349.99,17.8,,1,2,0,4,1,0,41,Female,White,Divorced,,20.8
11617,Finance,Consulting,1.72,4347.21,28.2,Occasional,3,4,26,5,0,0,44,Male,Other,Divorced,,9.7
11618,Operations,Consulting,2.2,3795.73,35.7,Frequent,4,4,55,4,0,0,59,Female,Other,Single,,26.7
11619,Consultant,Finance,1.05,4762.29,19.3,Occasional,1,5,44,5,1,0,19,Other,White,Widowed,,7.3
11620,Analyst,Finance,0.05,2768.51,5.4,,2,5,56,3,0,1,19,Male,Asian,Widowed,,13.8
11621,Developer,HR,0.75,4732.28,20.9,Occasional,1,4,21,5,0,0,33,Female,Other,Divorced,,11.4
11622,Consultant,HR,0.99,4569.69,15.1,Frequent,4,1,33,2,0,1,29,Male,Black,Married,,20.9
11623,Finance,Operations,1.76,4453.07,8.6,,2,4,8,5,0,0,57,Other,Mixed,Single,Physical,10.7
11624,Consultant,Technology,0.56,3781.55,43.5,,4,2,49,4,0,0,43,Male,Other,Married,,11.1
11625,Analyst,HR,6.2,6196.89,13.9,,5,4,53,5,1,0,27,Female,Other,Widowed,,11.0
11626,HR,Finance,3.66,4591.83,25.5,,4,3,57,5,0,0,32,Other,Mixed,Married,,26.7
11627,Consultant,HR,0.27,2838.0,29.7,Frequent,4,1,35,5,1,1,42,Other,Asian,Divorced,,20.2
11628,Operations,Consulting,3.15,4297.97,20.9,,4,1,47,2,0,1,21,Other,Black,Married,Mental,17.7
11629,Consultant,Technology,3.18,4902.98,12.7,Frequent,2,4,31,2,0,1,43,Other,Black,Single,,8.4
11630,Finance,Operations,9.39,3294.27,4.9,Frequent,4,3,37,4,0,0,40,Other,Other,Divorced,Physical,26.7
11631,Finance,Consulting,0.01,5307.13,23.2,Occasional,4,2,19,4,0,0,54,Other,White,Single,Mental,41.6
11632,Developer,Consulting,0.85,4458.44,13.9,Occasional,3,4,26,5,0,0,59,Other,White,Widowed,,6.5
11633,Finance,Technology,7.88,1500.0,51.2,,2,2,2,1,0,1,21,Female,Other,Widowed,,38.5
11634,Manager,Operations,8.07,4359.61,10.3,,4,3,59,3,1,0,18,Male,White,Single,,9.9
11635,Analyst,Finance,3.83,3512.77,2.6,Frequent,1,4,10,5,1,0,18,Male,Black,Married,Mental,13.6
11636,Analyst,Operations,4.35,4644.62,6.7,Occasional,4,4,23,3,1,0,56,Male,Black,Married,,12.1
11637,HR,HR,0.29,5133.06,35.5,,1,2,28,2,0,1,20,Other,Mixed,Single,,15.4
11638,HR,Consulting,2.16,4234.19,30.4,,5,4,4,4,0,0,32,Male,Black,Divorced,,13.4
11639,Analyst,HR,0.79,5998.3,43.3,Frequent,5,3,32,1,1,0,60,Male,Asian,Single,,10.0
11640,Operations,Finance,0.6,3785.55,15.2,Occasional,2,4,7,4,0,0,35,Male,Black,Married,Physical,17.1
11641,HR,HR,4.99,4749.78,27.8,,2,5,18,2,0,0,38,Other,Other,Widowed,,13.3
11642,Developer,Operations,0.44,4965.93,20.2,,5,3,3,5,0,0,25,Other,White,Widowed,,8.4
11643,Finance,HR,1.9,3883.18,11.0,,2,1,40,2,0,1,42,Male,White,Single,,2.6
11644,Analyst,Finance,8.37,4934.53,17.7,,1,2,34,1,0,1,49,Female,Black,Married,,23.3
11645,HR,Finance,0.62,3286.39,13.2,,1,3,29,5,0,1,23,Female,Black,Widowed,,18.1
11646,Analyst,Finance,11.45,3492.92,41.7,,3,1,4,5,1,0,57,Male,White,Single,,8.1
11647,Manager,Operations,15.5,2425.01,10.9,Occasional,2,1,59,1,0,1,37,Male,White,Married,Mental,5.9
11648,Consultant,Finance,2.43,4289.69,45.7,Frequent,2,3,47,4,0,1,46,Female,Black,Single,,8.8
11649,Finance,Consulting,0.56,4390.3,10.4,Frequent,3,1,39,5,1,0,22,Male,Asian,Widowed,Physical,13.2
11650,Analyst,Finance,1.14,5415.12,13.2,Frequent,4,1,37,4,0,0,52,Male,Asian,Married,,17.3
11651,Consultant,HR,1.66,4949.37,18.3,,1,5,2,3,1,0,36,Other,White,Divorced,,9.0
11652,HR,HR,1.11,3658.25,10.0,Frequent,4,4,15,1,0,1,56,Other,Mixed,Widowed,,20.6
11653,Consultant,HR,0.99,2586.18,18.2,Occasional,3,5,7,3,1,0,29,Female,Asian,Divorced,,10.5
11654,Finance,Operations,10.75,4519.42,20.0,,2,4,44,5,1,0,50,Male,Other,Widowed,,19.4
11655,Analyst,HR,0.5,5332.9,40.2,Occasional,4,1,4,1,0,1,52,Other,White,Divorced,,5.9
11656,Manager,Operations,3.97,4906.22,2.6,,2,4,37,5,1,0,59,Male,Asian,Divorced,,7.7
11657,Operations,Operations,0.0,5301.37,10.4,,3,5,58,1,1,0,55,Other,Black,Single,,17.2
11658,HR,Finance,2.72,3745.73,49.5,Frequent,5,2,34,4,0,0,63,Female,Mixed,Single,,14.2
11659,Analyst,Consulting,7.43,3440.06,13.0,Occasional,2,2,7,2,1,0,25,Male,Black,Married,,25.3
11660,Finance,Finance,1.02,3115.72,13.0,Frequent,4,4,35,2,0,1,55,Female,Black,Single,,33.1
11661,HR,Finance,0.62,3932.92,9.9,,4,2,24,1,0,1,48,Other,Mixed,Single,Mental,12.1
11662,Developer,Operations,3.16,3905.69,27.4,Occasional,3,3,52,3,1,1,28,Other,White,Married,,4.3
11663,Consultant,Operations,3.74,4248.01,4.6,Occasional,4,2,48,1,1,0,21,Other,Black,Single,,17.8
11664,Operations,HR,3.49,3844.84,22.4,,1,4,56,4,0,1,57,Other,White,Widowed,,5.0
11665,Finance,HR,1.15,3839.65,54.3,Frequent,2,1,7,3,0,1,22,Male,White,Divorced,,26.6
11666,Developer,Finance,0.87,3067.97,3.5,,1,5,20,1,0,0,59,Other,White,Divorced,,20.9
11667,Analyst,Technology,9.37,5129.94,27.6,Occasional,3,2,50,1,0,1,39,Male,Black,Single,,9.4
11668,Manager,Technology,7.7,4091.82,6.4,Occasional,1,4,45,5,0,0,61,Female,White,Single,,24.0
11669,HR,HR,1.83,3790.67,23.4,Occasional,1,5,8,4,0,0,34,Other,Black,Married,,7.6
11670,Consultant,Technology,5.62,3103.08,22.0,,2,3,31,4,1,1,37,Male,White,Single,,19.8
11671,HR,HR,1.81,2401.7,28.9,Occasional,2,1,43,2,0,0,60,Male,Other,Widowed,,10.3
11672,Operations,Operations,1.66,5569.56,11.8,Occasional,5,5,12,5,0,0,29,Male,Black,Divorced,,29.4
11673,Analyst,Finance,0.51,4665.57,12.2,Frequent,1,5,22,3,0,1,61,Other,Other,Married,,24.7
11674,HR,Consulting,1.67,2051.3,29.5,Frequent,2,4,59,2,1,0,34,Male,White,Married,,19.6
11675,Consultant,Finance,2.31,4915.77,11.7,Occasional,1,3,58,4,0,1,44,Female,Black,Married,,28.1
11676,Analyst,HR,0.07,5106.98,31.8,Frequent,1,2,7,1,0,1,40,Female,Mixed,Single,,5.9
11677,HR,HR,1.76,4149.25,1.8,,3,3,34,5,0,0,22,Female,Other,Single,,22.8
11678,Manager,Finance,4.56,5917.73,21.1,Frequent,3,1,53,4,1,0,45,Female,Asian,Single,,18.6
11679,Finance,HR,3.42,4260.06,30.5,Frequent,1,2,27,4,0,0,54,Female,Asian,Married,,12.1
11680,Analyst,Technology,3.02,2299.81,15.3,Frequent,3,3,14,5,1,1,47,Male,Mixed,Married,,11.9
11681,Finance,Technology,7.21,4438.2,41.3,Frequent,2,1,51,4,0,1,62,Other,Mixed,Divorced,,13.0
11682,Analyst,HR,0.05,4293.88,12.1,,1,5,28,2,0,1,46,Female,Asian,Divorced,,8.9
11683,Manager,HR,2.44,3276.04,20.5,Frequent,3,5,50,5,1,0,31,Other,Black,Single,,5.7
11684,Finance,Technology,4.64,4688.27,34.0,Occasional,2,5,3,4,0,0,25,Other,White,Single,,7.0
11685,Developer,HR,2.34,1998.8,7.1,Frequent,1,5,33,4,0,0,63,Male,Black,Divorced,,8.8
11686,Consultant,HR,1.17,5188.68,35.9,Frequent,1,2,36,5,0,1,44,Other,Asian,Widowed,,8.3
11687,Developer,Finance,0.44,2946.25,22.2,Occasional,3,5,23,1,1,0,23,Female,Other,Divorced,,12.4
11688,HR,Consulting,6.56,2818.06,9.6,,2,2,20,3,0,1,24,Other,Other,Single,,5.5
11689,Manager,Technology,1.91,3863.41,17.2,Occasional,1,2,1,5,1,0,43,Male,White,Single,,19.7
11690,Developer,Finance,6.31,4519.57,8.9,Occasional,1,3,6,1,1,1,59,Other,White,Single,,23.1
11691,Analyst,Consulting,2.64,4196.71,26.2,Occasional,5,5,55,4,1,0,47,Other,Asian,Single,,6.7
11692,HR,HR,3.36,3108.81,14.4,Occasional,1,4,10,2,0,1,34,Other,Asian,Divorced,,8.6
11693,HR,HR,4.89,3392.69,13.1,Frequent,5,5,11,4,1,0,23,Female,White,Single,,12.8
11694,Developer,Finance,3.23,2640.35,26.7,Frequent,5,4,3,4,0,0,20,Female,Other,Single,,18.8
11695,Developer,HR,1.52,3730.38,15.0,Frequent,2,5,34,1,0,0,36,Other,Mixed,Divorced,Mental,23.2
11696,Manager,Operations,2.16,5290.03,17.8,Frequent,4,2,39,5,0,0,36,Other,Mixed,Widowed,,8.4
11697,Consultant,Finance,4.87,3994.88,16.9,,5,5,25,3,0,0,41,Male,Mixed,Divorced,,6.9
11698,Developer,Consulting,1.4,5031.3,2.5,Frequent,2,5,17,3,1,1,45,Other,Other,Single,,15.9
11699,Operations,Finance,1.47,5746.48,5.4,Frequent,3,5,54,5,0,0,52,Male,Black,Single,,19.4
11700,Developer,Technology,0.3,3294.38,10.5,,5,5,57,5,0,0,52,Male,Black,Married,,15.6
11701,Finance,Finance,7.38,3776.11,11.1,Occasional,4,3,55,2,1,0,22,Other,Other,Single,,7.3
11702,Analyst,HR,0.29,6605.43,2.2,Frequent,3,3,36,5,1,1,55,Female,Black,Widowed,,15.1
11703,Operations,HR,3.13,5733.21,17.8,Frequent,5,2,15,2,0,0,23,Male,Mixed,Single,,7.5
11704,Operations,Operations,1.6,1993.11,15.9,Occasional,5,2,54,5,1,0,46,Female,Other,Divorced,,14.6
11705,Finance,Operations,1.56,4464.58,19.2,Frequent,4,4,11,2,1,0,40,Female,White,Single,,5.4
11706,Finance,Operations,3.41,4000.67,13.7,Occasional,1,2,40,5,1,1,62,Female,Other,Single,,5.7
11707,HR,Consulting,0.21,4991.74,44.7,Occasional,4,3,39,5,0,1,54,Male,Asian,Married,,19.0
11708,Consultant,Operations,2.7,3106.03,24.6,Occasional,2,2,36,3,0,1,49,Male,Mixed,Single,,24.8
11709,Analyst,Consulting,4.44,2992.47,48.5,Frequent,2,4,51,4,0,0,18,Other,Mixed,Single,,9.0
11710,Manager,Operations,5.28,3188.72,7.0,Occasional,4,4,18,4,1,0,51,Male,Asian,Divorced,,24.8
11711,Operations,Consulting,0.56,3313.69,13.4,Frequent,4,3,14,2,1,1,61,Other,Mixed,Widowed,Mental,11.7
11712,Manager,Finance,6.83,4978.39,11.3,,4,2,21,1,1,0,45,Male,Asian,Married,Physical,19.9
11713,Developer,Finance,3.2,2582.56,4.3,Occasional,4,4,19,3,0,0,24,Female,Asian,Widowed,,19.4
11714,Developer,HR,6.41,3252.86,15.3,Frequent,4,2,42,5,0,1,54,Male,Mixed,Widowed,,11.2
11715,Manager,Consulting,1.99,1853.19,2.0,Occasional,5,2,51,3,0,1,46,Female,Other,Single,Other,18.1
11716,Developer,Technology,2.34,5208.54,26.0,Frequent,3,3,12,1,1,1,36,Male,Asian,Married,,10.4
11717,Consultant,HR,7.54,5525.24,38.0,Frequent,2,3,22,3,1,1,61,Female,White,Single,Physical,12.0
11718,Finance,Finance,6.91,3607.51,14.6,,2,2,30,1,0,1,36,Other,Asian,Single,,19.0
11719,Developer,Consulting,1.78,3642.46,19.1,Occasional,3,5,25,1,0,0,37,Female,White,Divorced,,12.0
11720,HR,Operations,0.96,4543.87,38.2,Frequent,4,5,44,1,1,1,32,Female,Other,Single,Mental,16.0
11721,Developer,Technology,1.5,5769.38,8.2,,3,1,31,1,0,0,41,Male,Asian,Married,,27.8
11722,Analyst,Finance,1.47,4490.33,4.2,Frequent,4,1,20,1,1,1,58,Other,Asian,Married,,15.0
11723,Consultant,HR,1.01,3162.95,2.0,Frequent,2,1,16,5,1,1,25,Male,Asian,Single,,19.5
11724,Analyst,Consulting,0.94,2057.41,9.0,,1,3,28,3,0,1,24,Female,White,Married,Mental,8.6
11725,Analyst,Technology,5.92,2661.85,10.3,Occasional,2,2,52,4,1,0,36,Female,Other,Widowed,,18.3
11726,HR,Consulting,0.22,4087.86,27.3,,2,4,28,4,0,0,45,Female,Mixed,Widowed,,13.8
11727,Consultant,Operations,3.4,3213.61,5.6,Occasional,1,2,47,5,1,1,29,Female,Black,Widowed,,7.6
11728,Consultant,HR,0.57,4233.96,4.1,Frequent,3,2,21,2,0,0,43,Male,Asian,Divorced,,2.6
11729,Consultant,Consulting,1.27,3336.49,30.6,Frequent,5,1,48,1,0,0,52,Male,Asian,Widowed,,6.8
11730,Consultant,Finance,0.19,2730.22,10.8,,4,2,18,3,1,1,21,Male,Asian,Widowed,,15.3
11731,Consultant,HR,0.94,2587.56,19.2,,4,1,53,1,0,1,51,Other,Mixed,Married,,18.7
11732,HR,Finance,4.39,5874.83,28.5,,2,2,13,1,1,1,24,Female,Other,Married,,21.5
11733,Developer,Consulting,6.49,5066.79,77.4,Frequent,1,4,54,4,0,0,44,Other,White,Widowed,,10.0
11734,Analyst,HR,0.75,6076.62,22.6,Occasional,2,5,38,1,1,1,20,Female,Mixed,Single,,12.2
11735,Consultant,Finance,1.87,4647.94,9.9,,2,5,22,3,1,0,50,Male,Other,Married,Physical,14.7
11736,Operations,Operations,1.91,3484.01,30.2,Occasional,3,3,40,3,0,1,29,Female,Black,Divorced,,12.9
11737,Developer,Operations,6.2,5588.01,7.8,,4,4,1,4,0,0,36,Female,Other,Married,Physical,16.1
11738,Developer,Consulting,4.32,3960.32,37.9,,5,2,50,5,0,0,34,Other,Other,Divorced,,15.4
11739,Analyst,HR,2.16,4265.01,9.4,,1,4,54,4,1,1,35,Male,White,Widowed,Physical,5.2
11740,HR,Technology,3.33,3948.61,6.6,,5,2,31,4,1,0,20,Female,Other,Widowed,,26.1
11741,Manager,HR,5.64,1500.0,17.6,Frequent,1,4,37,1,0,1,30,Male,Other,Divorced,,3.8
11742,Manager,Operations,0.03,5925.68,22.1,Frequent,4,4,32,2,1,0,49,Other,Asian,Divorced,,28.4
11743,Developer,Finance,1.55,4589.2,6.9,,3,5,57,5,0,0,22,Female,White,Divorced,Physical,16.4
11744,Finance,Technology,7.13,4395.79,10.6,Frequent,5,4,6,5,0,0,42,Female,Other,Married,,6.5
11745,Finance,Consulting,4.04,3925.87,23.9,Frequent,1,3,47,5,0,0,39,Female,Other,Widowed,,29.2
11746,Analyst,Technology,2.35,4196.11,19.6,Frequent,2,2,33,1,0,0,25,Female,Asian,Married,,18.3
11747,Manager,Consulting,2.26,3283.27,22.9,Frequent,4,1,3,4,0,1,33,Male,White,Single,,12.5
11748,Developer,Technology,1.28,4739.9,38.4,Occasional,3,4,22,1,0,1,49,Other,Black,Divorced,,8.2
11749,HR,Consulting,2.21,2431.48,21.1,Occasional,2,1,19,3,1,1,22,Other,White,Single,,16.7
11750,Manager,Consulting,3.2,4223.28,45.5,Frequent,3,5,21,2,0,0,53,Female,Mixed,Divorced,,7.9
11751,Developer,Technology,1.63,4673.89,31.4,Occasional,1,1,45,2,0,1,42,Other,Other,Divorced,,22.7
11752,Developer,Technology,3.76,3761.6,10.8,,2,3,28,1,1,1,33,Other,Mixed,Widowed,,8.4
11753,Consultant,Consulting,5.92,4445.04,39.6,Occasional,3,3,42,4,0,0,41,Male,Mixed,Divorced,,17.5
11754,HR,Operations,0.5,2810.4,20.5,,4,5,40,5,0,0,31,Male,Black,Married,,5.5
11755,Consultant,Technology,1.8,2841.01,35.5,Occasional,5,3,36,3,1,1,30,Male,Other,Divorced,,10.2
11756,Analyst,HR,1.57,4284.06,23.3,Occasional,5,2,2,3,0,1,40,Male,White,Divorced,Mental,8.0
11757,Consultant,Finance,3.49,4814.26,53.0,,2,3,21,2,1,1,42,Female,Asian,Single,,21.8
11758,Operations,Consulting,0.86,1750.16,6.6,,4,4,19,4,0,1,44,Male,Other,Widowed,,9.0
11759,Consultant,Consulting,3.07,4626.42,14.5,Frequent,4,3,24,5,1,0,25,Female,Mixed,Widowed,,23.5
11760,Operations,Finance,6.3,3348.16,26.3,Occasional,3,2,33,2,0,0,35,Other,Mixed,Divorced,,35.0
11761,Manager,Operations,1.62,3768.63,19.0,,2,5,41,4,0,0,54,Other,Other,Single,,24.7
11762,Finance,Finance,7.26,2392.58,7.9,Frequent,4,3,52,5,1,0,23,Male,Black,Married,,15.3
11763,Developer,Technology,14.96,2978.06,49.5,,3,2,28,1,0,1,23,Female,White,Married,,7.1
11764,Operations,Finance,0.34,5159.35,16.1,Frequent,4,4,56,4,0,0,42,Female,Asian,Divorced,,6.9
11765,HR,Consulting,0.8,4039.44,33.2,Frequent,2,1,9,3,1,1,37,Female,Black,Divorced,,10.2
11766,Consultant,Finance,9.01,3540.67,24.9,,4,1,38,4,0,1,40,Other,White,Single,,11.8
11767,Operations,HR,9.53,3860.21,29.4,,4,5,46,4,0,0,34,Male,Other,Widowed,Physical,26.5
11768,HR,Technology,0.31,4587.05,6.2,Occasional,4,5,36,4,1,0,49,Other,Black,Single,,11.8
11769,Finance,Finance,0.05,4528.59,16.6,Occasional,5,1,39,5,0,0,33,Female,Asian,Married,Mental,11.1
11770,Finance,Consulting,0.53,3909.97,30.0,Frequent,1,1,49,5,0,0,54,Other,White,Divorced,,21.5
11771,Consultant,Technology,16.57,5311.55,33.1,,2,5,19,1,0,1,37,Male,Other,Divorced,,9.9
11772,Analyst,Consulting,0.6,5164.56,31.1,Occasional,5,1,37,1,0,0,20,Male,White,Single,,14.3
11773,Consultant,Operations,2.09,4496.05,9.4,Frequent,1,3,22,5,0,0,18,Male,Asian,Widowed,,4.4
11774,Manager,HR,5.66,4065.53,3.6,Occasional,4,2,10,5,1,1,54,Female,Other,Single,,8.2
11775,Operations,Operations,0.06,4788.79,5.5,Frequent,4,5,7,2,1,0,52,Other,Mixed,Widowed,,13.7
11776,Developer,HR,2.78,4377.12,17.2,Occasional,5,2,28,4,1,0,33,Female,Mixed,Widowed,,15.1
11777,Analyst,Finance,0.97,5272.96,18.5,,3,4,35,4,1,0,21,Male,Black,Married,Physical,9.9
11778,Consultant,Technology,5.95,5079.47,17.2,Frequent,2,4,24,3,0,1,20,Female,Other,Widowed,Physical,7.1
11779,HR,Finance,1.0,2778.1,6.4,Frequent,1,3,38,5,0,0,61,Male,Other,Married,,3.3
11780,Analyst,HR,3.48,2696.84,11.1,Occasional,4,4,33,5,0,0,34,Other,Black,Divorced,,12.9
11781,Operations,HR,3.36,3158.5,49.2,Occasional,2,5,46,1,1,1,61,Male,White,Single,,27.1
11782,Analyst,HR,0.75,5171.37,22.3,Occasional,4,3,31,1,0,1,59,Other,Black,Married,Mental,20.3
11783,Operations,Consulting,0.11,2108.43,16.4,,4,3,40,4,0,0,51,Other,Other,Single,,19.8
11784,Consultant,Technology,1.58,4473.71,48.5,Occasional,4,5,22,4,1,1,59,Male,Mixed,Married,,11.3
11785,Operations,Finance,1.02,4435.05,55.9,Occasional,2,1,20,5,1,1,51,Other,White,Divorced,,6.4
11786,Analyst,Finance,4.97,5395.18,12.0,,5,2,18,4,1,0,34,Other,Other,Married,,16.3
11787,HR,Operations,4.83,4216.41,22.4,Occasional,2,5,24,5,0,0,41,Male,Asian,Married,,15.8
11788,Finance,HR,1.83,2388.15,4.4,,2,1,22,3,0,1,54,Male,Mixed,Single,Mental,11.5
11789,Analyst,HR,2.8,2848.77,3.3,,3,1,18,3,1,1,19,Male,Mixed,Married,,14.4
11790,Operations,HR,2.78,2581.61,14.4,Occasional,3,4,4,2,0,0,31,Female,Black,Single,,8.8
11791,Finance,Finance,5.27,3354.47,6.0,,5,3,18,1,1,0,27,Male,Other,Divorced,,23.7
11792,Operations,Operations,1.66,3780.52,11.1,Occasional,3,3,34,2,1,0,32,Male,Other,Divorced,,21.1
11793,HR,Consulting,0.97,2601.47,20.8,,5,4,11,3,0,0,54,Other,Black,Married,,16.3
11794,Operations,Technology,0.92,5764.79,42.1,Frequent,4,4,38,4,0,0,63,Other,Other,Widowed,,8.9
11795,Consultant,Consulting,2.3,2409.66,22.8,Occasional,4,3,24,1,0,0,35,Other,Other,Divorced,,9.1
11796,Developer,Finance,1.79,5615.32,12.1,Frequent,2,5,4,1,0,1,62,Female,Mixed,Widowed,,26.0
11797,Analyst,HR,1.74,5422.2,58.0,Frequent,4,5,11,2,0,0,30,Female,White,Widowed,,14.8
11798,Developer,Technology,0.29,5077.96,18.2,Frequent,3,5,26,1,1,1,52,Male,Asian,Single,,23.1
11799,Operations,Finance,3.8,3167.48,33.4,Frequent,1,5,3,3,0,0,53,Other,Asian,Widowed,,28.7
11800,HR,Finance,0.72,4410.94,35.4,Occasional,2,4,51,4,0,1,54,Other,White,Widowed,,7.8
11801,Analyst,Finance,0.66,2467.15,16.3,,5,2,18,2,0,1,27,Other,Asian,Widowed,,22.4
11802,Operations,Technology,1.6,5093.09,1.2,Occasional,4,2,44,4,0,0,46,Female,White,Single,,16.6
11803,Finance,Technology,0.78,3911.22,10.0,Occasional,2,3,46,2,1,1,51,Male,Other,Married,,36.1
11804,Manager,Operations,2.63,3508.82,10.4,,2,2,23,5,1,0,41,Female,Black,Widowed,,0.7
11805,Operations,Operations,1.39,2531.51,16.7,Frequent,2,5,41,1,1,0,44,Other,Other,Divorced,,17.9
11806,Developer,Consulting,1.79,1500.0,14.0,,4,4,27,5,0,0,26,Female,Black,Single,,19.4
11807,Analyst,Technology,2.31,2753.75,14.7,Frequent,5,5,32,1,0,0,26,Male,White,Widowed,,17.6
11808,Developer,Technology,0.68,5335.36,17.5,Occasional,2,1,34,5,0,1,27,Male,Other,Widowed,,45.1
11809,Analyst,Technology,0.51,3516.6,20.0,,2,4,49,4,0,1,29,Other,White,Single,,9.1
11810,Operations,Operations,6.37,3796.81,3.5,,2,1,15,3,0,1,32,Female,Mixed,Single,Mental,14.8
11811,Consultant,Finance,1.71,4786.67,19.7,Frequent,4,1,11,2,0,0,20,Other,White,Single,,12.5
11812,Finance,HR,1.59,6166.8,27.8,,3,3,15,1,0,1,45,Other,Other,Widowed,,12.4
11813,Operations,Operations,0.11,5590.01,58.5,Occasional,5,1,10,2,0,0,26,Male,Black,Single,,5.7
11814,Developer,Technology,2.07,2833.2,19.2,,2,2,42,3,0,1,56,Other,Mixed,Widowed,,23.5
11815,Manager,Operations,2.42,1668.92,32.0,,2,2,27,5,1,0,47,Other,Other,Divorced,,14.8
11816,Manager,Consulting,2.46,6831.54,26.0,Occasional,2,1,22,4,0,1,40,Male,Other,Widowed,,7.1
11817,HR,Technology,3.68,6722.79,9.0,Frequent,4,3,53,2,0,1,47,Female,Other,Married,,9.9
11818,Analyst,Consulting,0.59,4226.14,20.1,,3,1,45,5,1,1,33,Female,Mixed,Widowed,,21.1
11819,Developer,Technology,0.87,2475.41,45.7,Frequent,2,4,16,1,1,0,53,Female,Other,Widowed,,11.2
11820,HR,Operations,4.99,5155.87,44.2,,2,4,18,2,0,1,47,Male,Black,Widowed,Physical,17.5
11821,Developer,Finance,8.82,3870.42,44.1,Occasional,4,4,10,2,0,0,63,Other,Other,Married,,13.2
11822,Analyst,HR,0.44,3864.42,88.8,Frequent,5,4,3,1,1,1,54,Female,Asian,Single,Mental,9.8
11823,Operations,Consulting,2.07,5073.35,27.5,,5,1,9,3,1,0,33,Male,White,Widowed,,12.2
11824,Operations,Operations,0.72,4401.25,12.4,Frequent,3,5,58,5,1,1,45,Female,Asian,Divorced,,9.7
11825,Manager,Finance,0.19,2577.02,28.0,,5,5,54,2,0,0,37,Female,Black,Divorced,Physical,14.7
11826,Operations,Operations,1.18,3610.31,7.9,Occasional,2,4,18,5,0,0,31,Female,Black,Single,,15.8
11827,Operations,Consulting,0.47,4793.38,24.7,Occasional,4,3,35,4,0,0,62,Other,White,Divorced,,3.9
11828,Consultant,HR,3.71,4612.3,7.5,,2,3,42,5,0,0,46,Male,Black,Married,,25.8
11829,Manager,Operations,2.29,4314.42,9.9,,2,1,38,5,0,0,63,Female,Black,Single,,31.4
11830,HR,Technology,0.47,5120.11,3.1,Frequent,3,5,51,1,1,1,54,Female,Other,Single,,17.3
11831,Finance,Finance,0.03,3565.94,23.4,,5,1,40,5,1,0,36,Male,White,Married,,12.8
11832,Consultant,Operations,4.95,4214.4,42.6,Frequent,5,2,59,3,1,1,34,Male,Asian,Married,,15.0
11833,HR,Finance,0.58,1500.0,19.3,,5,4,21,5,1,0,18,Male,Other,Divorced,,8.7
11834,Analyst,Technology,2.8,3460.42,17.5,Occasional,2,2,1,4,1,1,46,Male,Other,Divorced,,7.8
11835,Consultant,HR,1.23,4916.68,10.6,Frequent,4,2,58,5,0,0,46,Male,Asian,Married,,3.9
11836,HR,HR,2.64,3531.53,34.2,Frequent,4,3,32,1,1,1,41,Other,Black,Divorced,,5.6
11837,Analyst,Technology,1.14,3440.53,38.1,Occasional,2,5,39,4,0,0,36,Male,Mixed,Widowed,,19.2
11838,Manager,Finance,0.27,2750.26,4.7,Frequent,1,4,26,1,0,0,60,Female,Mixed,Married,,10.8
11839,Finance,Operations,0.76,5204.04,20.6,Occasional,2,1,18,3,0,1,27,Other,Black,Divorced,,21.2
11840,Analyst,Technology,0.62,4658.16,33.3,Occasional,5,4,54,3,0,0,53,Female,Other,Divorced,,17.4
11841,Operations,Consulting,1.68,4990.5,12.3,Occasional,2,1,47,1,0,1,34,Other,Asian,Single,,15.0
11842,Developer,Finance,3.22,1928.54,4.0,,1,1,45,3,0,1,34,Male,Mixed,Single,,9.0
11843,Analyst,HR,0.92,3807.46,7.2,Occasional,2,5,3,1,0,0,49,Other,Other,Widowed,,21.7
11844,Analyst,Technology,0.04,3663.87,47.3,Frequent,5,2,18,2,0,1,33,Female,Mixed,Married,,8.1
11845,Finance,HR,2.2,3663.31,37.2,,3,1,24,5,0,1,63,Other,Asian,Widowed,,12.9
11846,Developer,Finance,2.79,3260.77,40.5,Occasional,4,5,53,2,0,0,40,Other,Other,Married,,7.1
11847,Operations,HR,9.88,3584.67,5.5,Occasional,1,2,53,3,0,1,33,Male,White,Married,,6.9
11848,HR,Technology,2.67,5019.57,33.1,Occasional,3,2,5,1,0,1,49,Female,Other,Divorced,,19.4
11849,HR,Finance,1.91,1704.58,49.3,Frequent,4,4,46,1,1,1,19,Other,White,Single,,4.9
11850,Analyst,Consulting,2.56,6132.75,10.0,,3,4,12,1,1,0,57,Female,Black,Single,,17.6
11851,Developer,Technology,7.89,4580.61,15.1,,2,4,50,1,0,1,23,Other,Asian,Married,Physical,17.0
11852,Developer,Operations,5.29,3949.2,21.2,,2,3,21,5,0,1,27,Female,Mixed,Divorced,,10.3
11853,Operations,Technology,1.17,5088.2,23.9,Frequent,4,2,3,4,1,0,51,Female,Black,Married,Mental,10.4
11854,Finance,Finance,0.81,2257.8,12.8,Occasional,4,3,1,2,1,1,47,Female,Black,Single,,2.4
11855,Manager,Technology,0.91,3202.36,35.8,,2,4,2,3,0,0,53,Male,Other,Widowed,,7.8
11856,HR,Consulting,2.11,3854.71,26.7,Occasional,2,5,45,1,0,1,23,Male,Other,Single,,16.3
11857,Finance,Consulting,4.09,5638.67,8.4,Frequent,4,4,29,2,0,1,62,Female,White,Widowed,,27.6
11858,Consultant,Operations,2.1,3944.2,34.2,,4,1,3,4,1,1,50,Female,White,Single,,29.6
11859,HR,HR,0.21,4540.07,16.0,Frequent,4,5,47,2,0,0,22,Male,Black,Single,,20.0
11860,Finance,Finance,3.86,3292.51,27.6,,5,5,42,3,0,0,45,Other,Black,Married,,9.4
11861,HR,Finance,4.92,4584.21,9.0,,5,2,28,1,0,1,24,Female,Other,Widowed,Mental,9.1
11862,Manager,HR,1.03,6012.69,9.5,Occasional,2,3,44,3,0,0,63,Female,Other,Widowed,,17.4
11863,Consultant,Consulting,3.27,5194.63,3.6,Frequent,5,1,32,1,1,1,36,Male,Mixed,Married,,19.4
11864,Manager,Consulting,1.67,3902.25,39.0,,1,5,12,4,1,1,60,Other,Asian,Married,Other,12.9
11865,Operations,Technology,6.6,4810.59,31.9,,2,3,46,3,1,1,43,Female,Mixed,Divorced,,10.4
11866,Consultant,Operations,5.6,4693.02,21.3,Frequent,1,3,38,2,0,0,55,Female,Asian,Widowed,,8.3
11867,Analyst,Operations,2.24,4607.91,5.3,Occasional,3,1,31,4,0,0,55,Female,Black,Single,,5.7
11868,Finance,Operations,3.53,5334.34,43.5,Frequent,1,1,27,3,1,0,56,Female,Other,Married,,14.6
11869,Consultant,Technology,6.45,5325.37,27.2,,3,4,36,1,0,0,34,Male,Mixed,Widowed,,29.7
11870,Operations,Operations,2.05,3847.41,12.8,Frequent,1,4,27,4,0,1,36,Other,Asian,Married,Mental,19.5
11871,Operations,HR,1.13,4770.25,22.8,Occasional,3,5,26,1,0,1,44,Other,White,Widowed,,4.4
11872,Manager,Technology,4.2,3540.29,15.6,Occasional,3,5,24,5,1,0,54,Female,Asian,Single,,12.4
11873,HR,HR,0.75,2892.31,27.2,Occasional,2,5,29,2,0,0,24,Other,Asian,Married,,8.2
11874,Consultant,Technology,1.48,3676.61,7.7,Occasional,4,4,5,1,1,1,55,Other,Other,Divorced,Physical,16.6
11875,Finance,Operations,6.02,3908.47,2.1,Occasional,4,5,29,3,0,0,34,Other,Mixed,Single,,23.9
11876,Consultant,HR,3.87,2006.1,25.4,Occasional,2,5,55,5,0,0,46,Female,Black,Married,,15.0
11877,Developer,HR,1.55,5032.4,28.4,Occasional,3,4,8,4,1,1,61,Other,Mixed,Divorced,,9.8
11878,HR,HR,0.73,1500.0,3.6,,4,4,5,3,1,0,56,Other,Black,Married,,23.9
11879,Finance,Technology,1.32,7257.78,1.2,Frequent,4,5,28,4,0,0,61,Female,White,Single,,18.1
11880,Finance,Finance,1.0,5802.25,21.5,Occasional,1,5,22,5,1,0,34,Male,Other,Single,,9.5
11881,Analyst,Operations,0.58,3686.79,26.1,Frequent,5,3,5,3,0,1,32,Male,Asian,Single,,17.1
11882,Manager,HR,4.08,4011.31,15.1,Frequent,2,2,21,1,1,1,33,Male,Mixed,Divorced,,13.5
11883,Analyst,Finance,0.87,4363.57,8.2,,5,4,1,3,1,0,50,Male,Mixed,Widowed,,40.3
11884,Finance,Operations,1.82,3293.01,58.8,Frequent,3,2,30,2,1,1,28,Other,Black,Single,,22.1
11885,HR,Operations,1.46,4231.14,24.4,Frequent,1,4,52,1,0,0,50,Female,Mixed,Single,,16.5
11886,Consultant,HR,12.07,3827.2,38.6,Occasional,4,3,5,2,0,1,49,Male,Asian,Widowed,,6.7
11887,Consultant,HR,1.49,3886.87,6.5,Occasional,1,2,41,3,0,1,62,Female,Black,Divorced,,17.3
11888,HR,Technology,0.25,4217.75,42.6,Frequent,2,3,4,3,1,0,45,Male,Asian,Divorced,,9.8
11889,Finance,Finance,0.28,2423.77,23.8,Occasional,3,1,19,4,0,0,37,Other,Black,Widowed,,10.7
11890,Operations,Finance,2.68,4047.48,54.9,,1,2,11,3,1,0,46,Female,Asian,Single,,6.7
11891,Consultant,HR,2.74,4196.14,27.6,Frequent,1,2,37,1,1,0,33,Male,Black,Divorced,,5.6
11892,Operations,Operations,1.63,4154.62,19.1,Frequent,1,2,37,2,0,1,47,Other,Other,Widowed,,11.4
11893,Consultant,HR,1.7,3741.0,16.7,,4,1,7,5,1,1,34,Other,Mixed,Divorced,,2.1
11894,Consultant,Operations,0.17,5365.43,10.3,,3,1,55,2,0,0,31,Other,Asian,Married,,9.0
11895,Manager,Operations,2.18,3575.62,16.8,,4,3,57,4,1,1,41,Male,White,Married,,8.7
11896,Manager,HR,2.11,4272.79,27.9,,1,1,48,5,1,1,54,Female,Other,Widowed,,9.3
11897,Developer,Consulting,0.49,5556.76,31.4,Frequent,4,4,49,5,0,0,30,Male,Other,Single,,24.2
11898,Analyst,Finance,0.33,3904.75,9.0,Occasional,4,5,42,3,0,0,35,Other,Asian,Married,Mental,9.9
11899,HR,Operations,0.4,4257.36,4.7,Occasional,2,2,32,4,1,1,24,Other,Asian,Single,,3.1
11900,HR,Operations,0.32,3884.34,22.4,Occasional,5,3,57,4,1,1,28,Male,White,Divorced,,5.3
11901,HR,Consulting,2.82,5484.84,3.4,Occasional,5,3,38,3,1,0,34,Female,Asian,Widowed,,14.9
11902,Developer,Technology,0.66,3690.73,17.1,,2,3,39,1,0,0,36,Male,White,Married,,13.1
11903,Manager,Consulting,0.87,5540.03,5.4,Occasional,2,3,30,3,0,1,23,Female,Asian,Widowed,,9.2
11904,Finance,Consulting,0.57,3875.69,30.5,Occasional,4,2,2,4,0,1,35,Female,White,Widowed,,21.9
11905,Operations,Operations,9.5,2968.65,12.7,Frequent,4,3,18,5,0,0,27,Male,Black,Widowed,Physical,11.0
11906,Operations,Finance,5.79,4815.25,14.1,Frequent,3,2,47,1,1,0,18,Female,Mixed,Widowed,,11.2
11907,Finance,Consulting,0.79,3634.4,4.4,Occasional,5,3,54,4,0,0,18,Female,Mixed,Widowed,,10.2
11908,Developer,Technology,1.19,4744.6,36.1,,4,3,7,4,1,0,64,Other,Asian,Divorced,,23.0
11909,Finance,HR,0.71,1500.0,20.6,Occasional,3,5,29,3,0,0,55,Other,Asian,Married,,17.6
11910,HR,Consulting,2.03,4006.25,21.2,,5,4,30,2,1,0,44,Other,Mixed,Widowed,,26.0
11911,Analyst,Consulting,0.06,3448.47,5.6,Frequent,3,1,28,4,0,1,42,Other,Mixed,Married,,23.2
11912,Consultant,Technology,3.34,2724.09,3.0,,3,1,5,2,0,0,43,Female,White,Married,,14.8
11913,Operations,Finance,2.22,3336.11,8.9,Occasional,2,1,55,1,0,1,56,Female,White,Divorced,,15.1
11914,Manager,Consulting,6.87,3311.56,12.5,Frequent,1,4,1,5,0,0,27,Other,Black,Married,,29.8
11915,Manager,Consulting,0.54,3942.42,8.7,Occasional,1,2,22,2,1,1,53,Male,Black,Married,,10.8
11916,Developer,Finance,4.89,2359.21,55.1,Occasional,1,1,43,2,1,0,63,Other,White,Married,,5.0
11917,Manager,Technology,4.71,4379.53,36.8,,3,1,29,2,0,0,25,Male,Black,Divorced,,19.7
11918,HR,Consulting,0.41,5639.46,17.4,Occasional,4,1,52,2,0,0,50,Male,Other,Single,,23.3
11919,Operations,Finance,1.53,4337.11,9.5,Occasional,1,2,37,2,0,0,46,Other,White,Married,Mental,18.2
11920,Finance,Consulting,0.56,4970.79,6.7,Frequent,4,4,45,1,1,0,51,Male,Black,Married,,6.0
11921,HR,HR,0.88,5313.47,16.8,,5,4,38,4,1,1,44,Male,Black,Married,,22.0
11922,Developer,Operations,0.92,5483.79,21.7,,1,2,8,5,0,1,59,Other,Asian,Single,,20.0
11923,HR,HR,2.44,6244.17,12.0,Frequent,3,5,6,4,1,1,21,Female,Asian,Single,,16.8
11924,Finance,Consulting,1.59,3400.96,24.0,Frequent,2,3,46,1,0,1,22,Male,Asian,Divorced,,9.8
11925,Analyst,Technology,8.85,3137.82,11.2,,3,2,43,1,1,0,59,Other,Mixed,Widowed,,9.9
11926,Developer,Operations,0.41,4940.16,6.6,Frequent,4,3,58,2,0,0,28,Female,Mixed,Married,Other,7.3
11927,Analyst,HR,10.91,4849.92,24.0,,5,4,48,1,1,0,18,Female,Mixed,Widowed,,12.1
11928,Consultant,Finance,0.79,4930.81,2.9,Frequent,3,3,14,1,0,0,30,Female,White,Single,,10.7
11929,Analyst,Technology,4.45,6267.14,4.7,,2,1,14,2,0,0,37,Female,Asian,Widowed,,21.8
11930,Consultant,HR,1.24,4013.64,7.7,,2,3,20,1,0,1,51,Female,Asian,Divorced,,12.2
11931,Consultant,Finance,0.46,4511.39,10.5,Frequent,5,3,58,1,1,0,50,Male,White,Single,,7.9
11932,Analyst,Consulting,5.85,2823.53,28.0,Occasional,1,4,13,1,1,1,31,Female,Mixed,Married,,7.8
11933,Developer,Finance,1.11,6562.39,4.4,Occasional,3,5,10,3,1,0,29,Male,Black,Widowed,,9.3
11934,Finance,HR,3.23,3596.15,14.1,Frequent,3,3,10,4,1,0,28,Other,Other,Single,Mental,8.2
11935,HR,HR,2.51,3630.14,21.9,,2,4,19,3,1,1,18,Other,Asian,Single,,6.3
11936,HR,Consulting,1.91,3583.9,20.5,Frequent,4,1,12,4,0,0,63,Other,Mixed,Widowed,,9.2
11937,Finance,Finance,2.05,3226.12,28.0,Occasional,3,3,44,2,0,0,25,Female,Black,Widowed,,10.7
11938,Operations,Finance,3.95,3124.68,14.5,,2,3,29,2,0,0,35,Other,Asian,Widowed,,6.6
11939,Operations,Consulting,0.28,3371.55,10.2,,4,1,39,4,0,0,22,Male,Asian,Single,,6.8
11940,Consultant,Finance,3.31,2361.04,40.6,,1,2,38,4,0,1,48,Male,Other,Married,,29.8
11941,Consultant,Consulting,6.78,3057.62,9.9,Occasional,1,5,19,5,1,0,20,Female,Mixed,Single,Physical,44.4
11942,Developer,Technology,0.18,6338.76,8.7,Occasional,2,1,44,4,0,1,39,Female,White,Married,,12.3
11943,Manager,HR,0.45,4882.79,8.2,,2,1,42,4,0,0,23,Other,Black,Widowed,,41.0
11944,Analyst,Technology,3.78,5111.09,7.9,,1,1,50,2,1,0,41,Female,Black,Widowed,,29.4
11945,Consultant,Operations,1.72,5412.65,47.1,Occasional,2,2,37,2,1,0,44,Female,Mixed,Divorced,Other,10.0
11946,HR,Operations,1.55,6200.96,52.3,Occasional,5,1,7,1,0,1,38,Other,Black,Married,,16.0
11947,Developer,Operations,0.44,1874.29,30.4,,3,2,50,1,0,1,54,Female,White,Widowed,,6.1
11948,Analyst,Consulting,2.12,2524.14,24.7,Frequent,5,5,36,2,0,0,51,Male,Black,Married,,24.3
11949,Developer,Finance,0.41,3035.53,8.8,Frequent,4,2,41,1,0,1,52,Female,Mixed,Married,,24.6
11950,Analyst,Technology,1.94,3436.32,11.8,Frequent,2,5,32,3,1,0,53,Other,White,Married,,6.0
11951,Analyst,Technology,4.33,3639.32,3.8,Occasional,2,5,25,3,1,0,43,Male,Other,Married,,11.5
11952,Finance,Technology,0.9,3463.63,14.2,Frequent,4,5,43,1,0,1,18,Other,Mixed,Single,,48.6
11953,Consultant,Technology,1.97,4263.17,5.2,Frequent,3,4,57,1,0,0,36,Other,Other,Divorced,,14.2
11954,Developer,Operations,14.49,4042.35,19.5,Occasional,1,5,55,4,1,1,43,Female,Black,Married,Physical,3.2
11955,Developer,Technology,3.48,3132.6,9.3,Frequent,5,2,38,4,1,0,40,Other,White,Married,,9.4
11956,Finance,Finance,5.52,1500.0,20.7,,3,4,7,3,1,1,57,Male,Black,Divorced,,12.0
11957,HR,Operations,1.61,2808.56,8.1,Occasional,1,1,17,3,1,1,51,Male,Mixed,Widowed,,5.4
11958,HR,Technology,4.38,3340.91,3.2,,1,1,38,4,0,0,44,Male,Other,Married,Other,13.2
11959,Operations,Consulting,0.12,3703.5,6.9,Frequent,2,3,13,4,0,0,20,Male,Other,Widowed,,10.5
11960,Consultant,HR,0.39,2644.4,22.0,,4,5,51,4,0,0,63,Female,Black,Single,,15.3
11961,Consultant,HR,0.68,3411.03,23.1,Occasional,2,3,17,1,0,0,56,Other,Mixed,Divorced,,19.8
11962,Manager,HR,1.54,2642.82,21.4,Frequent,4,5,56,2,0,0,30,Female,Black,Single,,54.7
11963,Finance,Operations,5.61,3849.02,19.3,Occasional,2,5,20,3,0,1,56,Male,Asian,Widowed,,14.3
11964,HR,Technology,1.28,2712.29,17.4,Frequent,5,2,22,5,0,0,33,Female,Mixed,Divorced,,19.6
11965,Analyst,Operations,3.19,2981.31,26.8,Occasional,2,2,3,4,1,0,20,Other,Mixed,Single,,19.7
11966,Developer,Finance,3.71,2429.58,1.3,Occasional,5,1,9,1,0,1,43,Other,White,Widowed,,6.9
11967,Consultant,Consulting,2.65,3815.8,45.6,,3,4,42,3,1,1,22,Female,Asian,Widowed,,6.9
11968,Developer,Consulting,1.33,2960.26,13.9,Occasional,3,1,10,4,0,1,20,Other,Other,Divorced,,17.2
11969,Developer,HR,2.58,5088.14,26.9,Occasional,2,5,19,1,1,1,45,Male,Black,Divorced,,12.1
11970,Manager,HR,1.26,4487.02,16.3,,3,4,18,3,0,0,64,Female,Other,Widowed,,19.8
11971,HR,HR,0.26,3916.18,9.2,Frequent,1,3,0,3,0,0,60,Other,Mixed,Widowed,,15.6
11972,Consultant,Technology,14.8,3043.02,13.1,Frequent,5,5,30,5,0,1,47,Male,Black,Single,Physical,3.6
11973,Developer,Finance,0.41,4456.62,6.6,Occasional,4,2,1,5,0,1,40,Female,Other,Single,,20.1
11974,Consultant,Finance,0.23,4828.84,7.6,,5,1,40,3,0,1,35,Other,Black,Widowed,,4.8
11975,Analyst,Finance,6.32,4171.23,23.9,Frequent,2,1,48,1,1,1,22,Other,Other,Married,,16.5
11976,Manager,Finance,1.08,5924.44,19.6,,3,3,4,4,0,0,39,Male,Black,Divorced,Mental,20.1
11977,Analyst,HR,3.15,4551.56,2.8,Occasional,3,1,33,4,1,1,62,Other,Other,Divorced,Mental,14.1
11978,Consultant,Consulting,1.2,5096.33,7.9,,1,1,3,3,1,0,18,Female,Other,Divorced,,21.0
11979,Operations,HR,1.49,4160.28,13.9,Occasional,3,4,26,4,1,0,44,Male,Black,Widowed,,6.2
11980,Consultant,Finance,0.91,4810.8,16.4,Frequent,2,5,38,5,1,1,31,Female,White,Single,,23.5
11981,HR,HR,1.26,3043.86,57.5,Frequent,2,4,52,4,0,1,58,Male,Black,Single,,9.5
11982,Developer,Finance,1.59,3449.92,19.2,Frequent,4,4,48,2,0,0,26,Other,Other,Divorced,,25.8
11983,Developer,Operations,3.82,4419.24,2.3,Frequent,5,1,2,5,0,0,21,Male,Asian,Married,,17.1
11984,Analyst,Consulting,2.15,4410.52,17.0,,5,5,25,5,0,0,42,Male,Mixed,Divorced,,11.4
11985,Manager,Operations,8.62,4609.13,5.3,,5,1,40,3,1,1,48,Female,White,Divorced,Mental,4.1
11986,Operations,Technology,0.13,5320.47,14.4,,4,1,0,3,1,0,49,Other,Black,Divorced,,9.5
11987,Finance,HR,2.1,2290.03,61.0,Occasional,4,4,57,4,0,1,19,Female,Mixed,Married,,12.3
11988,Developer,Technology,2.63,2830.66,11.2,Frequent,4,2,51,4,0,0,54,Female,White,Divorced,,16.1
11989,HR,HR,7.58,4275.49,31.3,Frequent,1,2,52,3,0,0,19,Other,Asian,Single,,28.0
11990,Analyst,Operations,0.15,3130.76,16.9,Frequent,4,4,15,1,0,0,31,Male,Mixed,Married,,7.4
11991,Analyst,Finance,2.56,8053.32,44.2,,3,4,57,4,0,1,32,Female,Black,Married,,4.9
11992,Finance,Finance,5.76,4618.86,25.0,,1,1,34,1,0,1,42,Male,Asian,Single,,9.7
11993,HR,HR,0.83,3906.0,34.2,Frequent,3,5,18,5,0,0,27,Other,Black,Widowed,,23.8
11994,Manager,Finance,6.27,3381.44,21.8,Occasional,5,1,15,2,1,0,45,Male,Mixed,Married,,8.8
11995,HR,Operations,0.06,3423.81,11.1,,2,1,32,1,0,0,25,Other,Black,Married,,9.8
11996,Manager,Finance,3.96,4036.17,40.8,Frequent,5,3,30,4,0,0,31,Other,Asian,Married,,37.1
11997,HR,Operations,8.11,4134.38,20.1,Frequent,4,1,21,3,1,0,37,Male,Asian,Widowed,,17.9
11998,HR,Technology,3.21,3451.96,11.7,Frequent,2,5,43,3,1,0,59,Other,Mixed,Divorced,,4.2
11999,Consultant,Operations,1.73,3672.22,9.2,Occasional,5,1,19,2,1,0,30,Female,Mixed,Widowed,,24.1
12000,Analyst,Consulting,0.14,5613.14,20.6,Frequent,1,4,55,2,1,1,36,Female,Other,Single,,16.8
12001,HR,Consulting,7.58,5661.41,36.2,,4,5,5,5,0,0,51,Male,Asian,Single,,19.1
12002,Finance,Consulting,1.91,4302.44,23.2,Occasional,5,4,34,1,0,1,43,Female,Other,Single,Mental,5.4
12003,HR,HR,0.09,2390.49,12.4,Occasional,2,3,59,2,0,1,54,Other,Black,Married,,20.3
12004,Developer,HR,3.51,4646.2,22.6,Frequent,3,3,38,5,1,0,63,Female,Mixed,Divorced,,18.0
12005,Analyst,HR,1.97,5865.14,29.2,,5,5,2,5,0,0,41,Female,White,Divorced,,5.7
12006,Developer,Operations,0.4,5643.74,3.6,,1,2,31,5,0,1,38,Male,Black,Married,,24.1
12007,Analyst,HR,0.72,4881.31,5.4,Frequent,2,2,12,4,1,1,41,Other,Other,Divorced,,22.0
12008,Developer,Technology,0.2,5706.91,27.4,Frequent,5,5,47,2,0,1,25,Female,Asian,Widowed,,18.8
12009,HR,Consulting,2.56,4064.06,5.2,,3,5,13,3,0,0,50,Other,Mixed,Single,,13.3
12010,HR,Operations,2.92,4753.72,14.4,Occasional,4,4,40,5,0,0,22,Male,Mixed,Single,,7.7
12011,Consultant,Consulting,2.11,3183.07,18.2,Occasional,4,3,7,3,0,0,42,Female,Black,Married,,9.8
12012,Finance,HR,5.1,4350.72,7.0,Frequent,4,5,46,4,0,0,60,Other,Black,Married,,16.9
12013,Developer,Operations,5.92,5595.44,14.8,Frequent,2,1,18,1,0,1,57,Female,Mixed,Married,,10.2
12014,Manager,Finance,2.87,3292.69,18.4,,3,4,44,4,1,0,34,Male,Other,Married,,8.2
12015,Consultant,Technology,0.04,2966.27,37.3,,3,3,13,4,0,0,42,Male,Asian,Single,,15.4
12016,Developer,HR,3.56,4116.99,34.7,,5,4,10,2,0,1,59,Other,Mixed,Married,Mental,4.8
12017,Developer,HR,1.62,3728.01,20.6,,4,3,49,5,0,1,63,Female,Mixed,Single,,6.4
12018,Consultant,Technology,2.5,4778.98,10.2,Frequent,2,1,34,4,0,0,50,Female,Black,Divorced,,17.4
12019,HR,Technology,3.14,3456.09,35.2,Frequent,4,3,35,5,0,1,22,Other,Asian,Widowed,,14.9
12020,Developer,Finance,1.29,6062.13,36.0,,4,4,2,3,0,1,32,Male,Mixed,Divorced,Mental,5.9
12021,HR,HR,7.47,2452.39,9.0,Frequent,5,3,24,1,1,1,59,Male,Black,Widowed,,7.1
12022,Consultant,HR,0.43,5504.48,19.3,Frequent,5,4,12,1,0,1,32,Female,White,Married,,13.9
12023,HR,Consulting,3.34,3082.18,11.7,,5,5,15,3,1,0,18,Other,Mixed,Single,,18.8
12024,Analyst,Operations,0.01,1844.82,21.1,Occasional,1,1,27,2,1,1,60,Female,White,Widowed,,3.6
12025,Manager,Operations,7.76,4285.45,8.5,Occasional,1,4,44,3,1,0,35,Male,Asian,Single,,5.7
12026,Operations,Consulting,0.36,3694.47,29.0,,2,2,26,3,1,1,23,Male,Asian,Divorced,,19.6
12027,Developer,Operations,0.3,2668.47,21.2,Occasional,2,2,9,2,1,1,51,Male,Mixed,Married,,4.1
12028,Finance,Technology,1.21,1982.35,8.5,Frequent,5,3,17,2,1,0,19,Female,Other,Married,,4.6
12029,Manager,Operations,1.4,3989.97,27.3,Occasional,3,5,7,4,0,0,34,Other,Black,Widowed,,24.8
12030,Operations,Operations,0.72,5171.0,10.1,,2,5,6,5,1,0,22,Female,Black,Divorced,,13.1
12031,HR,Consulting,2.64,4701.94,2.9,,1,2,48,1,1,0,37,Other,Other,Married,Mental,7.3
12032,Developer,Finance,1.76,4068.05,6.9,Occasional,1,3,21,2,0,1,31,Female,White,Divorced,,34.8
12033,HR,Operations,0.1,4574.62,31.2,Occasional,4,5,37,2,0,0,29,Other,Asian,Divorced,,16.9
12034,Analyst,Operations,1.16,3967.34,47.6,Frequent,5,5,46,4,0,1,21,Other,Mixed,Single,,11.6
12035,Consultant,Finance,4.99,2284.33,48.4,Occasional,3,3,8,4,0,0,58,Male,Black,Divorced,,7.4
12036,Developer,Consulting,3.51,2294.93,10.7,Occasional,5,4,59,5,0,0,27,Male,Black,Divorced,,11.9
12037,Operations,Finance,3.87,3756.2,14.3,Occasional,1,2,41,2,0,1,56,Female,Mixed,Divorced,,14.7
12038,Operations,Consulting,3.59,3807.22,11.9,Frequent,3,5,58,2,0,1,47,Other,Mixed,Divorced,,18.0
12039,Analyst,Technology,1.12,5021.18,16.5,Occasional,2,4,39,4,1,0,54,Male,Black,Married,,32.3
12040,Analyst,Consulting,0.31,4908.77,5.0,Frequent,4,4,38,3,0,0,64,Female,Black,Single,,13.7
12041,Developer,Technology,0.95,4726.16,10.9,Frequent,1,4,28,5,1,1,43,Male,Black,Widowed,,12.6
12042,HR,Technology,5.35,3663.66,19.3,,4,4,54,2,1,0,62,Other,Mixed,Single,Physical,15.7
12043,Finance,Consulting,11.81,2343.22,31.3,,5,1,36,1,0,0,63,Male,White,Married,Other,9.4
12044,Operations,HR,2.04,4494.49,20.6,Frequent,3,1,49,1,0,1,21,Female,Black,Married,,7.7
12045,Operations,Consulting,0.03,4630.2,13.8,Frequent,5,3,47,4,1,0,23,Female,White,Widowed,,12.5
12046,Analyst,Operations,0.45,1500.0,7.1,Frequent,4,2,46,1,0,0,32,Female,Black,Married,Mental,10.0
12047,Manager,Operations,1.17,2998.79,32.6,,1,3,41,4,0,1,62,Female,Mixed,Married,,10.4
12048,Analyst,HR,2.59,3170.73,4.3,Frequent,4,1,28,3,1,0,62,Male,Other,Single,,32.2
12049,Finance,Technology,0.23,4142.02,5.3,,1,3,27,4,0,1,35,Female,White,Single,,10.2
12050,HR,HR,8.61,3035.97,25.3,,4,3,20,2,0,0,34,Female,Other,Single,Other,13.9
12051,HR,Operations,1.36,3954.24,27.8,Frequent,5,4,32,1,0,0,50,Male,Black,Widowed,,17.7
12052,Manager,HR,7.31,3747.36,1.1,Frequent,4,5,58,2,1,0,53,Male,Black,Single,,7.1
12053,Operations,Consulting,4.55,3809.02,13.9,Frequent,2,1,25,1,0,0,60,Other,Mixed,Widowed,,12.0
12054,Analyst,HR,4.22,3140.33,2.3,,5,1,37,1,0,0,42,Female,Other,Married,,7.1
12055,HR,Technology,2.8,3233.22,14.6,Occasional,4,3,14,4,0,0,45,Male,Other,Widowed,,20.5
12056,Finance,Consulting,2.96,2703.68,12.3,Frequent,4,5,1,5,1,0,30,Female,Black,Widowed,,24.7
12057,Developer,Finance,3.05,4456.08,41.1,Occasional,3,3,11,1,1,1,49,Male,Asian,Divorced,Physical,9.0
12058,Consultant,Operations,2.97,4685.32,22.8,Occasional,5,2,32,1,1,1,36,Male,Asian,Divorced,,17.2
12059,Consultant,Operations,2.42,3075.26,23.3,Occasional,3,1,14,5,1,1,48,Female,Other,Married,,11.8
12060,Consultant,HR,12.9,5824.77,36.7,Occasional,5,4,44,2,0,1,32,Other,Other,Married,,19.0
12061,Operations,Consulting,3.95,3622.48,37.6,Occasional,1,4,0,1,0,0,61,Female,White,Single,,6.7
12062,Analyst,Finance,4.5,5836.22,18.5,,5,4,32,4,1,0,40,Other,Black,Widowed,,17.2
12063,Manager,Consulting,6.18,3229.45,9.9,,5,1,3,5,0,0,57,Other,Asian,Divorced,,16.9
12064,HR,Operations,0.73,1568.11,30.2,,4,1,27,5,1,0,44,Female,Mixed,Single,,12.9
12065,Developer,Consulting,0.26,4482.64,29.1,Occasional,2,4,52,1,0,1,18,Other,White,Divorced,,20.2
12066,Finance,Finance,1.98,4298.25,25.1,,5,1,13,2,0,0,39,Female,Asian,Single,,24.2
12067,Developer,HR,2.17,4041.27,18.4,Frequent,3,4,52,2,0,1,25,Male,Black,Divorced,,31.6
12068,Finance,Technology,5.3,3229.32,14.5,Occasional,2,2,58,3,1,0,22,Other,Black,Single,,6.4
12069,Operations,Consulting,1.76,3958.51,37.7,Frequent,5,2,48,3,0,1,41,Female,Black,Widowed,,21.0
12070,Analyst,Technology,2.54,3386.49,12.3,Occasional,2,2,44,4,1,1,50,Other,Asian,Single,,3.6
12071,Consultant,Operations,2.25,3637.18,9.5,Occasional,1,3,11,1,0,0,29,Female,Black,Married,,16.4
12072,Analyst,HR,0.12,5009.96,13.8,Occasional,2,3,58,2,1,0,21,Female,Mixed,Single,,12.5
12073,Operations,HR,2.87,4221.06,8.3,Occasional,1,5,5,3,1,1,32,Other,Black,Divorced,,16.3
12074,Manager,Consulting,5.28,4731.94,29.2,Frequent,2,5,50,1,0,0,26,Male,White,Widowed,,17.2
12075,Manager,HR,0.51,3721.76,18.4,Occasional,2,5,19,1,0,0,59,Male,Mixed,Single,,6.6
12076,Operations,Consulting,2.71,3589.58,2.5,Occasional,3,2,47,2,0,0,30,Other,White,Single,,12.2
12077,Finance,Consulting,2.7,2615.82,22.8,,3,2,20,1,0,0,27,Female,White,Married,,5.0
12078,HR,Technology,0.54,3555.96,14.2,Occasional,4,2,15,5,1,0,59,Male,Other,Divorced,,43.4
12079,HR,HR,0.4,1500.0,16.8,Occasional,2,1,11,3,1,0,31,Female,Other,Married,,15.2
12080,Finance,Consulting,11.74,3291.73,20.1,Occasional,1,1,51,4,0,0,18,Other,Black,Single,,5.0
12081,Manager,Technology,1.5,3901.75,11.1,Occasional,2,2,19,3,0,0,44,Female,Mixed,Widowed,,5.3
12082,Manager,Finance,0.77,4676.41,9.4,Occasional,5,4,57,1,0,0,39,Male,Asian,Divorced,,6.1
12083,Manager,Technology,0.56,3677.59,25.2,Occasional,1,5,44,5,1,0,39,Male,Other,Single,,9.7
12084,Analyst,Technology,3.3,4417.21,5.9,Frequent,5,3,32,3,0,0,43,Other,Mixed,Single,,4.4
12085,Manager,Consulting,2.82,1500.0,7.5,Frequent,4,5,49,2,0,0,41,Other,Other,Divorced,,13.0
12086,Developer,Operations,3.09,3931.8,8.9,Occasional,5,4,1,5,0,0,47,Other,Mixed,Married,,23.8
12087,Consultant,Operations,0.28,1984.6,32.3,Frequent,4,1,33,3,0,1,57,Female,Black,Widowed,,25.7
12088,Manager,Operations,6.72,2550.04,38.7,,4,2,25,1,0,1,34,Male,White,Married,,15.3
12089,Finance,Technology,1.48,3775.4,8.9,,4,1,32,2,0,0,40,Other,Other,Married,,21.5
12090,Consultant,Consulting,1.13,5531.52,7.6,Occasional,5,1,41,1,0,0,27,Male,White,Widowed,,8.4
12091,Analyst,HR,1.86,4445.45,18.3,Occasional,4,4,29,1,0,0,50,Male,White,Single,,17.2
12092,Finance,Technology,1.48,4021.88,14.2,Frequent,4,1,55,2,0,0,25,Male,Asian,Divorced,,13.8
12093,Consultant,Technology,5.98,3976.56,29.6,,3,1,0,5,0,1,22,Male,Asian,Divorced,,24.0
12094,Finance,Consulting,7.95,3143.65,23.8,Occasional,2,5,45,3,0,1,51,Other,Black,Married,,22.6
12095,Analyst,Finance,1.08,3347.22,50.3,,4,5,7,5,0,0,44,Other,Mixed,Married,,13.5
12096,Developer,Technology,5.98,4512.85,7.9,Frequent,1,4,0,2,0,1,48,Female,Black,Single,,7.1
12097,Analyst,Finance,4.56,2337.57,29.3,Occasional,1,2,45,3,1,1,42,Other,Mixed,Widowed,,34.0
12098,Analyst,Finance,8.01,4711.66,12.3,Occasional,3,5,9,2,1,0,19,Male,Asian,Widowed,Mental,21.2
12099,Finance,Operations,0.85,3533.79,7.2,Occasional,5,1,31,4,0,1,37,Female,Black,Divorced,,7.2
12100,Operations,Consulting,2.58,4990.67,12.2,,5,3,50,4,1,0,60,Female,Mixed,Widowed,Other,21.2
12101,HR,Finance,0.96,5153.31,13.2,Frequent,5,5,56,5,0,0,20,Other,Asian,Married,,39.5
12102,Manager,Consulting,5.21,1992.3,36.4,,4,3,39,2,0,0,58,Other,Mixed,Single,,26.2
12103,Manager,Operations,0.02,3302.1,4.0,,5,2,1,3,1,0,57,Male,Black,Single,,8.9
12104,Developer,Consulting,2.5,2973.37,9.1,Occasional,5,1,30,5,0,0,55,Other,Other,Married,Mental,25.0
12105,Developer,Technology,1.24,1824.73,17.6,Frequent,2,5,3,4,0,0,63,Female,Other,Divorced,,13.9
12106,Manager,Finance,1.17,2760.96,6.8,Frequent,4,2,55,4,1,0,57,Male,Black,Married,,8.6
12107,HR,Consulting,3.11,6929.51,47.0,Occasional,4,4,11,4,1,1,32,Male,White,Single,,9.3
12108,Manager,HR,5.72,4731.41,51.9,Frequent,1,2,30,5,1,1,44,Female,Other,Single,,9.9
12109,Operations,Consulting,2.82,6300.75,16.6,Occasional,1,4,40,3,0,0,41,Female,Other,Single,,21.2
12110,HR,Finance,5.76,4994.92,25.3,Occasional,2,4,22,4,1,0,52,Female,Other,Widowed,Physical,9.3
12111,Developer,Operations,0.92,3109.79,42.1,Frequent,3,5,32,5,1,0,40,Female,White,Married,,13.1
12112,Consultant,Operations,2.2,3541.87,14.9,Frequent,4,3,7,5,1,0,25,Other,Asian,Divorced,,17.3
12113,Finance,Finance,1.8,4706.12,24.2,Frequent,1,4,59,1,0,1,39,Female,Asian,Married,,13.0
12114,Operations,Technology,0.04,4525.01,6.1,Frequent,5,1,48,1,0,0,33,Other,White,Married,,8.3
12115,Operations,Technology,2.44,3307.19,2.6,,4,5,15,3,0,0,23,Female,White,Married,Mental,13.3
12116,Developer,Operations,3.25,2188.01,31.7,Occasional,4,4,14,4,0,1,56,Female,Black,Widowed,,14.3
12117,Developer,Operations,2.69,7945.31,15.6,Occasional,4,5,40,1,1,0,62,Female,Black,Married,Other,13.7
12118,Analyst,Finance,4.0,3830.62,50.9,Occasional,1,1,39,3,0,0,46,Other,Black,Single,,13.5
12119,Operations,Technology,2.54,3609.11,10.3,Occasional,2,5,51,1,1,0,43,Female,Asian,Divorced,,12.4
12120,Analyst,Operations,0.21,4136.0,5.6,,1,5,25,4,1,0,26,Other,Mixed,Widowed,,8.7
12121,Analyst,Technology,0.37,3708.73,29.6,Frequent,5,4,13,5,1,0,36,Male,Other,Widowed,,18.0
12122,Finance,Operations,2.72,4147.27,48.2,Frequent,5,2,11,4,0,1,24,Male,Black,Widowed,,12.3
12123,Analyst,Consulting,0.96,5544.34,6.1,Frequent,3,5,26,1,0,1,42,Female,Other,Widowed,,9.1
12124,HR,HR,0.25,3850.54,7.8,Occasional,1,4,46,4,1,1,41,Female,White,Single,,14.6
12125,Manager,Consulting,1.68,2604.75,41.0,,1,1,30,5,1,0,56,Female,Asian,Single,,15.0
12126,Consultant,Operations,2.42,3806.03,61.5,,3,1,3,2,0,1,64,Female,Black,Divorced,,17.2
12127,Developer,HR,1.2,3442.72,24.4,Frequent,3,2,29,5,1,0,54,Male,Mixed,Married,,14.5
12128,HR,HR,3.82,5708.68,9.6,Occasional,4,1,3,1,0,1,51,Other,Asian,Widowed,,32.6
12129,Consultant,Operations,3.1,5405.34,38.6,Frequent,4,4,53,5,0,0,46,Female,White,Married,Physical,5.2
12130,Operations,Operations,1.21,4129.03,13.4,Occasional,5,2,30,3,0,0,51,Male,Other,Married,,8.2
12131,Operations,Technology,4.22,2465.52,9.9,Frequent,2,4,33,4,0,0,37,Other,Asian,Divorced,,26.0
12132,Operations,Operations,3.14,2528.93,11.1,Frequent,5,2,3,2,0,1,22,Female,Other,Widowed,,8.6
12133,HR,Finance,3.04,4018.15,27.0,,1,2,19,2,0,1,61,Male,Black,Married,,8.7
12134,HR,Operations,2.42,4403.59,17.3,Occasional,2,4,55,4,0,1,53,Female,White,Divorced,,20.7
12135,Developer,Finance,0.03,3550.45,23.4,,4,2,17,4,0,1,47,Female,Mixed,Married,,6.5
12136,Manager,Operations,3.58,3423.8,30.2,,3,4,46,3,0,0,37,Male,Asian,Divorced,,17.4
12137,Analyst,Technology,1.42,3288.64,14.0,Frequent,3,1,7,5,1,0,28,Female,Other,Single,,13.7
12138,Operations,Finance,8.57,3971.93,32.9,Occasional,5,1,59,2,1,1,38,Female,White,Divorced,,27.7
12139,Finance,Consulting,5.11,1500.0,16.8,Occasional,1,5,41,1,1,1,37,Male,White,Divorced,,22.6
12140,Manager,Finance,2.66,2678.41,11.2,Frequent,1,3,58,4,0,0,23,Female,Black,Single,,6.6
12141,Finance,Technology,0.87,3247.54,4.5,Frequent,3,3,1,4,0,1,62,Other,Asian,Widowed,,15.1
12142,Developer,Finance,0.68,5449.0,13.5,Frequent,5,1,56,2,1,1,43,Female,Black,Divorced,,11.7
12143,Developer,Operations,1.25,3023.42,43.9,Occasional,5,5,8,4,1,1,40,Male,Black,Divorced,,25.0
12144,Developer,Operations,1.94,4216.56,29.1,Frequent,4,3,15,2,1,1,22,Female,Black,Married,Mental,20.3
12145,Consultant,Technology,1.05,4271.85,23.3,Frequent,4,4,21,1,1,0,42,Female,White,Divorced,,25.6
12146,Finance,HR,2.17,5557.5,6.6,,4,4,57,1,0,1,46,Female,Other,Divorced,,5.8
12147,Manager,Operations,0.54,5515.09,10.9,Frequent,2,2,11,2,1,0,21,Other,Other,Married,Mental,5.4
12148,Manager,Consulting,11.41,3931.0,26.4,Frequent,5,3,4,4,0,1,44,Female,Mixed,Widowed,,10.4
12149,HR,Technology,0.34,3429.42,31.1,Occasional,5,4,38,3,1,1,27,Male,Mixed,Single,,21.3
12150,HR,Finance,8.06,3203.4,29.6,Frequent,4,3,14,3,0,1,51,Male,Other,Single,,7.8
12151,Operations,Finance,7.35,3710.72,20.1,Occasional,3,2,44,5,0,1,44,Male,Black,Divorced,,10.8
12152,HR,Consulting,2.24,3479.16,8.7,,4,1,7,3,0,1,25,Male,White,Widowed,,10.3
12153,Developer,Operations,3.87,4664.35,31.1,,2,5,23,4,0,1,52,Female,Black,Single,,3.7
12154,Manager,Technology,1.72,4504.37,10.9,Occasional,3,2,50,3,1,1,45,Other,Black,Married,,8.6
12155,Finance,Consulting,2.98,4710.16,31.4,Frequent,5,2,18,5,1,1,26,Male,Black,Divorced,Physical,5.7
12156,Developer,Operations,1.25,5511.14,13.5,Occasional,2,2,36,1,0,1,51,Female,Asian,Divorced,,33.0
12157,Consultant,Technology,1.07,6235.44,49.2,Frequent,2,5,52,2,0,1,47,Other,Asian,Widowed,,15.5
12158,HR,Finance,2.59,4149.6,12.4,Frequent,3,4,17,3,0,1,34,Other,Black,Divorced,,8.7
12159,Developer,Technology,2.07,5319.36,12.2,Frequent,4,3,20,2,0,1,50,Male,Mixed,Widowed,Physical,8.2
12160,Developer,HR,2.6,3578.01,15.8,Occasional,4,1,48,2,1,0,46,Female,Mixed,Single,Mental,19.2
12161,Consultant,Technology,1.01,5422.01,8.8,,1,1,58,1,0,1,54,Female,Other,Single,,12.2
12162,Analyst,HR,1.37,5273.81,7.5,Occasional,3,5,38,5,0,1,30,Female,White,Widowed,,21.6
12163,Manager,Technology,0.26,5210.1,8.6,Frequent,4,1,13,4,1,0,46,Female,Asian,Single,,10.5
12164,Finance,HR,0.16,4112.88,40.0,Occasional,2,5,14,4,0,0,57,Male,Black,Single,,8.9
12165,Operations,Finance,0.88,3197.97,8.0,,4,5,58,4,0,0,56,Other,Asian,Single,,2.5
12166,Analyst,Operations,0.23,2326.57,12.3,Occasional,4,3,54,5,1,1,31,Other,Other,Widowed,,19.4
12167,HR,HR,0.33,3951.96,65.2,,2,3,48,5,1,1,25,Male,Mixed,Married,,19.9
12168,Developer,HR,5.03,5839.62,32.1,,3,5,2,5,1,0,49,Other,Mixed,Married,,28.6
12169,Consultant,Finance,0.12,3628.19,31.7,Frequent,1,3,55,3,0,0,28,Other,White,Single,,6.1
12170,Consultant,HR,3.23,4942.15,58.8,,4,4,44,2,1,1,52,Male,White,Married,,43.3
12171,Manager,Consulting,0.95,5012.74,15.4,Occasional,4,2,10,5,0,0,22,Male,Other,Single,,6.7
12172,Analyst,Finance,6.16,3659.58,2.8,Occasional,4,1,56,5,0,0,54,Other,White,Divorced,,26.4
12173,Operations,Consulting,1.99,5579.61,29.7,Frequent,3,1,2,3,1,0,62,Male,Other,Married,Mental,8.6
12174,Manager,Finance,1.09,1500.0,14.2,Occasional,2,1,29,2,0,1,22,Female,Asian,Divorced,,15.8
12175,Developer,HR,2.19,2532.7,65.5,Frequent,2,1,5,4,1,1,19,Female,Black,Single,,12.3
12176,Manager,Consulting,1.44,2901.24,2.4,Occasional,2,4,5,1,0,1,43,Other,Mixed,Married,,41.8
12177,Finance,HR,2.49,3016.34,7.5,Occasional,2,4,30,5,0,1,47,Male,Black,Married,,3.3
12178,Consultant,Finance,0.36,4403.52,10.5,,2,2,21,5,0,0,30,Female,Asian,Divorced,,23.8
12179,Consultant,HR,17.42,4348.05,15.6,,2,5,20,1,1,0,55,Male,White,Single,,9.6
12180,HR,Consulting,1.66,4472.79,5.1,,4,3,37,5,0,0,57,Other,Mixed,Married,,25.1
12181,HR,Consulting,1.28,4715.3,21.7,Occasional,4,2,37,5,1,1,44,Other,White,Widowed,,22.0
12182,Operations,HR,3.72,2859.87,10.1,Frequent,2,1,57,5,1,0,34,Male,Black,Single,,11.3
12183,Developer,Technology,1.36,2538.19,33.5,Frequent,2,3,5,1,1,1,32,Male,White,Widowed,,17.4
12184,Finance,Finance,5.37,4475.58,41.8,Frequent,3,2,28,3,1,0,50,Male,Other,Married,,16.6
12185,Analyst,Finance,1.82,3243.72,12.9,,3,1,55,3,0,1,47,Female,Black,Married,,15.4
12186,Manager,HR,3.81,2115.43,24.3,Occasional,5,2,45,1,0,1,49,Other,White,Widowed,,14.4
12187,Operations,Technology,0.34,5165.61,16.7,,4,1,10,3,0,0,24,Other,Black,Married,,29.1
12188,Developer,Consulting,5.61,5674.12,15.8,Occasional,2,1,47,4,1,1,56,Female,White,Married,,20.3
12189,HR,Operations,3.99,5868.59,4.7,Occasional,4,4,21,4,1,0,33,Female,White,Single,,31.1
12190,Manager,Operations,0.71,4224.41,15.1,Occasional,5,1,59,1,1,0,28,Female,Black,Single,,10.2
12191,HR,HR,0.47,4751.12,31.2,,3,2,50,2,0,0,54,Other,Asian,Single,,17.0
12192,Manager,Technology,1.14,5643.84,22.1,Occasional,5,3,38,5,1,0,31,Male,Black,Divorced,,14.8
12193,Analyst,Technology,11.2,3230.3,7.7,,1,4,5,2,0,1,40,Male,Mixed,Single,,19.6
12194,Developer,Finance,0.89,5332.81,4.8,,3,3,29,5,0,0,48,Other,Mixed,Married,Other,4.3
12195,Manager,Consulting,1.83,4330.48,14.7,Occasional,4,5,42,3,1,1,45,Other,Asian,Married,,29.3
12196,Finance,Technology,0.09,5096.45,9.0,Occasional,3,3,24,3,0,1,59,Male,White,Divorced,,23.7
12197,Operations,Operations,1.52,4223.31,9.9,Occasional,5,5,35,4,0,0,22,Female,Black,Married,,6.2
12198,Consultant,Consulting,2.54,5555.51,9.1,,2,5,0,2,0,1,41,Female,White,Divorced,,8.1
12199,Finance,Consulting,9.18,4268.23,16.9,Occasional,5,4,21,1,0,0,35,Other,White,Single,,21.9
12200,Finance,HR,2.18,2219.23,25.6,Occasional,5,3,8,5,0,0,21,Other,Mixed,Widowed,,8.6
12201,Operations,Technology,5.13,5742.31,8.7,Frequent,2,1,44,3,0,0,40,Other,Black,Widowed,,11.4
12202,Consultant,HR,2.38,2862.96,8.4,Frequent,4,4,7,5,0,0,26,Other,Other,Widowed,Other,12.5
12203,Finance,Technology,0.12,5503.67,5.6,Frequent,4,4,33,1,1,0,28,Male,Mixed,Widowed,,6.2
12204,Manager,Finance,1.14,3891.71,19.0,Occasional,3,1,15,5,0,1,52,Male,White,Widowed,,8.2
12205,Manager,HR,2.57,5411.21,30.7,,5,3,18,4,1,0,28,Other,White,Divorced,,9.2
12206,Manager,HR,9.02,5361.72,15.3,Frequent,3,4,7,1,0,1,24,Male,Other,Married,,25.0
12207,Consultant,Operations,5.88,4516.17,25.6,,2,5,11,1,0,0,34,Female,White,Divorced,,30.6
12208,Finance,HR,0.78,4610.24,36.7,Frequent,1,1,42,5,0,0,35,Female,Asian,Married,,6.6
12209,Consultant,Technology,0.75,4507.15,20.0,Frequent,4,2,40,5,0,1,43,Other,Other,Single,,14.2
12210,Manager,Operations,0.67,1583.41,7.9,,2,4,55,3,0,0,64,Female,White,Divorced,Mental,6.7
12211,Operations,HR,7.67,4142.0,7.1,Frequent,4,5,30,5,1,0,43,Other,Mixed,Single,,11.2
12212,Finance,HR,5.75,2660.72,8.3,,3,3,41,1,0,0,34,Male,Mixed,Married,,6.3
12213,Finance,Finance,4.47,4205.42,53.2,Occasional,1,3,32,5,0,1,27,Other,Asian,Married,,8.4
12214,HR,HR,1.5,2628.47,63.4,Occasional,5,1,18,3,0,1,47,Female,Other,Married,,9.6
12215,HR,Consulting,2.11,2578.06,12.5,,4,5,26,2,0,0,32,Other,Other,Married,Mental,16.0
12216,Analyst,Operations,1.87,5925.92,35.4,,5,1,23,4,0,0,64,Male,White,Widowed,,22.8
12217,Developer,Consulting,0.88,5283.34,39.8,Occasional,3,4,48,1,0,0,43,Male,White,Married,,17.1
12218,HR,Operations,2.11,3995.03,4.8,,4,1,27,3,0,1,58,Other,Black,Married,,11.8
12219,Consultant,Finance,0.09,4221.72,51.2,Occasional,3,2,54,4,1,0,45,Female,Asian,Single,,25.9
12220,HR,HR,0.42,3702.5,13.7,Occasional,5,1,3,5,1,1,36,Other,Other,Single,,12.3
12221,Analyst,HR,6.53,4683.85,13.2,,3,1,11,5,0,1,18,Other,White,Widowed,,17.5
12222,Finance,HR,4.18,3188.73,5.8,Frequent,3,4,22,2,0,1,51,Female,Other,Widowed,,19.2
12223,Analyst,Operations,1.65,5192.49,53.5,,3,5,19,5,0,0,55,Other,Asian,Widowed,,28.1
12224,Finance,HR,2.18,3696.3,17.6,Occasional,2,2,39,4,1,0,41,Male,Mixed,Widowed,,25.9
12225,Operations,Consulting,1.39,3496.18,49.9,Frequent,2,1,27,3,1,1,58,Male,Asian,Widowed,,11.6
12226,Operations,HR,4.05,4026.06,38.2,Frequent,4,4,53,2,1,1,41,Female,Other,Single,,23.4
12227,Finance,Finance,4.6,3290.62,12.7,Occasional,3,4,57,4,0,0,35,Male,White,Single,Physical,12.8
12228,Developer,Consulting,4.32,4394.42,18.1,Frequent,3,4,57,3,1,0,18,Male,Other,Divorced,Other,30.0
12229,HR,HR,3.85,3355.16,9.8,Frequent,3,5,47,4,0,0,27,Female,Black,Widowed,,10.8
12230,Consultant,HR,0.69,4562.23,10.8,,2,1,55,5,0,1,21,Other,Asian,Married,,12.7
12231,Consultant,Technology,1.24,5459.21,23.0,Occasional,5,3,59,4,1,1,31,Other,Black,Widowed,,10.0
12232,Manager,Operations,1.9,3136.81,28.5,Frequent,3,2,0,2,0,1,38,Female,Other,Divorced,,9.1
12233,Finance,Consulting,1.2,3843.31,2.7,Occasional,1,3,40,4,1,1,43,Female,Other,Divorced,Mental,20.6
12234,Consultant,Technology,4.22,4553.6,2.8,,4,5,10,1,1,1,55,Other,Black,Married,,6.0
12235,Developer,Finance,1.2,3476.97,11.0,,2,1,43,5,0,0,22,Male,White,Single,,9.3
12236,Finance,Operations,0.45,4557.18,20.7,,5,3,30,4,1,1,32,Other,White,Divorced,,16.0
12237,Developer,Consulting,1.53,4666.48,40.3,Frequent,1,3,40,3,0,0,41,Male,Asian,Married,,14.8
12238,Consultant,HR,11.72,5299.91,17.4,,3,3,37,5,1,0,27,Male,Black,Married,,19.3
12239,Consultant,Consulting,0.77,3272.81,13.7,Occasional,2,2,8,3,1,1,52,Female,Asian,Divorced,Physical,31.4
12240,Manager,HR,2.84,2868.67,25.3,,3,1,5,2,0,1,34,Male,Asian,Divorced,,6.0
12241,Consultant,Operations,1.7,3630.91,7.8,Frequent,4,4,5,1,1,0,49,Female,Mixed,Single,,7.9
12242,Finance,HR,0.22,2838.7,17.8,,2,1,51,4,1,0,26,Male,Asian,Married,,20.7
12243,Operations,Finance,2.01,4677.4,15.0,Frequent,1,3,2,5,0,0,48,Other,Asian,Married,,13.1
12244,Finance,HR,3.63,2605.9,18.8,Occasional,5,1,31,4,0,0,58,Male,Mixed,Single,,6.3
12245,Finance,Finance,2.16,6799.62,36.9,,5,4,34,4,0,0,32,Other,Asian,Divorced,,4.0
12246,Manager,Operations,6.17,5555.11,3.3,,4,2,15,5,0,0,20,Female,Asian,Married,,13.6
12247,Manager,Operations,1.02,4015.09,15.7,Occasional,5,1,1,1,0,0,57,Female,Asian,Single,,25.4
12248,Consultant,Consulting,0.27,5040.87,28.4,Occasional,5,1,35,1,1,0,52,Male,Black,Married,,16.0
12249,Analyst,Finance,8.27,2035.84,24.1,Frequent,4,2,40,2,0,1,30,Other,Mixed,Married,,14.6
12250,Analyst,Finance,1.43,7028.05,3.7,,1,2,6,5,0,1,39,Male,White,Divorced,Mental,11.3
12251,Manager,Technology,2.58,3291.74,2.8,,2,3,34,5,0,1,24,Female,Asian,Married,,8.9
12252,Consultant,Technology,4.71,3855.4,27.0,,2,3,55,3,0,1,37,Other,Black,Divorced,Other,8.6
12253,Analyst,Technology,1.18,1772.88,3.5,,4,2,29,3,0,1,54,Female,Black,Married,,22.2
12254,Consultant,HR,3.78,4583.54,18.0,Occasional,3,4,44,3,1,0,43,Female,Black,Married,,9.1
12255,Consultant,Technology,0.44,2672.39,35.3,,4,3,45,1,0,0,36,Male,Mixed,Married,,6.4
12256,Consultant,Finance,1.03,4121.99,4.5,,4,4,28,2,0,1,47,Male,Mixed,Single,,17.9
12257,HR,HR,0.47,3346.87,50.1,,4,2,40,2,0,1,51,Male,Other,Divorced,,30.8
12258,Finance,Operations,5.0,2706.71,26.4,Frequent,4,1,0,4,0,0,52,Male,Asian,Single,,37.1
12259,Consultant,Consulting,0.76,3034.77,87.1,Frequent,5,2,43,2,0,1,45,Female,White,Widowed,,29.9
12260,HR,Technology,3.79,4270.95,11.3,Frequent,5,2,0,3,0,0,52,Female,White,Married,,12.9
12261,Manager,Operations,8.61,2462.21,41.5,Occasional,1,5,40,5,0,0,51,Other,Other,Widowed,,7.2
12262,Analyst,Finance,2.25,3101.43,12.4,Occasional,4,2,56,4,1,1,33,Male,White,Divorced,,18.9
12263,Finance,Consulting,2.33,4795.93,17.2,Occasional,2,3,6,1,1,0,49,Other,Asian,Single,,35.7
12264,Operations,Operations,1.85,7122.98,9.6,,3,1,2,2,0,0,34,Male,White,Single,,28.1
12265,Analyst,Consulting,1.18,4573.11,16.6,,5,4,35,5,0,0,41,Other,Asian,Divorced,,19.2
12266,Finance,Technology,1.94,2899.29,32.1,Occasional,2,5,38,3,0,1,22,Other,Mixed,Divorced,,12.6
12267,Operations,Finance,2.77,3559.46,51.3,Frequent,5,3,30,1,0,1,29,Male,Mixed,Single,,13.4
12268,Analyst,Consulting,12.8,4037.91,8.0,,1,1,24,1,1,1,39,Male,Asian,Widowed,,4.3
12269,Finance,Operations,8.33,3580.69,19.2,Frequent,3,4,46,2,0,0,29,Female,Asian,Divorced,,8.0
12270,Analyst,Technology,5.94,5083.67,10.6,,5,1,55,5,1,1,46,Female,Mixed,Married,,8.8
12271,Analyst,Technology,6.6,4260.97,20.0,,3,3,23,3,0,0,56,Male,Asian,Widowed,,23.0
12272,Operations,Operations,1.89,5089.42,35.4,Frequent,3,1,0,3,0,1,56,Male,Other,Single,Other,10.9
12273,Analyst,Operations,3.21,3622.67,11.4,Occasional,2,2,37,3,0,0,53,Male,Mixed,Divorced,Mental,10.9
12274,Analyst,Consulting,6.76,5590.6,23.3,Frequent,5,1,53,3,0,0,23,Male,White,Divorced,,18.0
12275,Operations,HR,1.5,3800.22,7.6,Occasional,3,2,30,2,1,0,25,Other,Mixed,Widowed,,10.3
12276,Manager,Technology,9.79,2834.57,37.4,Occasional,4,3,36,2,0,1,23,Other,White,Divorced,,19.9
12277,Consultant,Consulting,1.61,6612.78,29.1,,3,5,10,5,1,0,47,Other,White,Married,,22.8
12278,Developer,Operations,2.76,1810.03,8.8,,3,2,48,4,0,1,36,Other,Other,Single,,17.8
12279,HR,Consulting,3.71,3113.51,8.6,,5,1,2,2,0,0,47,Female,Mixed,Widowed,,15.5
12280,Developer,Operations,9.02,3247.57,43.2,Occasional,4,1,11,3,1,1,42,Male,Mixed,Widowed,,23.9
12281,Developer,Finance,0.84,7009.97,61.1,Occasional,3,1,19,5,1,1,27,Other,Other,Married,,10.5
12282,Finance,Operations,4.11,6168.23,9.1,Frequent,5,3,29,3,0,0,19,Other,Mixed,Divorced,,10.0
12283,Consultant,Operations,2.21,5792.71,32.2,,5,4,9,2,0,0,63,Male,White,Widowed,,16.9
12284,Finance,Operations,0.94,3603.21,12.8,,3,1,38,5,0,1,60,Other,Asian,Single,,2.6
12285,Consultant,HR,4.5,6911.41,43.2,Occasional,1,1,14,3,1,0,41,Other,Other,Divorced,,28.5
12286,Operations,Operations,2.41,4442.02,13.3,,1,2,20,4,0,0,45,Female,Other,Widowed,,15.7
12287,Operations,Technology,3.25,5172.72,27.5,Occasional,2,5,17,1,1,0,51,Other,Asian,Widowed,,1.6
12288,Consultant,Technology,1.17,4215.63,18.8,Frequent,1,1,31,1,0,1,20,Male,White,Single,,44.6
12289,Analyst,Consulting,1.97,3940.64,1.9,Frequent,1,3,18,3,0,0,43,Other,Asian,Widowed,,20.3
12290,Manager,HR,2.88,3697.87,8.1,,5,4,29,1,1,1,39,Female,Mixed,Divorced,,29.3
12291,Analyst,Consulting,1.56,3748.43,27.2,Frequent,5,4,32,4,1,1,49,Female,Asian,Married,,17.9
12292,Manager,Technology,0.66,4730.19,24.9,,3,4,21,4,1,0,60,Male,Other,Widowed,,11.0
12293,Finance,Technology,9.78,4440.64,20.6,,3,3,44,3,0,0,53,Female,Black,Married,,3.7
12294,Manager,Finance,2.15,3962.23,52.5,Occasional,5,4,28,4,1,0,31,Other,Mixed,Single,,16.1
12295,Finance,Operations,3.97,5811.43,30.7,Occasional,3,4,23,1,1,0,54,Male,Asian,Married,Mental,19.6
12296,Operations,Technology,1.59,1500.0,28.1,,5,2,3,3,1,1,20,Other,Asian,Widowed,,15.5
12297,Developer,Consulting,1.32,4611.86,1.9,Frequent,1,4,49,1,1,0,45,Male,White,Single,,7.8
12298,Operations,Consulting,1.57,4861.29,31.8,Frequent,3,2,11,4,0,1,43,Female,Mixed,Divorced,,3.1
12299,Operations,Operations,1.58,5376.36,3.9,,1,2,35,4,0,1,57,Female,White,Married,,9.1
12300,Developer,Operations,2.36,3922.15,16.6,,2,2,57,5,0,0,27,Other,Other,Widowed,,11.7
12301,Manager,Finance,2.35,4249.5,4.0,Frequent,3,3,3,2,0,0,61,Female,Other,Divorced,,6.4
12302,Manager,HR,2.06,5183.14,23.8,Frequent,5,1,4,2,1,1,43,Other,White,Married,,5.7
12303,Finance,Consulting,0.43,5789.4,36.4,Occasional,5,5,18,3,0,1,57,Female,Mixed,Divorced,,16.4
12304,Analyst,Operations,2.06,3639.36,15.6,Occasional,2,4,40,1,0,0,40,Female,White,Widowed,,15.6
12305,Finance,Consulting,0.56,4320.37,16.0,Frequent,5,5,38,2,0,0,24,Other,White,Widowed,,8.3
12306,Analyst,Operations,0.4,6014.29,7.4,Occasional,1,1,56,3,0,0,51,Female,Mixed,Married,,9.4
12307,Operations,Technology,8.09,1500.0,36.0,Occasional,5,2,30,4,1,1,29,Male,Other,Married,,22.4
12308,Developer,Consulting,2.79,3171.98,4.4,,2,2,6,2,1,0,39,Female,Black,Widowed,,12.8
12309,Operations,Technology,3.23,5759.0,18.8,Occasional,4,2,11,1,1,0,28,Male,White,Divorced,,23.2
12310,Consultant,Consulting,1.54,5311.05,15.4,Occasional,4,2,9,5,0,1,26,Male,White,Married,,11.5
12311,Manager,HR,7.19,4626.93,22.1,,1,4,28,5,0,0,22,Male,Asian,Widowed,,13.5
12312,Analyst,Finance,3.05,3461.68,29.6,Frequent,4,1,51,2,1,0,23,Male,Mixed,Single,,14.1
12313,Finance,Technology,4.4,2941.82,14.7,Occasional,5,1,20,5,0,1,24,Male,Asian,Divorced,,21.6
12314,Developer,Operations,1.38,3290.54,31.9,Occasional,2,1,12,3,1,1,63,Female,Other,Single,,13.9
12315,Analyst,HR,9.66,5857.61,16.2,Frequent,1,5,22,1,0,1,35,Female,Asian,Single,,6.4
12316,Finance,Consulting,5.15,3245.87,21.5,Occasional,4,2,5,4,1,0,32,Other,Mixed,Divorced,,21.3
12317,Manager,Technology,5.77,4121.71,6.3,Frequent,5,3,30,1,1,0,18,Other,White,Single,,8.7
12318,Operations,Consulting,0.57,3095.55,11.9,,5,1,8,4,1,1,32,Other,White,Single,,22.3
12319,Manager,Consulting,0.95,5011.33,3.5,Frequent,3,5,50,5,1,0,26,Other,Black,Single,Physical,14.6
12320,HR,Consulting,1.01,3353.53,17.5,Frequent,3,4,23,3,0,0,24,Male,Other,Widowed,Mental,17.6
12321,Consultant,Finance,0.95,3882.89,28.5,Frequent,2,2,15,4,0,0,61,Female,White,Single,,5.4
12322,HR,Finance,5.8,1979.94,14.2,,1,5,58,5,0,1,26,Male,Asian,Single,,16.7
12323,Developer,Operations,0.1,2063.96,15.5,Frequent,4,3,57,4,1,1,61,Other,Black,Divorced,,4.1
12324,Analyst,Technology,0.24,4009.21,22.4,Frequent,4,3,10,2,0,0,28,Male,Black,Divorced,,5.9
12325,Developer,HR,0.96,2409.81,24.2,,5,4,35,1,1,0,20,Other,Other,Single,,17.8
12326,Operations,HR,0.67,6526.1,3.3,Occasional,4,1,56,3,0,0,30,Other,Black,Single,,5.8
12327,Finance,HR,0.79,1526.17,10.2,Occasional,2,1,0,5,0,1,22,Other,Mixed,Single,,3.5
12328,Manager,Consulting,4.8,3039.79,3.9,Frequent,3,5,20,3,0,0,49,Other,Asian,Widowed,,13.4
12329,HR,Finance,2.48,4020.04,12.2,,5,5,43,1,1,1,39,Female,Black,Single,,6.4
12330,HR,Technology,0.02,3561.84,46.2,,1,1,35,4,0,1,60,Other,White,Divorced,,11.3
12331,Operations,Consulting,1.68,2675.03,28.7,Frequent,5,1,36,4,1,0,43,Female,Asian,Divorced,,8.2
12332,HR,Finance,1.57,2850.49,16.6,Frequent,4,5,5,3,0,0,20,Female,Other,Single,,10.6
12333,Operations,Finance,0.36,2811.22,55.0,Occasional,2,2,13,4,0,1,58,Other,Black,Single,,15.6
12334,Developer,Technology,3.38,3655.93,20.9,Occasional,1,3,28,4,0,0,25,Female,Asian,Divorced,,16.9
12335,Manager,Technology,3.63,6342.31,74.9,Frequent,5,3,0,4,1,1,41,Other,White,Single,,21.9
12336,Analyst,Technology,3.83,4093.52,18.5,,4,4,7,2,1,0,57,Other,Black,Single,Other,17.2
12337,Finance,Consulting,3.91,5419.48,10.1,Frequent,5,3,46,5,1,0,30,Other,Other,Widowed,,15.8
12338,Analyst,Operations,0.0,4608.37,5.8,,1,5,43,5,0,0,28,Other,Other,Single,,22.4
12339,Developer,Technology,9.23,5336.63,26.6,Occasional,4,2,58,1,1,1,55,Female,Other,Widowed,Physical,7.5
12340,Finance,Operations,5.05,1500.0,12.1,Frequent,3,5,18,4,1,1,62,Male,Black,Married,,22.1
12341,HR,Consulting,7.03,3634.65,18.4,,1,1,22,3,1,1,60,Male,Black,Widowed,,13.8
12342,Consultant,Operations,0.05,5568.56,23.7,Occasional,3,1,38,4,0,1,31,Other,Black,Single,,25.6
12343,Developer,HR,8.15,3313.92,8.0,Frequent,3,3,40,1,0,1,63,Other,White,Single,Other,7.1
12344,Developer,Operations,4.98,6114.97,20.6,Frequent,4,2,10,4,1,1,22,Other,Other,Divorced,,13.1
12345,Manager,Technology,5.45,5780.67,14.3,Occasional,5,4,26,2,1,0,64,Male,Asian,Single,,17.6
12346,Analyst,Consulting,0.29,3437.04,4.2,Frequent,5,5,54,1,0,1,30,Male,Asian,Single,,13.8
12347,Developer,Technology,4.03,3396.2,24.6,Occasional,2,4,59,5,1,1,41,Other,Black,Single,,17.0
12348,Developer,HR,9.65,2783.67,26.9,,1,4,39,5,0,1,33,Female,Other,Widowed,Physical,29.5
12349,HR,Technology,3.4,3244.49,40.5,Frequent,1,4,35,2,1,1,46,Female,Other,Widowed,,9.9
12350,HR,Technology,2.54,2520.89,6.0,Occasional,4,4,41,5,0,0,36,Male,Black,Married,,9.0
12351,Finance,Technology,8.74,4514.57,62.0,Occasional,4,5,19,2,0,0,34,Female,White,Widowed,,23.9
12352,Operations,Finance,1.76,2252.74,8.8,,2,1,41,5,1,0,48,Female,Asian,Divorced,,15.9
12353,Operations,HR,2.74,4724.48,2.2,Frequent,2,5,7,5,0,0,46,Other,Asian,Widowed,Mental,8.8
12354,Consultant,Technology,1.94,4753.69,17.1,Occasional,3,1,45,4,0,1,49,Female,Mixed,Single,Mental,8.0
12355,Operations,Technology,8.1,2006.55,22.1,Occasional,2,1,35,1,0,1,63,Other,Black,Widowed,,15.6
12356,Manager,Technology,0.24,5859.78,14.8,Occasional,5,5,51,5,0,1,34,Other,Asian,Single,Other,22.3
12357,Consultant,Consulting,2.09,4616.33,5.9,Frequent,3,5,25,1,0,0,24,Other,Asian,Divorced,,11.4
12358,Finance,Finance,3.48,4899.64,11.3,Frequent,2,5,34,1,1,0,55,Other,White,Married,,15.5
12359,HR,Consulting,4.71,3089.6,21.2,,5,1,59,5,0,0,22,Female,Black,Married,,8.5
12360,Operations,Finance,2.62,4746.85,68.1,,5,5,2,1,0,0,41,Male,Black,Married,Mental,18.2
12361,Analyst,Technology,7.19,5351.67,6.2,,3,2,58,2,1,0,50,Female,Asian,Married,,29.8
12362,HR,HR,8.54,3881.67,10.0,Frequent,3,3,3,3,0,0,40,Male,Asian,Single,Mental,12.0
12363,Manager,Operations,0.2,6402.31,4.8,Occasional,5,3,43,2,1,0,31,Male,Other,Single,,14.4
12364,HR,Operations,1.54,4052.88,12.1,Frequent,4,2,28,5,0,1,51,Other,Mixed,Widowed,,8.1
12365,Manager,Technology,0.07,5368.94,15.6,Frequent,3,3,49,2,1,0,21,Female,Asian,Single,,11.8
12366,Manager,Consulting,1.2,4351.61,33.4,Frequent,1,1,27,3,0,1,18,Male,Black,Married,,3.7
12367,Manager,HR,2.31,4702.63,21.5,,4,5,18,2,0,0,19,Male,Other,Single,Physical,3.4
12368,Finance,Finance,7.25,1994.4,44.8,Occasional,1,5,42,1,1,1,46,Female,White,Divorced,,18.2
12369,Manager,Technology,5.62,4445.26,16.2,Frequent,2,5,27,5,0,0,26,Male,Black,Divorced,,7.3
12370,Manager,HR,0.41,3118.03,0.4,,3,2,17,1,0,1,45,Female,Other,Divorced,,6.3
12371,Analyst,HR,0.29,2984.32,22.2,Frequent,3,2,13,1,1,0,50,Other,Black,Married,,9.0
12372,Consultant,Finance,2.67,6092.92,3.0,Occasional,5,1,42,5,0,0,40,Male,Black,Widowed,,3.1
12373,Developer,HR,2.28,3743.48,32.7,,3,2,13,5,0,1,37,Other,Black,Single,,4.3
12374,Consultant,Consulting,0.93,2796.04,16.2,Frequent,1,5,53,4,0,0,48,Male,Asian,Widowed,Mental,3.5
12375,Manager,Consulting,6.89,3569.04,9.7,,4,1,28,3,1,0,63,Other,Asian,Single,,17.1
12376,Analyst,Consulting,7.87,2439.46,5.5,Occasional,2,1,2,1,0,1,62,Male,Mixed,Married,,7.4
12377,HR,HR,1.55,5720.66,10.9,Occasional,4,5,33,1,0,0,43,Female,White,Divorced,,19.1
12378,Analyst,Consulting,6.63,3165.18,15.6,,1,4,8,5,0,0,48,Other,White,Married,,6.2
12379,Manager,Finance,1.45,4635.16,56.3,Frequent,2,5,39,5,0,1,49,Female,Asian,Divorced,Other,20.9
12380,Analyst,HR,4.0,5627.33,14.6,Occasional,5,1,4,2,0,0,64,Male,Black,Widowed,Physical,21.9
12381,Operations,Operations,1.94,3399.82,19.7,Occasional,3,4,28,1,0,0,52,Other,Black,Widowed,,12.8
12382,Analyst,HR,0.39,4638.43,15.3,Frequent,3,5,40,1,1,0,32,Other,Other,Married,,9.1
12383,Manager,Finance,7.89,2763.9,19.7,,5,5,4,5,0,0,32,Male,Other,Married,,15.7
12384,Finance,Operations,1.82,6934.92,18.8,,1,4,52,1,0,1,54,Male,Other,Single,,39.6
12385,Operations,HR,3.98,5123.66,16.4,Frequent,5,4,44,3,1,0,62,Male,White,Widowed,,13.0
12386,Analyst,Consulting,1.37,3768.87,9.4,Occasional,1,3,42,4,0,0,42,Female,White,Divorced,,30.4
12387,Developer,Technology,0.06,3072.6,27.3,Occasional,2,4,42,5,0,0,37,Other,Other,Widowed,Physical,2.6
12388,Developer,Technology,0.32,3863.2,6.2,Frequent,4,2,51,5,0,0,39,Other,Other,Single,Other,4.9
12389,Analyst,Consulting,2.06,3592.02,23.9,Frequent,4,4,43,1,1,1,37,Female,Other,Married,,8.0
12390,Finance,Technology,3.51,6343.53,27.7,,5,1,50,4,1,0,32,Other,White,Divorced,,30.0
12391,HR,Technology,1.22,2529.36,2.3,,3,4,12,4,0,0,47,Female,Asian,Single,,15.2
12392,Manager,Consulting,3.57,4161.76,5.7,Frequent,5,5,25,5,1,0,31,Female,Black,Married,,16.1
12393,Developer,Consulting,3.6,3977.99,2.8,Occasional,3,2,8,5,1,0,58,Male,Asian,Divorced,,7.5
12394,HR,HR,3.65,3859.11,39.3,,5,4,3,5,0,1,38,Female,White,Single,,8.9
12395,Analyst,HR,2.03,3869.66,10.6,Frequent,5,2,38,3,0,1,34,Other,White,Married,Physical,19.5
12396,HR,Consulting,7.39,3860.72,37.9,Occasional,4,3,30,1,0,1,22,Other,Other,Widowed,,16.1
12397,Operations,Finance,2.02,5047.68,12.5,,3,2,4,3,0,0,32,Male,Asian,Married,,12.9
12398,Consultant,Technology,1.79,4730.78,6.7,Frequent,4,5,6,5,1,0,60,Other,White,Married,,4.0
12399,Developer,HR,0.67,4502.69,9.0,Frequent,3,3,27,4,1,0,44,Female,Mixed,Single,,20.4
12400,Analyst,Technology,1.1,1500.0,18.6,Occasional,2,4,39,1,0,1,61,Other,Asian,Single,,9.9
12401,Manager,Operations,0.13,4359.75,27.5,Occasional,2,2,13,1,0,1,56,Female,Asian,Single,,13.1
12402,Finance,Consulting,3.01,2013.23,16.9,Frequent,2,3,23,5,1,0,37,Other,White,Married,,10.9
12403,Operations,Finance,0.86,4775.58,31.9,Occasional,1,4,41,5,0,0,58,Other,Black,Married,,5.7
12404,Analyst,Operations,1.09,5769.4,14.3,Frequent,4,4,37,5,0,0,52,Male,White,Widowed,,11.9
12405,Manager,Operations,4.42,2888.51,15.7,Occasional,4,2,4,5,0,0,34,Female,Asian,Single,,6.7
12406,Finance,Operations,1.19,3685.86,8.5,Occasional,2,2,46,5,1,0,26,Male,Mixed,Widowed,,5.0
12407,Finance,Consulting,0.83,3280.77,7.7,,5,3,47,5,0,0,60,Male,Asian,Divorced,,5.6
12408,Analyst,HR,0.56,5482.52,28.8,,4,2,58,1,0,1,63,Male,White,Widowed,,6.9
12409,Operations,Consulting,4.47,4114.03,6.2,Occasional,3,4,33,3,0,0,59,Male,Other,Single,,4.2
12410,HR,HR,0.42,6074.0,12.5,Frequent,4,5,27,4,1,0,21,Female,Black,Divorced,Physical,6.7
12411,HR,Operations,1.81,4496.51,29.8,Occasional,4,3,46,5,0,1,33,Female,Asian,Married,,41.0
12412,Finance,Operations,2.12,4290.94,3.4,,3,5,7,4,0,0,33,Other,Mixed,Married,,16.6
12413,HR,Finance,3.49,4081.85,40.0,Frequent,2,5,20,1,1,1,46,Other,Mixed,Divorced,,16.7
12414,Consultant,HR,3.01,4981.59,6.8,Occasional,2,4,23,4,0,1,61,Male,Mixed,Single,,7.7
12415,Finance,Operations,4.99,1914.78,40.1,Occasional,3,5,53,1,1,1,49,Female,Black,Widowed,,39.3
12416,Finance,Technology,0.14,4102.41,6.2,Occasional,4,1,23,2,0,1,49,Other,Asian,Married,,34.3
12417,Manager,Finance,1.05,3915.94,28.8,Occasional,4,3,12,3,0,1,55,Male,Other,Divorced,Physical,3.5
12418,HR,Consulting,0.99,4870.5,10.3,,2,4,48,2,0,1,56,Male,White,Widowed,,17.9
12419,Operations,Finance,0.47,3774.76,57.7,,1,2,14,1,0,1,57,Other,Asian,Widowed,,22.3
12420,Finance,Technology,1.02,2753.52,13.6,,2,4,56,2,0,0,55,Female,Asian,Married,,19.0
12421,Operations,HR,1.11,4008.82,5.5,,3,2,45,1,1,1,56,Other,Other,Single,,18.8
12422,Consultant,Consulting,2.21,2700.59,23.9,Frequent,1,4,24,2,1,1,58,Other,Black,Single,,11.2
12423,Manager,Consulting,3.27,1689.69,11.3,Frequent,1,1,50,1,0,1,33,Female,White,Divorced,,16.1
12424,Analyst,HR,1.44,4872.55,25.6,Frequent,3,3,44,3,0,0,62,Other,White,Divorced,,5.2
12425,Operations,Finance,3.81,4694.87,39.7,Occasional,5,5,52,3,1,0,32,Male,White,Single,,19.9
12426,Finance,Operations,1.23,4560.51,29.3,Frequent,2,4,27,3,1,0,35,Other,Asian,Divorced,,18.9
12427,Consultant,Finance,1.03,5563.51,3.2,,4,3,38,1,1,0,21,Female,Other,Single,Other,7.6
12428,Developer,Technology,2.34,3201.96,6.1,,2,3,7,4,0,0,54,Female,Other,Married,,18.8
12429,Consultant,Operations,0.07,2282.66,20.1,Occasional,3,3,30,2,0,1,57,Other,Black,Widowed,Other,13.7
12430,Consultant,Finance,0.25,3915.96,21.7,Frequent,4,3,6,2,1,1,21,Other,Other,Divorced,,17.0
12431,Manager,HR,1.62,3583.0,4.9,Occasional,5,3,50,2,0,1,34,Other,Other,Married,,17.8
12432,Analyst,Technology,8.59,2989.25,6.7,Occasional,3,5,46,2,0,0,34,Male,White,Single,,24.6
12433,Developer,Technology,3.84,3904.18,41.7,Frequent,2,5,38,3,0,1,51,Female,Black,Divorced,,25.9
12434,HR,Technology,0.28,3266.07,9.3,Occasional,1,4,16,4,0,0,36,Male,Other,Married,,17.2
12435,HR,Operations,5.62,1796.79,27.4,Frequent,3,2,52,2,1,0,39,Male,Other,Divorced,,27.2
12436,Operations,Consulting,3.95,3470.59,35.9,Frequent,3,4,56,4,1,0,56,Male,Other,Married,,11.8
12437,Consultant,Operations,2.83,2636.35,9.0,Occasional,2,3,49,1,1,0,60,Female,Other,Single,,28.4
12438,Manager,Finance,5.15,4277.98,15.2,,5,2,50,1,0,1,18,Female,White,Widowed,,11.1
12439,Manager,Consulting,1.55,3212.76,27.4,Frequent,2,4,56,2,1,1,35,Male,Asian,Married,,13.0
12440,HR,Finance,0.75,5333.96,3.1,,2,2,34,5,1,0,56,Female,Black,Single,,19.7
12441,Operations,Consulting,2.15,5924.64,13.0,,5,5,55,3,1,0,45,Female,Asian,Divorced,,9.4
12442,Operations,Operations,2.39,4815.26,38.4,Frequent,5,3,21,2,1,0,30,Female,White,Widowed,Physical,6.5
12443,Operations,Technology,2.32,2138.77,21.3,,3,2,6,3,0,0,52,Other,Asian,Widowed,,20.7
12444,Developer,HR,2.5,5806.24,21.4,Occasional,1,1,52,2,0,1,26,Female,Other,Divorced,,19.8
12445,Analyst,Technology,8.91,5890.86,32.0,Occasional,2,3,9,3,0,1,34,Female,Black,Widowed,,19.3
12446,Developer,Operations,6.98,4022.55,10.2,,1,5,27,5,1,1,51,Female,Other,Divorced,,10.8
12447,Finance,Consulting,6.26,5587.51,6.5,Occasional,5,5,38,5,0,0,32,Male,Black,Divorced,,8.0
12448,Finance,Technology,4.85,3337.99,20.4,Frequent,5,4,57,1,0,0,26,Other,Asian,Single,,3.3
12449,Analyst,Operations,8.62,1760.5,10.8,Frequent,2,1,42,2,0,1,56,Other,Other,Divorced,Mental,5.7
12450,HR,Finance,0.31,3087.66,10.2,,3,2,57,5,0,0,36,Male,White,Single,,34.4
12451,Analyst,HR,0.92,6075.16,6.3,Occasional,2,4,28,5,1,0,28,Female,Other,Married,Physical,15.5
12452,Manager,Technology,2.05,2210.7,23.7,,3,5,34,2,0,1,41,Female,Mixed,Married,,17.5
12453,Finance,Consulting,5.62,3999.43,13.9,Occasional,4,2,58,2,0,1,38,Other,White,Divorced,,26.1
12454,Consultant,Finance,2.11,4040.97,6.4,Frequent,3,5,52,1,1,0,35,Female,Black,Single,,19.5
12455,Consultant,Operations,4.14,3384.43,33.4,Occasional,2,5,21,5,1,0,43,Other,Mixed,Married,,4.2
12456,HR,HR,0.45,3467.77,12.3,Occasional,2,1,8,3,0,0,21,Male,Other,Single,,23.1
12457,Manager,Consulting,0.87,4086.7,24.1,,3,3,35,2,0,0,19,Other,Other,Married,Mental,7.0
12458,Developer,Operations,3.95,3325.41,48.7,Frequent,1,2,7,2,1,1,34,Other,Other,Divorced,Other,37.3
12459,Manager,Operations,0.54,2293.53,33.0,Occasional,3,1,29,2,1,1,18,Other,Other,Married,,18.5
12460,Consultant,Technology,1.3,4258.04,45.1,Frequent,4,5,29,2,0,1,30,Other,Mixed,Divorced,,21.9
12461,Consultant,Technology,0.92,5288.04,32.5,Occasional,4,5,55,5,0,0,27,Other,White,Divorced,,10.9
12462,Finance,Consulting,1.29,5043.49,13.1,Frequent,1,1,57,3,0,0,34,Male,Mixed,Married,,16.4
12463,Manager,Operations,3.7,3028.32,8.0,Occasional,4,2,30,1,0,0,38,Female,White,Divorced,,26.9
12464,Manager,Technology,1.38,2498.53,12.5,Frequent,2,5,21,4,1,0,60,Female,Asian,Single,,34.6
12465,Consultant,HR,2.43,3658.97,13.3,Occasional,1,2,43,5,0,1,26,Other,Asian,Single,,21.7
12466,Developer,HR,0.32,5881.35,39.5,Frequent,1,1,30,5,0,0,48,Female,White,Single,,16.2
12467,HR,Operations,4.9,4774.72,11.1,Occasional,1,5,39,4,0,0,52,Other,White,Widowed,,8.6
12468,Operations,Technology,1.39,4844.76,5.0,Occasional,3,4,46,4,0,0,27,Female,White,Married,,18.9
12469,HR,Consulting,3.14,5067.83,19.6,Frequent,3,4,27,2,1,0,32,Female,Asian,Married,,5.3
12470,Manager,Consulting,3.88,4504.92,17.1,,1,5,45,3,0,0,62,Female,White,Widowed,Mental,19.9
12471,HR,Consulting,0.71,4144.73,8.4,Occasional,4,3,4,5,0,0,19,Female,White,Married,,23.3
12472,Consultant,HR,6.48,4794.77,11.9,Occasional,2,5,16,5,0,0,55,Male,Mixed,Single,,7.9
12473,Consultant,Technology,2.87,3344.6,46.1,,2,5,51,1,1,1,20,Other,Black,Widowed,,19.9
12474,Manager,Technology,1.68,2302.64,23.6,Occasional,3,5,10,4,0,1,43,Other,Other,Widowed,,16.0
12475,Manager,HR,0.6,4867.6,12.7,Frequent,5,1,21,4,0,0,50,Male,Other,Single,Mental,31.2
12476,Operations,Consulting,8.56,5485.29,8.3,,1,5,46,5,0,0,41,Male,Mixed,Married,,22.0
12477,Operations,Consulting,4.22,2658.12,62.7,Occasional,5,5,24,4,0,0,50,Male,White,Divorced,,28.1
12478,Finance,Operations,0.7,4986.31,52.6,Frequent,2,1,12,2,0,1,47,Male,Black,Divorced,,56.0
12479,Manager,Finance,1.24,6016.92,31.1,Frequent,3,5,35,1,0,0,60,Male,Mixed,Married,,17.7
12480,Developer,Technology,4.98,3997.3,13.8,,3,4,53,5,1,1,21,Other,Black,Divorced,,11.5
12481,HR,Technology,3.57,3018.4,8.0,,3,4,44,1,0,1,60,Male,Asian,Widowed,,12.5
12482,Manager,Technology,4.35,4147.62,8.3,,3,5,57,2,1,1,62,Other,Black,Divorced,,4.0
12483,Analyst,Finance,1.75,3339.36,13.6,Frequent,3,1,44,1,0,1,39,Other,Mixed,Married,,15.7
12484,Finance,Operations,3.78,3259.92,11.0,Occasional,1,5,10,4,0,1,37,Female,Other,Married,,11.2
12485,Analyst,Finance,1.47,4519.82,16.2,Frequent,5,5,4,5,0,0,46,Female,Asian,Married,,14.0
12486,Consultant,Consulting,0.71,2075.52,15.6,Frequent,2,2,56,1,1,1,38,Female,Black,Widowed,,7.2
12487,Operations,Consulting,3.0,2267.29,6.9,,2,3,57,3,0,0,62,Male,Other,Married,,9.5
12488,HR,Technology,11.19,4023.15,7.1,Occasional,3,1,13,5,1,0,34,Male,Black,Divorced,,7.2
12489,Manager,HR,1.12,3973.23,12.8,Frequent,3,3,21,1,0,0,19,Female,Black,Married,,19.9
12490,Analyst,Technology,1.85,4412.27,15.3,,3,2,2,5,1,0,51,Male,White,Married,Physical,17.5
12491,HR,HR,3.36,6250.27,43.5,,4,3,49,1,0,1,39,Female,Other,Married,,11.6
12492,Consultant,Finance,2.34,4125.42,20.4,Occasional,2,5,34,1,1,1,23,Other,Asian,Widowed,,12.2
12493,Operations,Consulting,5.56,4717.81,19.8,Occasional,3,4,31,4,1,0,42,Other,Asian,Widowed,,16.8
12494,Developer,HR,4.3,2829.36,21.0,,5,1,37,1,0,0,19,Other,Asian,Widowed,Mental,20.1
12495,Finance,Finance,0.18,4921.53,36.6,Occasional,4,1,57,3,0,0,60,Other,Black,Widowed,,13.4
12496,HR,Consulting,19.35,3368.33,136.9,Occasional,1,5,39,4,0,1,34,Female,Other,Single,,2.0
12497,HR,HR,4.19,4085.7,10.3,Frequent,4,3,23,3,0,0,26,Other,Asian,Single,,14.3
12498,Developer,Technology,5.98,3869.38,59.5,Occasional,4,1,27,3,1,1,37,Other,Asian,Divorced,Physical,11.6
12499,HR,Technology,3.16,5239.57,4.3,,4,2,20,2,0,0,54,Male,Black,Married,,10.3
12500,Consultant,Technology,5.82,2428.03,12.9,Occasional,5,2,48,3,0,1,32,Other,Mixed,Widowed,,16.0
12501,Consultant,Finance,0.36,1500.0,6.3,Frequent,2,3,32,1,0,1,43,Other,Asian,Widowed,,3.5
12502,Developer,Technology,1.28,3743.88,26.8,Occasional,3,2,27,5,0,0,42,Female,Other,Married,,15.7
12503,Finance,Operations,6.27,4562.24,32.4,Frequent,5,4,38,4,0,1,48,Male,Asian,Married,,20.0
12504,Manager,Consulting,0.68,4182.72,5.0,Occasional,5,5,49,4,0,0,47,Male,Black,Single,,26.6
12505,Analyst,Finance,0.24,5478.65,35.2,Occasional,3,1,35,4,1,1,27,Male,Mixed,Married,Mental,10.9
12506,Manager,Technology,4.66,4524.85,21.4,,4,5,9,5,0,0,55,Male,Mixed,Single,,19.1
12507,HR,Consulting,5.41,3323.38,29.7,,1,3,36,3,1,0,62,Female,Other,Married,Physical,4.5
12508,Analyst,HR,0.53,1500.0,38.8,Occasional,4,5,39,2,0,0,38,Female,Mixed,Married,,21.5
12509,Developer,Technology,5.78,3715.23,27.3,Occasional,4,1,57,1,0,0,41,Female,Asian,Widowed,,25.2
12510,Developer,Consulting,3.48,5233.55,4.1,Frequent,2,1,24,4,1,0,51,Other,White,Widowed,,2.4
12511,Finance,Operations,2.2,3529.54,11.9,Frequent,4,3,44,1,0,0,45,Male,Black,Single,,7.8
12512,Analyst,HR,5.32,4033.98,4.7,,1,1,16,3,1,1,54,Male,Asian,Married,,7.9
12513,Consultant,Operations,1.63,4505.63,2.1,Occasional,5,2,56,2,0,1,41,Female,Asian,Widowed,Mental,6.4
12514,Analyst,Consulting,0.65,2781.65,5.9,Occasional,4,5,52,4,0,0,46,Male,Black,Single,,19.9
12515,HR,Operations,1.01,4747.88,12.6,Frequent,5,4,3,3,1,0,34,Other,Black,Widowed,,2.8
12516,Consultant,Consulting,2.11,5964.55,56.5,Occasional,2,4,9,2,0,1,56,Male,Asian,Divorced,,17.3
12517,Operations,Consulting,2.27,3792.62,16.0,Occasional,1,4,52,4,1,1,41,Other,Mixed,Single,,9.5
12518,Operations,Operations,4.91,2645.12,21.5,Occasional,3,3,24,3,0,0,34,Male,Other,Divorced,,16.3
12519,Operations,Consulting,4.7,3920.08,10.6,Frequent,3,4,31,1,1,0,54,Male,Asian,Married,Mental,28.2
12520,Developer,Technology,2.61,1500.0,13.9,Frequent,2,5,7,5,0,0,23,Female,White,Single,,17.2
12521,Analyst,Consulting,4.55,4404.28,17.3,Frequent,1,1,41,4,1,1,59,Other,Asian,Divorced,,6.7
12522,Operations,Finance,0.64,4542.73,13.3,Occasional,5,2,44,2,0,1,54,Male,White,Married,Physical,23.2
12523,Manager,Consulting,0.15,6010.76,24.9,Frequent,2,4,11,2,0,1,63,Male,Asian,Single,Physical,10.2
12524,Finance,Finance,6.21,3767.21,9.7,,4,4,20,5,0,1,48,Female,Asian,Married,,7.0
12525,Manager,Consulting,0.24,4490.18,4.3,,5,4,44,5,0,0,37,Other,White,Divorced,Mental,34.7
12526,Operations,Consulting,0.85,2966.45,3.4,Frequent,4,2,26,3,1,0,63,Other,Other,Single,,8.2
12527,Finance,Operations,3.57,3572.29,30.6,Frequent,4,5,29,5,1,0,19,Female,White,Married,,8.9
12528,HR,Technology,1.58,2169.78,1.0,Occasional,5,4,9,4,0,0,58,Male,Other,Married,,9.1
12529,Manager,Technology,6.27,3766.25,13.7,Frequent,4,1,20,5,0,0,35,Other,Other,Widowed,Physical,14.5
12530,Analyst,HR,1.06,3633.63,6.1,Frequent,3,3,0,4,1,0,39,Female,White,Divorced,,27.7
12531,Analyst,Operations,0.04,4359.04,25.5,,5,2,8,1,1,0,58,Female,Black,Single,Mental,16.2
12532,Manager,Operations,1.07,3251.68,16.4,,2,5,2,5,1,1,54,Female,White,Single,,18.2
12533,Operations,Technology,2.59,4100.01,16.7,,3,1,48,1,1,1,43,Female,Black,Married,Physical,4.1
12534,Analyst,Operations,1.41,3599.94,17.9,,2,2,52,2,0,0,29,Female,Asian,Divorced,Mental,2.8
12535,HR,Technology,2.3,3602.2,17.4,Frequent,1,2,41,5,0,0,23,Male,Black,Married,Physical,29.5
12536,Consultant,Operations,6.28,4096.43,4.3,,2,3,18,2,0,0,34,Other,Mixed,Married,,16.8
12537,Operations,Consulting,7.31,4048.63,11.1,Occasional,5,3,5,1,1,0,31,Female,Asian,Single,,6.5
12538,HR,Technology,0.93,4913.41,7.7,Occasional,2,5,6,2,0,0,27,Male,Asian,Married,,37.3
12539,Finance,Technology,1.86,3855.23,9.0,Frequent,1,4,42,1,0,1,43,Male,Black,Single,,7.3
12540,HR,Finance,2.39,3580.14,17.6,Occasional,4,3,15,3,0,0,20,Female,Black,Single,Physical,15.0
12541,Operations,Operations,8.93,3783.03,30.8,,5,5,35,1,0,0,59,Other,Mixed,Widowed,Mental,5.2
12542,Finance,Operations,19.75,3142.4,30.0,,3,2,3,3,0,0,63,Female,Asian,Single,,12.1
12543,Operations,Technology,0.81,3568.11,19.9,Occasional,3,4,17,2,0,0,32,Female,Black,Widowed,,15.5
12544,Analyst,Consulting,3.89,6437.39,11.7,Frequent,2,1,31,1,1,0,33,Other,White,Married,,24.7
12545,Consultant,Consulting,1.42,2904.79,16.7,,3,2,31,3,1,0,55,Female,Other,Single,,19.2
12546,Operations,Consulting,0.02,3665.61,27.4,,1,5,17,1,1,0,31,Male,Other,Single,,5.7
12547,Operations,Operations,0.03,3535.01,8.9,Occasional,3,1,38,4,0,1,53,Male,Black,Widowed,,17.8
12548,Analyst,Finance,1.85,3703.39,16.2,Frequent,2,2,42,4,1,1,30,Other,Mixed,Widowed,,25.5
12549,Developer,Technology,2.01,3602.51,10.5,Frequent,3,3,36,2,1,1,44,Other,Black,Single,,33.8
12550,Analyst,HR,0.07,4335.09,8.8,Occasional,4,5,52,4,0,1,25,Female,Mixed,Divorced,,26.4
12551,Finance,Finance,3.48,1947.79,15.4,,4,1,27,5,1,0,40,Male,Asian,Divorced,,11.2
12552,Analyst,HR,1.04,5244.61,11.7,Occasional,3,3,49,3,1,1,58,Male,White,Widowed,,27.0
12553,Analyst,Finance,2.46,4759.1,20.3,Occasional,5,1,38,5,0,0,28,Female,Asian,Single,,7.3
12554,Consultant,Consulting,1.07,2508.55,11.9,Occasional,3,4,1,4,1,0,22,Other,White,Married,,6.5
12555,Analyst,Operations,0.55,1500.0,14.4,,4,4,59,2,1,0,22,Male,Mixed,Married,,14.6
12556,Operations,HR,1.57,2827.51,4.3,,4,5,36,5,0,0,42,Male,Black,Divorced,,11.4
12557,Consultant,Finance,0.79,3708.8,28.3,Occasional,1,1,36,2,1,0,35,Female,Black,Divorced,Other,18.0
12558,Manager,Operations,2.3,7096.35,28.6,Frequent,2,4,50,1,0,1,41,Other,Black,Married,,15.9
12559,Developer,HR,0.67,4651.91,7.7,Occasional,1,2,1,5,0,1,26,Female,Black,Widowed,,14.7
12560,Consultant,Technology,2.13,1830.89,8.3,,5,2,18,1,0,0,60,Male,Asian,Single,,16.4
12561,Finance,Finance,0.51,3172.41,18.3,Frequent,2,4,58,5,0,1,28,Female,Asian,Divorced,,17.9
12562,Manager,Technology,3.33,3936.15,10.9,Frequent,3,4,4,3,0,0,31,Female,Mixed,Single,,9.1
12563,Consultant,Consulting,4.21,4304.42,19.8,,3,5,43,2,1,1,59,Other,White,Widowed,,5.4
12564,Consultant,Technology,0.35,2422.3,40.9,,5,5,12,1,0,0,26,Female,White,Widowed,,16.1
12565,Developer,Technology,1.89,3838.01,8.0,Occasional,4,2,21,4,0,0,22,Male,White,Divorced,,25.0
12566,Operations,Finance,0.22,3138.83,29.8,,3,3,51,5,0,0,44,Male,Black,Widowed,,13.1
12567,Finance,Consulting,2.74,2675.49,6.8,Frequent,1,1,6,1,0,0,28,Other,Asian,Married,,6.6
12568,HR,Technology,0.92,4311.51,9.0,Occasional,4,3,1,5,0,0,45,Female,Other,Widowed,Physical,13.7
12569,HR,Operations,2.25,4928.65,18.4,Occasional,3,5,53,5,0,0,26,Other,Other,Divorced,,12.5
12570,Consultant,HR,2.19,5009.25,24.7,Frequent,4,3,13,5,0,0,30,Female,Black,Widowed,,21.8
12571,Analyst,Technology,7.75,4689.26,40.1,,2,5,24,1,1,0,36,Other,Other,Widowed,Mental,12.1
12572,Finance,Consulting,2.39,3403.16,49.5,Occasional,3,3,25,1,0,1,25,Female,White,Divorced,,1.6
12573,Manager,Technology,2.62,4857.46,12.8,Frequent,3,2,4,5,0,0,21,Other,White,Divorced,,9.5
12574,Analyst,HR,1.54,4370.87,16.1,Frequent,4,5,19,4,0,0,61,Female,Mixed,Single,,13.3
12575,Analyst,Consulting,8.93,4160.73,20.6,Frequent,2,2,56,2,1,0,42,Male,Black,Married,,7.3
12576,Finance,Finance,4.5,3265.97,15.5,,1,3,53,5,0,1,24,Female,Mixed,Divorced,Mental,12.4
12577,Operations,Consulting,1.01,3403.75,12.7,,2,4,11,4,0,0,44,Female,White,Widowed,,3.2
12578,Consultant,Finance,5.58,4088.66,10.3,,1,4,35,2,1,1,57,Female,Asian,Single,,20.5
12579,Consultant,Consulting,1.7,6927.85,24.9,,5,1,30,5,1,1,40,Other,Black,Widowed,Physical,1.9
12580,Consultant,HR,5.29,4361.49,40.3,Frequent,2,4,16,2,0,1,57,Male,Mixed,Married,Mental,20.8
12581,Consultant,HR,5.19,3266.57,3.8,Occasional,1,1,15,5,1,0,46,Other,Mixed,Widowed,,6.9
12582,HR,Consulting,0.63,3001.13,13.5,Frequent,4,3,56,1,0,0,53,Male,White,Single,,8.1
12583,Consultant,Technology,3.62,3409.88,3.9,Occasional,1,1,9,5,0,0,27,Other,Mixed,Married,,10.1
12584,HR,HR,1.03,6612.75,23.9,Occasional,5,1,34,5,1,1,49,Female,White,Widowed,,29.9
12585,HR,Finance,1.06,3520.89,8.8,Occasional,1,1,53,5,1,1,64,Female,Asian,Single,,4.8
12586,Operations,Finance,1.05,5088.24,36.6,,2,2,32,5,1,0,40,Other,Mixed,Widowed,,17.8
12587,Consultant,Operations,3.88,3548.89,14.3,Frequent,1,1,37,4,0,1,57,Female,White,Married,,10.5
12588,Developer,Finance,0.78,4313.42,24.1,Occasional,2,5,34,3,0,1,64,Other,White,Widowed,,6.8
12589,Manager,Operations,0.0,4950.09,7.9,Frequent,5,3,50,4,1,0,41,Other,Asian,Widowed,,21.1
12590,Analyst,Consulting,3.77,3313.72,17.9,,1,2,26,4,0,1,38,Male,Mixed,Single,,7.0
12591,HR,Consulting,0.56,3230.67,17.7,Occasional,1,5,6,1,1,0,56,Female,Asian,Widowed,,8.3
12592,Finance,Consulting,0.33,5990.64,21.5,,5,3,26,5,0,0,57,Female,Asian,Divorced,Other,9.8
12593,Finance,Technology,0.81,5181.51,9.7,,1,2,40,4,0,0,46,Female,Asian,Married,,32.0
12594,Manager,Technology,1.43,4948.81,34.5,Frequent,2,3,53,2,0,0,62,Other,Mixed,Single,,2.0
12595,Finance,Operations,1.94,4944.73,20.6,Occasional,3,4,11,5,0,0,62,Male,Other,Divorced,Physical,8.2
12596,Developer,Finance,0.14,4551.49,39.0,,3,3,45,1,0,0,44,Female,White,Divorced,,13.1
12597,Finance,Finance,10.58,6421.33,4.4,Frequent,2,4,32,1,0,1,51,Other,White,Married,,14.0
12598,Analyst,Consulting,3.78,4052.69,18.0,Occasional,1,4,56,2,0,0,43,Female,Asian,Single,,10.4
12599,Analyst,HR,1.17,4692.71,13.9,Occasional,2,3,12,1,0,1,32,Male,Asian,Divorced,,32.5
12600,HR,Technology,1.15,2258.9,50.3,,5,4,52,5,0,0,23,Other,Other,Widowed,,9.2
12601,Consultant,Technology,1.79,3010.05,25.3,,2,2,1,3,0,1,42,Other,Black,Divorced,,18.4
12602,Operations,Consulting,2.95,2559.02,15.7,,3,4,2,3,0,0,35,Other,White,Married,,22.3
12603,Developer,Technology,0.47,5528.88,24.2,,4,1,10,4,1,0,24,Other,Black,Divorced,,5.2
12604,HR,Consulting,0.63,1500.0,11.4,Occasional,5,2,4,1,0,1,19,Male,Asian,Single,,6.2
12605,Developer,Operations,5.89,3517.23,22.1,,1,2,59,5,1,0,51,Other,White,Divorced,Physical,13.4
12606,Consultant,Finance,0.89,1500.0,69.3,,2,2,1,2,0,0,18,Other,White,Divorced,,12.0
12607,Finance,HR,1.44,3002.45,10.2,,5,1,45,2,0,0,63,Other,Asian,Married,,14.3
12608,Finance,Finance,6.15,3410.86,17.7,Occasional,3,1,27,5,1,1,19,Male,Black,Divorced,,7.7
12609,Operations,Finance,3.26,5661.85,8.5,Frequent,1,1,12,5,0,0,59,Female,Black,Divorced,,12.4
12610,Consultant,Operations,1.25,4475.95,7.3,Frequent,2,1,45,2,0,0,53,Female,Mixed,Single,,16.3
12611,HR,Technology,3.45,3000.23,30.0,Occasional,2,1,59,1,0,1,21,Male,Mixed,Married,,10.5
12612,Operations,HR,0.06,5279.16,5.8,Frequent,1,5,34,4,0,0,45,Male,Other,Married,Mental,21.4
12613,Consultant,Technology,3.99,4021.4,21.9,Occasional,4,5,39,4,1,0,40,Other,Other,Married,Other,6.0
12614,Manager,Finance,2.0,4045.08,28.8,,4,1,12,4,1,1,56,Male,Black,Married,,9.5
12615,Analyst,Consulting,5.03,2556.79,11.8,Frequent,5,2,53,5,1,0,37,Female,Asian,Widowed,,31.4
12616,Operations,Finance,9.28,2811.98,38.1,Occasional,2,4,11,2,0,0,54,Female,Black,Widowed,,14.9
12617,Operations,Technology,7.8,3009.88,35.8,Occasional,5,4,17,2,1,0,61,Female,White,Widowed,,15.3
12618,HR,Finance,7.2,4055.75,11.7,,1,5,17,2,0,1,29,Male,Mixed,Married,,11.9
12619,Developer,Consulting,2.15,4093.46,5.0,Occasional,5,1,16,2,0,0,49,Male,Mixed,Married,,29.5
12620,Manager,Operations,1.34,5852.91,23.1,Frequent,2,3,38,2,0,1,55,Other,Black,Widowed,,9.1
12621,HR,Technology,1.88,4462.07,15.3,,4,4,21,3,0,1,48,Other,White,Married,,19.2
12622,Consultant,Finance,3.51,1500.0,18.5,Occasional,4,4,12,5,1,0,35,Other,Black,Divorced,,31.8
12623,Consultant,Technology,6.46,4315.17,22.9,,1,2,44,5,0,1,46,Other,Black,Single,,20.4
12624,Consultant,Operations,0.7,2259.98,4.1,Occasional,3,4,37,3,0,0,51,Other,Black,Married,Other,21.9
12625,Consultant,Finance,7.51,2840.83,11.2,Frequent,5,5,52,4,1,0,46,Male,White,Divorced,,37.6
12626,Developer,Finance,5.07,3025.4,46.8,Frequent,1,1,18,1,1,1,44,Female,Mixed,Divorced,,19.5
12627,Manager,Technology,11.57,3203.99,19.0,,4,1,23,5,0,1,48,Other,Asian,Widowed,,3.7
12628,Finance,Technology,6.37,2349.82,24.1,Occasional,2,4,18,5,0,1,51,Other,Other,Single,,9.6
12629,Analyst,Consulting,0.99,4244.18,17.8,,2,3,20,3,0,1,34,Female,White,Married,,19.1
12630,Developer,Operations,0.34,2307.04,23.6,,3,5,23,5,0,1,37,Female,Mixed,Married,,12.2
12631,Developer,Consulting,0.36,4428.0,35.3,Frequent,3,4,29,5,0,1,48,Female,Black,Single,Mental,12.7
12632,Finance,Finance,1.03,6684.37,2.2,,4,5,27,4,1,0,48,Female,Asian,Divorced,,26.8
12633,Finance,Technology,2.86,2404.77,27.5,Occasional,3,3,47,3,0,1,56,Male,Other,Married,,13.0
12634,Analyst,Finance,4.89,3658.59,15.5,Frequent,3,5,34,5,0,0,38,Female,Other,Married,,21.0
12635,Analyst,Finance,6.89,1500.0,30.8,Occasional,2,5,45,2,0,0,24,Other,White,Single,Mental,6.6
12636,Finance,HR,2.93,3638.88,12.1,,5,5,52,3,0,0,49,Female,Black,Divorced,,13.6
12637,Consultant,HR,0.02,4771.26,11.7,Frequent,2,1,58,4,1,0,29,Other,Black,Divorced,,18.0
12638,Developer,Finance,0.62,4864.77,5.6,Occasional,2,3,37,1,1,0,40,Male,Asian,Divorced,,11.3
12639,HR,Technology,0.32,4092.84,15.8,Occasional,4,1,16,5,0,1,60,Other,Other,Married,,14.3
12640,Analyst,Finance,1.35,5067.12,5.3,,4,2,47,2,1,0,60,Male,White,Divorced,,8.9
12641,Analyst,HR,2.09,7055.27,14.8,Occasional,5,4,33,2,0,0,57,Other,Black,Single,,19.7
12642,Finance,Technology,0.13,6054.77,18.5,,1,1,54,1,1,0,23,Male,Other,Widowed,,4.5
12643,Manager,Finance,1.29,3372.97,9.1,,3,5,8,3,0,0,49,Female,Other,Widowed,,13.1
12644,HR,Operations,0.59,2258.68,3.7,,3,2,12,4,0,1,55,Male,Mixed,Single,,6.6
12645,HR,Operations,3.12,3512.62,2.8,,2,3,13,5,0,0,32,Female,Asian,Single,,39.6
12646,Analyst,Finance,1.87,2863.62,7.0,Frequent,2,3,25,5,0,1,43,Male,Black,Single,,9.0
12647,Consultant,Technology,2.05,4541.62,2.6,Occasional,5,1,51,5,0,0,37,Female,Mixed,Divorced,Mental,18.7
12648,Manager,Finance,1.67,2582.57,18.2,Occasional,3,5,20,2,1,0,29,Male,Asian,Single,,8.0
12649,HR,Finance,9.37,3912.61,70.5,Frequent,2,5,43,3,1,1,58,Other,Mixed,Married,,11.2
12650,Analyst,HR,0.73,5005.62,5.5,,2,3,19,1,1,1,62,Other,Black,Widowed,,18.3
12651,HR,Operations,2.18,3879.16,81.7,,4,5,10,3,0,0,64,Other,White,Married,,4.0
12652,Operations,HR,4.0,2864.42,17.7,,1,4,50,4,0,0,64,Female,Mixed,Married,,8.9
12653,Manager,HR,2.44,5409.78,20.5,,5,1,41,4,1,1,43,Other,Mixed,Divorced,Physical,6.6
12654,Manager,Finance,7.94,1745.22,3.9,Frequent,1,1,49,1,0,0,47,Other,Other,Divorced,,26.6
12655,Operations,HR,1.42,3606.65,18.8,Occasional,1,5,34,2,0,1,46,Male,Black,Widowed,,15.7
12656,Developer,Operations,1.87,3950.01,10.6,,5,3,47,1,0,0,47,Other,Mixed,Divorced,,29.5
12657,Operations,HR,0.28,4019.09,44.9,,3,4,30,4,1,0,30,Female,White,Divorced,,20.4
12658,Finance,Operations,2.82,4216.6,2.8,,2,4,17,2,1,1,58,Female,Mixed,Widowed,,14.0
12659,Finance,HR,1.02,4732.53,10.8,Occasional,5,4,13,3,1,0,60,Male,Asian,Single,Mental,13.7
12660,Analyst,Operations,0.52,3957.51,8.1,Occasional,2,2,55,4,1,0,39,Female,White,Widowed,,34.2
12661,Manager,HR,2.36,3558.33,21.1,Frequent,4,5,48,2,1,1,60,Female,White,Widowed,Physical,37.4
12662,Developer,HR,2.28,3510.89,1.3,Occasional,1,4,4,2,1,0,58,Male,Mixed,Single,,22.7
12663,Developer,Technology,0.24,3266.18,43.9,Occasional,4,5,16,5,0,1,34,Other,Mixed,Single,,17.6
12664,HR,Operations,3.59,4945.05,20.5,,1,3,20,3,1,1,40,Male,Other,Widowed,,11.2
12665,HR,Operations,2.93,3224.17,19.4,Occasional,3,3,13,2,0,1,42,Male,Black,Single,,16.7
12666,Operations,Operations,0.63,5016.13,5.8,,5,3,2,1,0,1,23,Other,Other,Single,,10.4
12667,Developer,Consulting,1.9,4022.8,28.5,Frequent,3,2,30,3,1,1,54,Male,Asian,Widowed,Physical,17.0
12668,Operations,HR,3.82,3374.49,26.5,,1,3,24,3,1,0,43,Female,Black,Single,,24.2
12669,Operations,Operations,2.26,4742.09,37.5,Frequent,4,5,46,4,0,0,38,Male,Other,Married,,20.6
12670,HR,Consulting,1.51,3127.06,12.8,Occasional,1,1,43,3,0,0,52,Other,Other,Divorced,,13.6
12671,Manager,Technology,1.17,4765.82,3.6,Frequent,3,1,16,3,1,1,23,Other,Mixed,Divorced,,11.0
12672,Operations,Operations,2.83,4255.27,9.4,,3,5,25,5,0,0,39,Male,Other,Widowed,,14.4
12673,Consultant,Operations,8.4,3284.41,31.6,Occasional,4,1,16,3,1,1,34,Other,Mixed,Single,,4.3
12674,Manager,Consulting,3.34,4634.36,10.9,Occasional,4,4,55,2,1,0,28,Male,White,Married,,14.9
12675,Developer,HR,0.23,4655.91,57.5,,3,1,18,1,0,0,21,Female,Black,Single,,2.9
12676,Developer,Technology,1.85,5389.02,29.0,Occasional,1,2,26,5,1,1,61,Female,Mixed,Single,,22.4
12677,Operations,Operations,6.64,5159.38,52.3,,1,3,6,5,1,1,27,Other,Other,Single,Mental,17.2
12678,Manager,HR,0.3,4589.53,11.4,Frequent,5,1,25,5,0,0,34,Other,Mixed,Widowed,,20.6
12679,HR,Technology,13.5,2646.89,22.5,Frequent,3,1,4,5,0,1,55,Male,White,Divorced,,14.6
12680,HR,Finance,8.93,6938.3,7.0,Occasional,5,2,1,4,1,0,35,Female,Asian,Divorced,,68.1
12681,Finance,Finance,0.24,2315.66,30.1,,3,2,15,5,0,1,36,Other,Asian,Married,,37.3
12682,Developer,Technology,8.13,5139.12,23.7,,5,1,44,4,0,0,39,Female,White,Married,,16.3
12683,Analyst,Consulting,1.35,4517.54,27.9,Frequent,2,4,10,4,1,0,32,Male,Other,Single,,14.0
12684,Finance,Technology,5.59,2591.03,12.2,,1,1,38,3,0,0,61,Female,Black,Married,,10.2
12685,HR,Technology,1.63,3850.84,18.2,Occasional,1,4,22,1,0,1,36,Male,Black,Married,,4.6
12686,Manager,Consulting,1.74,3905.5,17.5,Occasional,2,3,34,3,0,0,42,Other,Mixed,Married,,7.6
12687,HR,Consulting,3.02,5566.7,12.3,Frequent,4,5,5,4,0,1,54,Other,Asian,Single,,9.7
12688,Manager,HR,4.47,3144.03,19.0,,2,3,36,3,0,0,35,Other,White,Single,,18.9
12689,Finance,HR,0.1,3685.67,21.6,Occasional,1,1,0,2,0,1,29,Other,Other,Divorced,,25.4
12690,Developer,Consulting,2.7,1500.0,24.5,Occasional,3,1,32,5,1,1,49,Male,White,Widowed,Mental,10.2
12691,HR,Finance,0.62,6081.72,12.0,Occasional,5,4,17,5,1,0,43,Male,Asian,Single,Physical,13.5
12692,Operations,Finance,1.27,2715.44,29.0,,1,2,54,4,0,0,43,Other,White,Divorced,,12.9
12693,Manager,Technology,1.28,4392.29,27.7,Frequent,2,4,2,3,0,0,64,Other,White,Married,,20.4
12694,Developer,Operations,1.9,3878.31,24.8,Frequent,3,2,56,2,0,1,59,Female,White,Married,,1.6
12695,Analyst,Technology,1.22,3882.4,30.6,Occasional,1,2,18,2,0,1,45,Male,Mixed,Widowed,,19.8
12696,Manager,Technology,0.34,4971.83,14.4,Frequent,2,2,9,2,1,1,42,Female,Other,Single,,3.9
12697,Finance,Operations,0.47,6005.51,6.2,Occasional,1,2,19,4,1,1,47,Male,Black,Widowed,Mental,7.8
12698,Analyst,Consulting,0.1,4301.79,27.7,Occasional,2,1,10,3,0,1,58,Male,Other,Divorced,,13.7
12699,Analyst,Finance,1.91,4786.09,10.4,,2,5,31,2,0,1,55,Other,Asian,Widowed,,22.3
12700,Consultant,Technology,9.27,4394.67,3.8,Occasional,1,5,39,2,1,1,31,Other,Black,Widowed,Mental,5.4
12701,HR,Operations,0.37,5221.04,10.6,Occasional,3,3,19,3,0,0,18,Female,Mixed,Married,,16.3
12702,Manager,HR,8.77,3444.5,18.7,,1,3,54,3,0,0,50,Other,Black,Married,Mental,9.9
12703,Analyst,Technology,3.97,5290.47,41.6,,1,3,31,5,1,0,28,Other,Black,Married,,6.8
12704,Consultant,Finance,3.04,5332.6,21.7,Frequent,3,4,42,1,0,1,52,Other,Black,Divorced,,3.8
12705,Finance,Consulting,3.11,5299.04,30.4,,1,3,36,1,0,1,38,Male,White,Divorced,,9.0
12706,Developer,Technology,5.26,3207.82,27.3,Occasional,5,3,21,2,0,1,39,Other,Asian,Single,,20.4
12707,Operations,Technology,0.34,3797.99,20.9,,5,3,55,3,0,0,22,Other,Mixed,Single,,13.5
12708,Operations,Operations,2.11,4287.36,13.5,,5,1,3,5,0,0,57,Male,Asian,Married,,12.7
12709,Manager,HR,3.58,2354.99,7.0,Frequent,2,3,12,4,1,0,35,Female,White,Married,Physical,25.7
12710,Analyst,HR,2.65,5913.9,62.2,,4,5,5,1,0,0,54,Other,Mixed,Widowed,,17.5
12711,Operations,Consulting,5.37,3985.27,10.9,Occasional,1,1,28,1,0,1,61,Other,White,Single,,8.3
12712,HR,Finance,0.23,4340.71,13.3,Occasional,4,2,57,3,0,0,46,Male,Mixed,Widowed,Mental,23.7
12713,Operations,Consulting,3.52,3307.59,15.2,Occasional,5,4,1,4,0,1,35,Other,Mixed,Divorced,,17.1
12714,Operations,Technology,2.29,2407.75,10.6,,3,1,56,1,1,1,29,Other,Other,Divorced,,8.0
12715,Operations,Technology,1.43,3275.16,24.0,,5,1,59,5,0,0,38,Male,White,Divorced,,8.0
12716,Consultant,HR,1.25,4263.05,10.8,Occasional,1,5,24,1,1,1,57,Female,Asian,Single,,11.2
12717,Analyst,Finance,2.91,4808.11,13.1,,4,3,31,3,1,0,47,Male,White,Divorced,,5.1
12718,HR,Operations,6.65,4194.15,10.1,Frequent,4,2,59,3,0,0,58,Other,White,Single,,36.5
12719,Analyst,Finance,2.06,4416.07,12.9,Frequent,2,5,25,4,1,0,32,Female,White,Married,,12.1
12720,Manager,Technology,5.22,3595.57,5.9,Frequent,3,5,25,1,0,0,52,Male,Other,Widowed,,11.5
12721,Manager,Operations,1.54,4595.5,4.7,Frequent,5,1,37,4,0,0,64,Other,Other,Widowed,,43.7
12722,Manager,Finance,0.32,5779.4,47.7,Occasional,3,2,21,1,0,1,45,Other,Other,Divorced,,9.6
12723,Finance,Finance,0.19,4845.75,30.6,,1,5,9,2,0,1,21,Female,Other,Widowed,,5.0
12724,Operations,Operations,0.16,4971.45,42.8,Frequent,2,4,22,1,0,1,45,Female,White,Divorced,,18.1
12725,Finance,Technology,1.43,4352.82,45.4,Occasional,5,4,3,3,1,0,47,Other,Asian,Single,,14.9
12726,Consultant,Finance,1.23,2196.21,7.8,Frequent,1,5,15,3,1,1,44,Female,Black,Divorced,,14.6
12727,Manager,Operations,3.8,2746.4,41.5,,3,1,54,2,0,1,33,Other,White,Divorced,,3.2
12728,HR,Technology,4.07,4545.85,34.3,Frequent,2,4,41,1,1,0,49,Female,Asian,Widowed,,2.1
12729,Analyst,Operations,0.16,3986.87,12.8,Frequent,5,1,32,1,0,0,29,Male,Black,Widowed,,3.4
12730,Operations,Operations,0.75,4527.81,21.5,Frequent,3,3,12,3,1,1,61,Male,Black,Single,,22.1
12731,Developer,Finance,0.96,6011.71,29.8,Frequent,5,3,45,2,1,0,53,Female,Other,Widowed,,14.0
12732,HR,Technology,2.38,4871.24,25.5,,2,1,54,3,0,1,32,Female,Black,Single,,5.3
12733,Operations,Finance,0.47,5510.66,15.3,Occasional,2,5,43,2,1,0,36,Other,Asian,Widowed,,12.9
12734,Finance,Consulting,0.43,4113.62,18.9,Frequent,3,3,12,3,1,1,35,Other,Other,Divorced,,8.3
12735,Finance,Consulting,8.64,3031.34,23.4,Occasional,5,3,32,5,0,0,43,Other,White,Married,Mental,10.7
12736,HR,Technology,4.89,3930.56,12.5,,4,4,58,1,0,0,28,Male,White,Widowed,,12.4
12737,Finance,Operations,0.6,3034.3,25.2,,1,5,13,4,0,0,47,Male,Other,Widowed,,6.4
12738,Manager,Finance,1.57,5869.95,9.4,Frequent,2,1,7,5,0,1,45,Male,Other,Widowed,,9.4
12739,Consultant,Finance,1.32,4948.47,42.4,Occasional,5,3,25,3,1,0,40,Female,Black,Single,,45.3
12740,Analyst,Technology,4.7,4624.61,33.2,Frequent,3,5,21,2,1,0,32,Male,Black,Single,,14.7
12741,Consultant,Technology,2.14,5483.13,30.3,,3,3,45,4,1,0,28,Female,Asian,Widowed,,33.1
12742,Operations,Consulting,0.41,1575.93,22.3,Frequent,2,4,0,2,0,0,60,Female,Other,Single,,21.7
12743,Analyst,HR,4.03,4705.77,19.9,Frequent,2,5,58,2,0,1,38,Female,White,Single,,10.4
12744,Analyst,Technology,1.52,2427.23,34.1,Occasional,4,2,59,1,0,0,62,Male,Asian,Single,Physical,17.0
12745,Consultant,HR,0.92,3991.29,6.5,,3,4,48,3,1,0,56,Male,White,Single,,16.5
12746,HR,Technology,1.41,3625.95,8.5,Frequent,5,1,15,1,1,1,48,Female,White,Single,Physical,7.8
12747,Analyst,Operations,2.07,4794.08,25.7,Frequent,1,5,43,2,1,0,32,Male,Asian,Divorced,Other,6.1
12748,Consultant,Operations,1.26,4273.82,16.4,Frequent,1,3,28,1,1,1,34,Female,White,Widowed,Mental,5.1
12749,Analyst,Consulting,0.83,5614.14,10.7,Occasional,4,5,51,5,0,0,42,Female,Other,Married,,12.8
12750,Developer,Consulting,1.52,3277.72,35.8,,5,1,22,2,0,1,41,Male,Other,Widowed,,11.4
12751,HR,HR,0.06,4850.94,18.5,Frequent,1,5,4,2,0,1,62,Female,Asian,Married,,11.2
12752,Manager,Technology,4.44,4194.67,21.5,Frequent,1,3,20,5,1,0,53,Male,White,Married,Other,4.4
12753,Analyst,Finance,0.56,2037.65,36.4,Frequent,5,4,55,2,1,1,50,Male,White,Single,,3.1
12754,Developer,Consulting,0.13,2897.66,15.1,,5,4,49,4,0,0,61,Female,Black,Widowed,,8.2
12755,Manager,Finance,3.18,3820.15,58.1,Occasional,2,3,35,4,1,1,21,Other,Mixed,Widowed,,13.2
12756,Manager,Finance,4.46,5334.75,7.0,Occasional,1,2,19,3,0,1,18,Male,Asian,Single,,11.1
12757,Operations,Technology,5.04,4556.47,35.7,Frequent,1,2,42,3,0,1,55,Female,White,Married,Physical,11.2
12758,Analyst,HR,2.04,2599.0,11.2,Frequent,4,4,7,1,1,0,28,Other,Asian,Divorced,,7.8
12759,Consultant,Technology,0.69,3831.62,31.9,Occasional,2,1,53,1,0,0,38,Other,Black,Single,,11.4
12760,Analyst,Consulting,4.01,6421.37,9.6,Occasional,2,5,25,5,0,1,42,Other,Asian,Married,,4.5
12761,Developer,Finance,3.61,4133.47,4.6,Occasional,1,3,40,5,1,1,45,Female,Other,Married,,13.5
12762,Manager,Technology,0.85,3607.21,32.2,Frequent,3,1,57,2,1,0,23,Female,White,Married,,15.3
12763,Analyst,Technology,7.01,4590.09,12.8,Frequent,3,5,24,3,0,0,63,Other,Black,Married,Physical,5.2
12764,Consultant,Technology,0.33,4916.07,4.8,Occasional,5,4,51,3,0,0,23,Female,Other,Divorced,,14.7
12765,Operations,Consulting,12.17,3452.6,33.3,Occasional,2,3,41,3,0,0,39,Male,Mixed,Single,,14.2
12766,Analyst,HR,5.9,4603.09,19.8,,1,1,6,3,0,0,32,Other,Mixed,Divorced,,9.4
12767,HR,Technology,3.49,3605.33,12.8,Frequent,1,5,50,1,0,1,50,Other,Asian,Widowed,,23.3
12768,Operations,Consulting,8.38,4863.19,22.3,,1,4,21,4,0,0,34,Other,White,Divorced,,5.6
12769,Consultant,Finance,3.84,4203.63,15.0,Occasional,4,4,32,5,0,0,29,Other,Mixed,Widowed,,16.4
12770,Developer,Operations,0.63,4578.36,13.7,Frequent,3,5,4,5,0,0,48,Female,Black,Single,,28.1
12771,Manager,Consulting,1.75,3088.98,29.6,Frequent,4,2,37,3,1,0,52,Other,White,Divorced,,5.8
12772,Analyst,Operations,0.22,3014.46,20.0,,1,2,11,3,1,1,51,Other,Black,Widowed,,7.6
12773,Consultant,Technology,1.48,5134.6,9.1,,1,5,59,1,0,1,49,Other,Black,Single,,5.9
12774,Operations,Technology,4.06,3904.72,16.8,,2,5,43,1,0,0,40,Other,Black,Single,,7.4
12775,HR,Consulting,1.47,4342.04,29.3,,2,5,52,5,0,0,55,Male,Mixed,Married,,18.5
12776,Consultant,Operations,1.2,3632.33,6.8,Frequent,3,4,13,3,0,0,22,Other,Asian,Widowed,Physical,7.9
12777,Finance,Technology,2.71,5078.47,38.0,Occasional,5,3,6,3,1,0,57,Female,Mixed,Divorced,,7.7
12778,HR,Finance,6.17,3270.63,19.5,Occasional,1,4,27,5,0,1,19,Male,Mixed,Divorced,,15.4
12779,Operations,HR,0.15,3837.28,18.4,Occasional,2,4,51,1,0,0,48,Male,Asian,Single,,5.2
12780,Developer,HR,1.46,4943.19,19.1,,3,2,52,5,0,0,29,Other,Other,Married,,17.5
12781,Manager,Technology,0.52,5407.56,49.2,Occasional,4,5,51,1,0,0,56,Female,Black,Married,,13.6
12782,Operations,Operations,3.57,3371.49,16.8,,1,4,45,1,0,1,63,Male,Other,Married,,3.1
12783,Developer,Technology,0.34,6351.62,12.9,,5,4,15,1,1,0,59,Male,Black,Single,,12.3
12784,Analyst,Operations,3.28,4375.89,15.3,Occasional,3,5,40,3,0,0,37,Female,Other,Single,,25.8
12785,Consultant,Finance,1.01,2748.49,32.2,Occasional,5,3,1,5,0,1,31,Male,Black,Widowed,,8.8
12786,Finance,Operations,0.67,4442.86,26.4,Occasional,1,2,48,1,1,1,28,Other,Asian,Divorced,,14.0
12787,HR,Technology,8.26,3540.4,17.0,Frequent,3,1,30,4,1,1,48,Male,Asian,Divorced,,21.3
12788,HR,Finance,0.06,4520.88,65.7,,2,4,35,1,0,1,50,Other,Asian,Widowed,,15.9
12789,Consultant,Consulting,1.73,3948.57,24.9,Frequent,5,3,13,1,0,0,43,Female,White,Widowed,,16.3
12790,Finance,HR,0.07,4089.13,8.1,Occasional,4,1,45,1,1,0,19,Female,Black,Single,Mental,17.8
12791,Consultant,Technology,1.98,2906.09,2.3,Frequent,4,5,27,2,0,0,48,Male,Asian,Divorced,,8.8
12792,Analyst,Technology,2.09,5188.07,26.7,Frequent,5,1,46,4,0,1,52,Female,Other,Divorced,,23.9
12793,Developer,Technology,1.16,2612.65,13.7,Occasional,1,5,31,3,0,1,44,Other,White,Divorced,,9.2
12794,Operations,Finance,0.43,2669.48,4.5,Occasional,1,3,27,5,0,0,22,Other,White,Single,,2.2
12795,HR,Consulting,1.42,4440.83,15.7,,1,1,11,5,0,0,28,Other,Asian,Single,,21.1
12796,Analyst,Operations,3.35,5923.41,27.9,,4,2,12,5,1,0,56,Male,Mixed,Widowed,,33.1
12797,Developer,Consulting,4.58,3576.89,14.8,Frequent,4,3,21,3,1,0,45,Other,Asian,Single,,14.3
12798,Analyst,Finance,2.27,4841.17,16.4,Occasional,2,1,41,1,0,1,33,Other,Mixed,Single,,12.0
12799,Finance,Technology,2.67,5288.01,2.1,,1,4,47,4,0,0,57,Female,Asian,Divorced,,31.9
12800,HR,HR,0.67,4977.62,26.7,,4,1,28,5,0,1,43,Male,Black,Divorced,Mental,13.2
12801,Operations,Technology,1.02,3626.55,3.5,Frequent,4,1,29,2,1,0,41,Female,Other,Widowed,,12.4
12802,Consultant,Operations,0.53,2690.74,10.6,Frequent,1,2,14,2,1,0,21,Other,Mixed,Single,,18.6
12803,Consultant,HR,0.86,1500.0,20.8,Frequent,1,3,39,4,0,1,29,Other,Mixed,Divorced,,0.9
12804,Developer,Technology,0.76,3684.59,8.9,Occasional,4,4,3,5,1,0,35,Female,White,Divorced,Physical,12.7
12805,Operations,HR,2.2,5413.7,10.5,,5,3,32,1,0,1,31,Female,Mixed,Widowed,,7.6
12806,Manager,Consulting,2.48,2651.0,20.1,,4,3,45,5,1,1,34,Female,Black,Divorced,,24.7
12807,Finance,Finance,8.7,4840.25,21.3,,2,4,8,1,0,1,61,Other,Other,Widowed,,10.6
12808,Developer,Technology,0.65,2859.82,17.4,Frequent,3,4,50,5,0,1,58,Female,Mixed,Divorced,,12.1
12809,Manager,Operations,3.08,4127.29,1.9,Occasional,1,2,37,2,0,0,33,Male,White,Widowed,,3.1
12810,Analyst,Consulting,5.1,4849.35,2.8,Frequent,2,5,15,3,0,0,59,Male,Other,Widowed,,9.9
12811,Finance,Technology,2.46,3208.61,32.2,Frequent,5,2,25,4,1,0,37,Female,Mixed,Widowed,,17.0
12812,Analyst,Consulting,0.88,4204.58,12.6,Occasional,3,4,55,1,0,0,60,Male,Black,Married,Physical,9.5
12813,Operations,Operations,0.91,3501.89,73.1,Occasional,4,1,42,3,0,0,45,Male,Black,Married,,6.6
12814,HR,Technology,0.12,4846.18,20.2,Frequent,1,1,52,1,1,1,58,Male,Other,Single,,21.6
12815,Finance,Operations,1.09,4282.38,57.3,Occasional,4,3,26,4,0,1,18,Female,White,Single,,14.8
12816,Manager,HR,4.09,4067.81,14.6,Frequent,2,3,54,3,1,0,33,Male,Black,Divorced,,7.2
12817,HR,Operations,0.15,5870.02,11.4,,1,5,10,3,1,1,21,Male,Asian,Married,,14.6
12818,Consultant,HR,0.74,4794.77,26.9,Occasional,4,5,45,4,0,0,49,Other,Asian,Widowed,,9.0
12819,Manager,Technology,3.67,3171.58,36.7,,1,5,42,4,1,1,46,Female,Mixed,Single,,11.7
12820,Developer,HR,4.58,3896.96,14.7,Occasional,2,5,25,1,0,0,25,Other,Black,Single,,13.7
12821,Consultant,Technology,1.82,3908.92,26.3,Frequent,4,1,13,3,1,1,19,Other,Asian,Widowed,,20.3
12822,Consultant,Technology,3.59,4096.38,3.6,Frequent,3,4,56,4,0,0,63,Female,Mixed,Widowed,,6.9
12823,Developer,Finance,1.47,7029.41,8.1,Frequent,5,5,0,1,1,0,41,Male,Mixed,Married,Physical,14.5
12824,Finance,Technology,0.52,4445.02,22.8,Frequent,4,2,10,5,0,0,58,Other,Mixed,Widowed,,23.2
12825,Consultant,HR,1.52,1556.92,12.7,Frequent,1,5,29,4,1,1,63,Male,White,Single,,14.7
12826,Operations,Finance,2.6,3348.64,20.7,Frequent,4,1,23,3,0,0,31,Male,Mixed,Single,Mental,23.9
12827,Manager,Finance,8.87,1681.15,23.1,Occasional,1,3,49,5,0,1,61,Male,White,Married,,31.8
12828,HR,Technology,0.21,3604.24,26.0,Occasional,2,2,48,4,1,0,60,Female,Asian,Divorced,,5.8
12829,Consultant,Operations,2.12,1615.23,31.7,,5,5,3,2,1,1,18,Other,Mixed,Married,,32.2
12830,Manager,Operations,1.2,2954.09,32.2,Occasional,1,1,21,3,1,1,50,Other,Asian,Single,,14.8
12831,Analyst,Finance,2.13,2175.13,6.6,Occasional,4,3,45,3,0,0,28,Female,Black,Married,,13.2
12832,Manager,Technology,0.07,4460.99,14.9,,2,5,7,1,1,1,37,Male,White,Divorced,,12.7
12833,HR,Operations,1.13,4000.65,14.6,,3,1,46,2,1,0,32,Male,Asian,Single,,6.3
12834,Manager,Technology,5.14,4363.55,16.1,Frequent,4,1,15,4,0,0,45,Male,Mixed,Widowed,,17.2
12835,Developer,Technology,2.42,3874.54,13.6,,5,4,32,2,0,0,38,Female,Asian,Single,Mental,6.8
12836,HR,Finance,1.8,2326.84,17.0,,2,1,32,4,1,0,40,Other,Mixed,Widowed,,15.9
12837,Finance,Finance,1.01,4616.23,10.2,Occasional,4,5,9,1,1,0,26,Other,Other,Single,,14.7
12838,Analyst,Consulting,1.06,6306.67,30.3,Frequent,1,1,1,5,1,0,37,Female,White,Divorced,,18.4
12839,Developer,Operations,1.45,4491.06,23.1,,1,2,56,2,1,1,34,Other,Black,Widowed,,15.8
12840,Finance,Operations,5.42,3488.89,10.1,Frequent,1,1,43,3,1,1,59,Other,Asian,Single,,11.9
12841,Manager,Operations,10.25,2286.32,17.2,Frequent,4,1,3,4,1,1,32,Female,Asian,Widowed,,6.6
12842,HR,HR,1.73,2910.32,53.7,,5,2,22,2,1,0,61,Other,Other,Single,,22.8
12843,Analyst,Technology,1.5,4543.65,6.9,,1,5,50,4,1,0,22,Male,Mixed,Divorced,,5.5
12844,Developer,Finance,5.62,5287.74,8.3,,4,3,26,2,1,0,63,Male,Black,Married,,8.0
12845,Finance,Operations,1.67,4313.04,31.3,,4,4,32,3,0,1,59,Female,Mixed,Divorced,,10.4
12846,Finance,Consulting,2.41,4959.86,46.3,Frequent,5,3,32,4,1,1,50,Male,Mixed,Married,,8.0
12847,Analyst,Operations,0.79,4849.21,21.3,Occasional,2,5,40,4,0,0,47,Male,Asian,Single,,7.1
12848,Operations,Technology,4.08,4607.84,18.0,Frequent,2,5,19,5,0,1,33,Male,Asian,Divorced,,18.9
12849,Manager,Technology,2.28,3209.83,5.8,Frequent,4,2,12,1,0,0,53,Other,Asian,Divorced,,7.3
12850,Analyst,Finance,4.97,4208.71,11.8,Frequent,2,3,10,2,1,0,54,Other,White,Married,Physical,23.7
12851,Finance,HR,4.55,2981.95,11.3,,3,1,18,3,0,1,58,Male,White,Divorced,,13.7
12852,Consultant,Finance,0.73,4020.91,11.9,,5,2,52,5,0,1,55,Male,Asian,Married,,6.3
12853,Developer,Operations,3.77,4397.04,9.2,Occasional,4,2,48,5,0,0,41,Female,Mixed,Married,,45.9
12854,Analyst,Consulting,4.83,6014.54,5.5,Occasional,2,4,31,1,1,1,42,Male,Black,Married,,9.7
12855,Operations,Finance,1.27,2428.32,27.1,Occasional,2,2,2,3,0,0,44,Female,Black,Divorced,,16.9
12856,Finance,HR,0.57,4577.81,22.3,Frequent,5,3,51,2,0,0,22,Male,Mixed,Widowed,,3.8
12857,Manager,Finance,0.01,5777.48,5.5,Occasional,1,5,12,4,0,0,38,Other,Other,Single,,12.7
12858,Finance,Technology,1.8,4910.62,17.4,Frequent,2,4,27,1,0,0,60,Female,Mixed,Divorced,,22.0
12859,Manager,Operations,1.3,4999.53,13.2,,5,1,21,4,0,1,52,Male,Black,Widowed,,3.8
12860,Analyst,Operations,2.43,4705.23,49.9,Frequent,1,3,56,5,0,1,23,Female,Other,Married,Mental,35.8
12861,Manager,Operations,0.62,5558.0,39.0,,4,1,18,4,1,1,26,Male,Other,Widowed,,10.3
12862,HR,Operations,5.89,2695.03,49.7,,1,2,30,2,0,1,62,Other,Black,Widowed,,8.7
12863,HR,Operations,0.89,2336.89,11.7,Occasional,2,3,19,2,0,0,44,Female,Other,Single,Physical,11.3
12864,HR,Operations,0.77,3992.4,3.1,,4,4,52,4,1,0,18,Female,White,Widowed,,13.4
12865,Operations,Consulting,1.97,1500.0,6.4,Occasional,4,4,23,4,0,0,47,Other,Asian,Divorced,,10.5
12866,Operations,HR,2.07,5476.77,11.9,Occasional,1,1,31,1,1,1,32,Male,Other,Single,,24.3
12867,Consultant,Operations,0.73,5464.86,14.0,Occasional,4,5,8,2,1,0,49,Other,Other,Single,,16.2
12868,Operations,HR,0.95,3479.98,50.5,Frequent,1,4,50,4,1,1,37,Other,White,Single,,9.9
12869,Analyst,Operations,0.56,3555.08,30.2,Occasional,1,1,18,3,1,1,21,Female,White,Married,,9.2
12870,Finance,Finance,3.8,3913.18,22.3,Occasional,1,5,22,1,0,1,51,Male,Mixed,Married,,5.2
12871,Finance,Operations,4.41,4062.42,39.4,,5,3,24,1,0,1,55,Female,Black,Single,,10.0
12872,Consultant,Technology,1.86,4152.61,25.1,Frequent,2,4,32,1,0,0,37,Female,Mixed,Single,Mental,18.1
12873,Operations,Consulting,3.76,4669.88,29.0,Occasional,4,4,48,1,1,0,64,Female,Black,Married,,4.5
12874,Manager,Finance,3.99,3792.85,13.2,Occasional,3,1,45,4,1,1,45,Female,White,Married,,4.4
12875,Consultant,Finance,0.45,5131.83,4.5,Occasional,2,4,43,5,0,0,56,Other,Asian,Married,,33.2
12876,Manager,Technology,10.16,4535.14,3.6,,3,1,1,3,0,0,42,Male,Black,Married,,7.0
12877,Manager,Operations,5.16,3271.64,3.7,,1,4,53,5,1,1,28,Other,Black,Married,Physical,8.8
12878,Developer,Consulting,0.69,5602.14,26.9,,4,1,2,5,0,0,25,Female,White,Married,,10.5
12879,Finance,Finance,0.62,2370.09,8.6,Occasional,2,4,27,4,1,1,51,Female,Other,Divorced,,4.8
12880,HR,Consulting,0.4,3889.4,13.3,Occasional,3,3,55,1,1,0,44,Female,Mixed,Married,Mental,19.7
12881,Operations,Finance,0.45,5160.3,5.0,Occasional,3,3,36,1,0,0,61,Other,Asian,Widowed,Other,0.7
12882,Manager,Operations,4.14,3132.31,36.0,Occasional,3,1,34,4,0,1,39,Other,Black,Widowed,,13.4
12883,Developer,Finance,1.9,4371.47,16.7,Occasional,2,3,13,4,0,0,25,Male,Other,Single,,32.2
12884,Finance,Finance,4.58,4652.01,20.0,,5,1,23,2,0,1,50,Male,White,Widowed,,9.7
12885,HR,HR,4.11,2967.37,21.5,Occasional,1,1,55,1,1,1,56,Female,Black,Widowed,,11.9
12886,Manager,Operations,2.78,3913.03,23.4,Frequent,4,2,49,3,0,0,26,Other,Other,Divorced,,7.6
12887,Manager,Technology,3.48,3812.2,37.3,Occasional,3,3,36,2,0,0,39,Other,Mixed,Married,,5.2
12888,Consultant,Technology,0.06,3337.91,27.5,,2,2,2,5,0,0,26,Female,White,Married,,30.7
12889,Consultant,Operations,1.12,6762.01,7.3,Occasional,3,2,22,1,0,0,48,Female,Other,Widowed,,16.7
12890,Finance,Technology,3.05,3084.27,8.2,Frequent,2,4,33,4,1,0,51,Female,Other,Married,,7.2
12891,HR,Operations,0.03,5205.92,84.7,Occasional,5,1,8,4,1,0,21,Female,Black,Married,,3.8
12892,Manager,Technology,0.1,3528.64,32.8,Frequent,3,5,17,4,0,1,63,Other,Mixed,Single,,14.0
12893,Finance,HR,5.73,2696.04,66.8,Frequent,3,2,58,1,1,1,31,Female,White,Single,,5.9
12894,Finance,Technology,3.46,4123.38,14.0,,4,4,1,3,0,0,25,Male,White,Divorced,,9.0
12895,Analyst,Finance,0.93,4778.91,46.1,Frequent,2,3,21,4,1,1,58,Female,Mixed,Single,,13.0
12896,Operations,Operations,3.49,5104.61,24.0,Occasional,2,5,50,1,1,1,52,Female,Asian,Married,,25.3
12897,Consultant,Consulting,4.72,5874.72,21.0,Frequent,5,1,34,5,1,1,39,Female,Black,Married,,14.6
12898,HR,Consulting,1.1,7534.3,17.2,Occasional,3,4,30,2,1,1,23,Male,Other,Divorced,,12.8
12899,Manager,Operations,0.11,4300.62,29.9,Occasional,4,5,25,1,1,0,50,Other,Black,Widowed,,23.6
12900,Finance,HR,8.1,3204.29,24.8,Occasional,1,1,49,1,0,0,35,Male,Mixed,Divorced,,11.5
12901,Manager,Technology,1.27,4543.45,14.7,Occasional,4,1,13,4,0,0,25,Male,Other,Married,,2.5
12902,Analyst,HR,0.34,3680.54,10.5,,4,5,44,2,1,1,24,Other,Asian,Widowed,,12.5
12903,HR,Consulting,2.03,5111.16,15.0,Occasional,4,4,47,2,0,0,49,Male,Mixed,Single,,17.8
12904,Finance,Operations,4.39,2443.4,16.9,,4,5,52,4,0,0,24,Other,Black,Divorced,,9.7
12905,Manager,Operations,0.75,6842.0,12.3,Frequent,3,2,27,3,1,0,27,Female,Other,Widowed,,9.1
12906,Consultant,HR,0.94,5027.26,8.0,Occasional,4,1,10,1,0,0,53,Other,White,Divorced,,11.4
12907,Operations,HR,0.83,1979.2,17.8,Frequent,2,3,31,4,0,0,48,Male,Other,Single,Mental,9.8
12908,Analyst,Technology,14.36,3149.17,22.7,,2,5,20,3,0,0,48,Female,Other,Widowed,,30.6
12909,HR,Finance,0.66,4979.3,20.6,Occasional,4,5,22,4,0,1,27,Male,Mixed,Divorced,,9.1
12910,Analyst,Finance,2.57,5411.61,6.3,Occasional,2,1,55,5,1,0,37,Female,Asian,Single,,16.2
12911,Consultant,Technology,7.78,2473.31,49.6,,3,1,23,3,0,1,52,Male,Other,Married,,16.8
12912,HR,Finance,0.48,4855.63,57.7,Frequent,1,5,11,3,1,1,46,Female,Other,Widowed,Other,10.4
12913,Analyst,Consulting,10.61,1663.19,26.6,,4,3,2,2,1,1,47,Female,Asian,Single,,14.7
12914,Developer,Finance,8.84,3892.8,30.4,Frequent,2,1,5,1,1,1,48,Male,Asian,Divorced,,5.3
12915,Consultant,Technology,6.48,5334.46,20.1,Frequent,2,1,47,4,1,1,50,Male,Other,Married,,20.2
12916,Consultant,Finance,0.72,3338.18,21.9,Frequent,3,2,11,4,0,0,57,Female,White,Divorced,,5.6
12917,Consultant,Operations,3.02,2191.69,3.4,Occasional,3,4,52,1,0,1,21,Male,White,Widowed,Other,11.2
12918,Developer,HR,4.29,4175.46,15.7,,1,2,19,1,1,1,51,Male,White,Single,,14.1
12919,Developer,Consulting,12.81,3274.34,15.9,Occasional,5,3,57,2,0,0,34,Female,Mixed,Divorced,,7.1
12920,Manager,Operations,0.6,4755.47,56.6,,5,4,5,1,1,0,51,Other,Mixed,Divorced,,21.0
12921,Finance,Operations,4.36,2937.61,13.5,Frequent,5,5,19,5,1,0,49,Female,White,Single,,9.4
12922,Operations,Technology,1.24,3072.84,49.0,Occasional,1,3,13,2,1,0,50,Other,White,Widowed,,13.2
12923,Analyst,HR,0.58,1574.8,17.2,Occasional,4,3,55,3,1,1,54,Male,White,Widowed,,14.9
12924,Manager,HR,1.64,4203.93,12.0,Occasional,5,2,40,1,0,0,48,Other,Asian,Widowed,Physical,13.6
12925,Analyst,Consulting,4.74,3806.91,3.6,Frequent,5,4,48,3,0,0,43,Male,Black,Married,,18.7
12926,Operations,Technology,1.88,2573.94,21.6,,2,3,43,2,0,1,48,Female,Mixed,Married,,12.2
12927,Finance,Consulting,2.31,4232.56,9.0,Frequent,2,4,0,5,1,0,48,Female,Mixed,Widowed,Physical,12.2
12928,Developer,Finance,15.99,5232.48,4.1,Occasional,4,5,19,5,0,0,45,Female,Mixed,Divorced,,8.2
12929,Finance,Operations,1.53,3741.32,26.4,Occasional,3,4,21,1,1,1,55,Male,Black,Single,,10.6
12930,Developer,Consulting,2.87,4321.8,22.2,Frequent,1,2,39,5,0,1,61,Male,Other,Divorced,,51.0
12931,Operations,Operations,1.36,4327.97,23.6,Occasional,5,2,30,4,1,0,27,Male,Mixed,Married,,15.3
12932,Finance,Technology,1.5,2554.8,17.1,Occasional,1,3,30,2,0,1,25,Female,Other,Single,Physical,13.6
12933,Manager,Finance,3.57,6467.9,9.7,,2,4,27,5,0,0,63,Male,Asian,Divorced,,4.1
12934,HR,Technology,8.34,3434.98,7.1,,1,2,11,2,1,1,53,Other,White,Widowed,,5.0
12935,Manager,Finance,2.35,4787.34,45.0,,2,1,15,2,0,1,36,Female,White,Divorced,,25.8
12936,Analyst,Finance,4.39,4923.06,28.0,,1,2,32,4,0,1,45,Male,Asian,Single,,11.6
12937,Manager,Operations,0.28,3832.49,33.1,,2,5,34,1,1,0,22,Male,White,Divorced,Physical,12.8
12938,Operations,Technology,0.71,4728.15,15.2,,1,1,43,2,0,0,41,Other,Asian,Married,,30.0
12939,Consultant,Technology,2.09,4294.98,8.7,Occasional,5,4,3,4,0,0,24,Female,White,Single,,19.6
12940,Analyst,Consulting,0.06,2298.83,7.9,Occasional,5,3,9,5,1,1,37,Other,Asian,Divorced,,25.4
12941,Finance,Technology,0.87,3601.27,18.0,,4,1,33,3,1,0,19,Male,Asian,Married,Mental,18.4
12942,Analyst,Consulting,2.19,3264.94,9.1,Frequent,1,2,40,1,0,0,60,Male,White,Married,,26.3
12943,HR,HR,0.05,3445.91,3.0,,3,3,2,3,1,0,27,Other,Other,Married,,3.7
12944,Developer,HR,0.92,2435.2,25.5,Occasional,4,3,30,4,0,0,35,Female,Mixed,Divorced,,9.0
12945,Finance,HR,2.16,5351.72,33.1,Frequent,1,3,51,2,0,1,51,Male,Mixed,Divorced,,12.2
12946,Analyst,Technology,2.55,5922.39,11.0,Frequent,3,3,30,4,0,1,31,Other,Black,Single,,6.2
12947,Finance,Technology,7.8,5173.6,4.0,Frequent,5,4,51,1,0,0,27,Female,Black,Widowed,,2.6
12948,Finance,Consulting,3.11,5524.64,19.3,Occasional,5,4,0,1,0,0,55,Male,White,Widowed,,6.5
12949,Finance,Finance,1.61,3586.44,15.0,Frequent,5,4,4,5,1,1,49,Other,Mixed,Single,,14.8
12950,Developer,Consulting,7.99,3236.49,12.6,Occasional,3,2,4,4,0,0,20,Other,Black,Widowed,,13.8
12951,Operations,HR,4.61,3065.7,23.3,Occasional,2,4,1,1,1,0,25,Female,Mixed,Widowed,,26.7
12952,Manager,Consulting,0.67,4772.88,18.5,,1,3,14,4,0,0,26,Male,Asian,Single,,10.1
12953,Finance,Finance,0.42,4272.48,22.7,Occasional,4,1,0,5,0,1,28,Female,Other,Single,,19.7
12954,Consultant,Technology,3.38,3907.33,17.9,Frequent,4,1,20,5,0,0,33,Female,Asian,Single,,39.8
12955,Operations,Consulting,2.46,5554.18,9.0,Occasional,5,1,36,4,1,0,51,Male,Black,Married,,18.4
12956,HR,HR,4.68,4485.93,8.5,Occasional,2,1,6,1,1,1,41,Male,Black,Single,Physical,8.4
12957,Developer,HR,4.03,2993.61,17.1,,1,1,10,2,1,1,48,Female,White,Married,,36.9
12958,Analyst,Technology,2.94,3182.91,31.5,,1,5,25,2,1,0,22,Female,Other,Divorced,,26.8
12959,Developer,Consulting,12.89,4818.39,18.2,Occasional,4,1,41,5,0,1,50,Male,Other,Single,,25.4
12960,Analyst,Finance,2.29,5250.08,10.0,Occasional,4,1,1,1,0,1,47,Other,Mixed,Widowed,Physical,19.1
12961,Developer,Technology,0.36,4662.02,19.2,Occasional,4,1,29,5,0,0,47,Other,White,Widowed,,20.4
12962,Analyst,Consulting,5.29,6276.27,19.8,,1,2,59,5,0,0,32,Male,Other,Widowed,,11.2
12963,Finance,Operations,0.87,5962.01,9.1,,4,5,13,5,1,0,56,Other,Black,Widowed,,8.9
12964,Manager,HR,4.51,4529.24,57.2,Frequent,1,1,55,5,0,1,33,Other,Asian,Married,,34.8
12965,Analyst,Finance,9.45,2993.7,30.4,Frequent,5,4,52,4,0,0,43,Female,Asian,Divorced,Physical,11.2
12966,Analyst,Finance,3.58,2428.01,15.2,Frequent,2,2,4,4,0,1,29,Female,Other,Single,,33.0
12967,Consultant,Finance,2.72,3535.14,54.4,Frequent,4,5,30,1,0,1,36,Female,Asian,Single,,4.1
12968,Analyst,HR,1.85,4903.86,21.7,,1,4,47,1,1,1,64,Other,Black,Divorced,,6.0
12969,Consultant,Consulting,1.36,6191.98,20.4,,5,4,31,3,1,0,52,Female,Mixed,Widowed,,15.0
12970,HR,Technology,1.31,4500.94,42.0,Occasional,3,2,56,2,0,1,37,Other,Black,Single,,7.2
12971,Finance,Consulting,3.03,5402.47,30.6,Frequent,5,4,33,4,1,1,38,Other,Other,Divorced,,5.6
12972,Consultant,Technology,4.17,3705.63,23.9,Occasional,2,3,9,1,0,1,54,Female,Black,Widowed,,10.4
12973,Manager,Finance,3.4,4747.32,12.3,Occasional,5,2,30,5,0,0,32,Male,Black,Single,Mental,18.7
12974,Operations,Consulting,0.66,4988.03,16.9,,4,2,26,4,1,0,33,Other,Asian,Widowed,,8.5
12975,Finance,Finance,2.04,1624.49,15.0,Occasional,4,3,17,2,0,1,33,Other,Mixed,Divorced,,6.7
12976,Consultant,Operations,4.71,3503.87,10.1,Occasional,3,2,4,4,0,0,40,Male,White,Married,,10.2
12977,Finance,Finance,1.94,5139.64,69.5,,1,4,16,2,1,1,61,Female,Other,Widowed,,6.0
12978,Finance,Finance,2.31,4329.36,30.8,,5,4,10,3,0,1,21,Other,Other,Widowed,,18.4
12979,Finance,Technology,4.42,2564.18,14.6,,3,4,4,1,0,0,46,Male,Black,Married,Mental,10.4
12980,HR,Operations,3.25,1500.0,22.3,,4,3,52,2,1,0,54,Male,Asian,Divorced,Mental,9.7
12981,Manager,Finance,1.58,3561.06,15.2,Frequent,1,4,55,3,1,0,41,Male,Asian,Divorced,Physical,12.0
12982,Developer,Finance,6.77,3914.1,8.8,Frequent,1,3,37,4,1,0,25,Female,Other,Married,,16.5
12983,Developer,Operations,0.53,2939.29,3.0,Frequent,2,3,58,1,0,1,61,Male,White,Widowed,,10.0
12984,Consultant,Operations,16.22,4171.7,23.6,Occasional,4,3,53,2,0,0,22,Female,White,Married,,0.8
12985,Finance,Consulting,0.38,4607.66,17.4,Frequent,1,2,47,2,0,0,60,Male,Mixed,Married,,18.4
12986,Consultant,Technology,0.05,4804.82,36.7,,2,5,36,1,1,1,46,Other,Black,Married,,8.5
12987,HR,Operations,6.62,1500.0,11.1,Frequent,2,3,20,4,1,0,27,Other,Other,Single,,20.4
12988,HR,Operations,0.84,2422.86,36.7,,4,4,23,4,0,0,61,Male,White,Married,,12.5
12989,Analyst,HR,3.92,3634.45,39.5,Frequent,1,3,29,5,1,1,26,Other,White,Widowed,,13.0
12990,HR,Operations,5.0,4686.61,33.3,Frequent,1,1,15,4,0,0,39,Female,Asian,Widowed,,56.1
12991,Analyst,Technology,5.88,4587.08,29.6,,5,2,48,1,0,1,27,Male,Mixed,Widowed,,12.0
12992,Manager,Finance,14.34,4566.24,16.1,,1,4,40,3,0,1,37,Other,Other,Married,,8.1
12993,Consultant,Finance,1.04,3539.9,36.3,Occasional,2,2,21,1,1,0,37,Male,Mixed,Single,,6.6
12994,Operations,Finance,3.72,3606.84,32.4,Occasional,3,2,56,2,0,1,44,Other,White,Single,,10.4
12995,Manager,Finance,0.37,3126.0,18.7,Occasional,4,1,1,5,1,1,55,Female,Mixed,Single,,15.1
12996,HR,HR,1.57,4921.83,4.2,Frequent,3,3,18,5,0,0,27,Male,White,Married,,17.0
12997,Manager,Operations,5.65,2895.41,14.0,Frequent,1,4,48,3,0,0,36,Other,Asian,Divorced,,14.1
12998,Manager,Finance,1.37,5020.04,33.6,,2,5,36,2,0,0,58,Male,Black,Married,,3.0
12999,Manager,Consulting,2.68,4249.42,21.4,,3,2,1,4,0,0,47,Other,Other,Divorced,Physical,26.4
13000,HR,Finance,2.1,3945.95,12.0,Occasional,4,5,10,4,0,0,33,Male,Black,Single,,35.9
13001,Operations,Operations,3.11,3211.95,17.8,,5,5,32,4,0,0,57,Female,Mixed,Widowed,,34.9
13002,Finance,Finance,10.82,2373.35,18.7,Frequent,3,3,8,1,0,0,29,Female,White,Single,,9.6
13003,Manager,HR,0.17,3222.82,8.6,,5,5,58,4,0,0,22,Other,Black,Widowed,Mental,8.7
13004,Analyst,Technology,2.56,3603.99,11.7,,1,4,24,2,0,1,60,Female,Asian,Widowed,Mental,20.4
13005,HR,Technology,5.96,1500.0,66.1,,1,3,5,5,0,1,20,Female,Mixed,Single,,27.3
13006,Manager,Operations,1.97,3763.17,1.0,,4,5,10,1,1,1,41,Female,Mixed,Married,Mental,9.9
13007,Operations,Technology,0.25,5109.23,17.7,,5,3,26,4,1,0,43,Male,Black,Divorced,,17.5
13008,Finance,Technology,2.47,4680.66,33.6,Occasional,5,4,7,2,1,0,48,Male,Mixed,Widowed,,28.6
13009,HR,Consulting,1.21,3404.55,17.4,Occasional,4,2,44,3,0,1,64,Other,Other,Married,,17.0
13010,Developer,Operations,0.51,4056.32,10.7,Frequent,3,1,30,2,1,0,20,Female,Black,Married,,10.3
13011,Finance,Operations,5.67,3332.6,13.2,Occasional,4,3,26,5,1,0,18,Female,Black,Single,,10.4
13012,Analyst,Technology,2.21,4178.51,55.4,,1,1,43,2,0,0,28,Other,Asian,Single,,7.5
13013,Manager,Technology,8.12,5848.13,27.3,Occasional,5,2,40,2,0,0,62,Other,Mixed,Single,Physical,13.8
13014,Operations,Technology,4.92,5162.2,26.2,Frequent,2,4,46,1,1,1,22,Male,Asian,Single,,9.6
13015,Developer,HR,3.54,4624.95,16.0,Occasional,2,2,4,5,0,1,24,Female,Mixed,Widowed,,3.1
13016,Operations,Finance,0.02,3408.54,20.6,Frequent,1,1,14,4,0,1,50,Female,Black,Single,,8.3
13017,Developer,HR,1.67,4899.93,7.4,Frequent,5,4,1,5,0,0,30,Female,Mixed,Single,,14.5
13018,HR,Operations,0.66,1975.75,57.6,Frequent,5,5,14,3,0,0,59,Male,Asian,Married,,19.3
13019,Developer,Consulting,7.25,3697.18,28.6,,4,5,30,5,0,0,48,Male,Black,Married,Mental,5.2
13020,Analyst,Finance,0.58,4700.45,17.6,Frequent,3,3,19,1,1,0,30,Male,Mixed,Divorced,,28.1
13021,Analyst,Consulting,1.01,4888.51,19.5,Occasional,4,5,2,4,0,0,18,Female,Asian,Married,,10.5
13022,Consultant,Operations,2.18,4803.86,24.6,Occasional,2,1,41,5,0,0,61,Other,Mixed,Single,,7.6
13023,Analyst,Operations,0.92,4353.8,7.4,Occasional,5,5,38,4,0,0,55,Male,Asian,Single,,10.2
13024,Finance,Consulting,0.71,3765.13,13.8,Frequent,3,3,9,1,1,0,56,Female,Other,Divorced,,22.5
13025,Developer,Consulting,2.74,4645.57,7.6,Frequent,4,4,25,2,1,0,50,Male,Asian,Single,,15.2
13026,Analyst,Consulting,0.28,2856.57,28.5,,3,5,9,3,0,0,59,Other,White,Divorced,Physical,44.2
13027,HR,Operations,0.18,2986.39,5.5,Frequent,2,3,39,5,1,0,52,Female,Mixed,Divorced,,13.7
13028,Operations,Technology,1.4,4074.08,8.0,Occasional,3,5,12,4,0,0,56,Male,White,Single,,14.3
13029,Operations,Consulting,3.83,4207.84,31.0,,5,5,20,5,1,1,59,Female,Other,Married,,5.5
13030,Consultant,Finance,2.43,1809.26,20.6,Occasional,3,1,33,1,0,0,59,Other,Asian,Married,,14.4
13031,Operations,Operations,1.65,4546.18,51.4,,3,3,43,2,1,1,26,Other,Black,Married,,6.5
13032,Developer,HR,2.5,4927.27,13.7,Frequent,4,3,31,1,1,0,23,Other,Black,Divorced,,16.7
13033,Consultant,HR,1.36,3907.26,15.5,,3,2,8,4,1,0,58,Other,Asian,Married,,18.8
13034,Developer,Finance,8.25,6849.36,44.4,Frequent,3,2,29,5,0,1,26,Female,Other,Divorced,,17.5
13035,HR,Technology,0.17,3180.48,37.0,Frequent,2,3,0,4,1,1,44,Male,Asian,Widowed,Mental,20.9
13036,Consultant,Consulting,3.36,3566.7,31.4,Occasional,3,1,52,1,0,0,59,Other,Black,Divorced,,12.2
13037,Manager,Operations,6.66,3525.92,9.5,Frequent,4,5,11,5,0,0,46,Female,Black,Single,Mental,10.6
13038,Finance,Consulting,4.89,3908.57,10.2,Frequent,4,4,43,4,1,1,21,Other,Black,Single,,21.4
13039,Finance,Operations,0.61,3605.53,16.5,Frequent,5,5,34,5,1,1,42,Other,Asian,Married,Physical,20.2
13040,Developer,HR,1.05,2311.83,16.2,Occasional,2,4,23,3,0,0,33,Female,Other,Single,,21.5
13041,Operations,Consulting,3.79,3344.14,9.6,Frequent,1,1,39,1,0,0,51,Female,Other,Married,,15.3
13042,Manager,Finance,0.26,3882.86,13.2,Occasional,5,2,44,1,1,1,28,Female,Other,Widowed,,29.8
13043,Consultant,Technology,5.01,5474.29,16.9,,3,3,59,3,1,0,26,Other,Black,Divorced,,23.3
13044,Manager,Finance,3.81,6642.69,35.6,Occasional,2,1,59,2,0,1,52,Other,Mixed,Single,,27.1
13045,Manager,Technology,3.92,5602.57,42.3,Occasional,5,4,48,4,1,0,44,Male,Asian,Married,,5.0
13046,Operations,Consulting,0.32,3069.55,27.8,Frequent,4,3,51,2,1,0,56,Other,Black,Widowed,Mental,7.2
13047,Consultant,Consulting,3.79,3165.03,4.7,Occasional,2,4,59,5,0,1,62,Male,Other,Single,,13.0
13048,HR,Technology,3.42,3808.81,38.8,,2,5,9,4,0,1,62,Other,Asian,Single,Other,3.5
13049,Operations,HR,5.33,6141.47,27.9,Occasional,3,5,46,4,1,0,45,Male,Other,Widowed,,1.0
13050,Manager,Operations,0.13,3801.49,32.3,Frequent,2,5,23,4,0,0,60,Male,White,Divorced,,7.1
13051,Manager,Finance,0.07,2406.99,10.1,,2,3,56,3,1,0,22,Male,Black,Single,,19.1
13052,HR,Finance,1.4,3398.59,45.5,Frequent,1,2,40,1,0,1,33,Female,Other,Widowed,,5.9
13053,Manager,Finance,0.48,4908.47,15.1,Frequent,3,2,17,3,1,0,45,Female,White,Married,,18.1
13054,Manager,Consulting,2.45,4827.93,9.5,Occasional,2,4,56,3,1,0,19,Male,Other,Single,,13.7
13055,Manager,Finance,7.48,3759.74,29.5,Frequent,2,2,7,3,1,1,59,Female,Black,Divorced,Other,7.5
13056,Finance,Operations,1.49,4820.1,16.7,,1,2,58,2,0,0,27,Other,Mixed,Divorced,,20.0
13057,Operations,Operations,5.59,1500.0,27.3,,1,4,45,3,1,0,36,Female,Other,Widowed,,3.1
13058,Analyst,Technology,0.0,4124.6,13.1,,4,4,42,1,0,0,37,Female,Other,Divorced,,20.8
13059,Operations,Consulting,0.55,5032.82,6.9,,3,4,12,4,0,0,55,Other,White,Married,Other,61.8
13060,HR,Operations,0.09,3000.56,12.9,Occasional,1,3,15,2,1,1,62,Other,Black,Widowed,Physical,33.7
13061,Manager,HR,1.19,2996.39,5.6,,2,4,13,3,0,1,52,Male,Other,Widowed,,18.7
13062,Operations,Consulting,7.16,1760.26,27.9,Occasional,1,3,8,3,0,0,58,Female,Asian,Divorced,,28.8
13063,Finance,Consulting,0.31,5907.87,1.3,Frequent,5,3,8,4,0,0,27,Other,Black,Divorced,,24.3
13064,HR,Operations,2.8,3135.82,37.2,Frequent,4,3,50,4,1,1,53,Other,White,Widowed,,10.0
13065,Developer,HR,1.8,4289.25,6.0,Occasional,4,4,4,2,0,0,33,Female,White,Married,,7.0
13066,Operations,Technology,8.36,4724.7,34.1,Frequent,3,2,46,1,1,1,43,Female,White,Married,,12.7
13067,Developer,Operations,0.39,5814.48,25.6,Frequent,4,2,10,2,0,1,48,Male,Black,Married,,24.6
13068,Manager,HR,0.71,3815.32,2.4,,3,4,18,4,0,0,59,Female,Black,Married,,22.9
13069,Finance,Consulting,0.09,3352.68,20.1,Frequent,5,2,37,1,0,0,18,Other,Other,Married,,5.9
13070,Finance,HR,1.71,4207.68,5.3,Frequent,2,4,9,3,0,1,40,Female,White,Widowed,,5.9
13071,Operations,Consulting,0.98,5540.9,20.1,Occasional,5,3,15,3,1,0,59,Male,White,Widowed,Mental,14.8
13072,HR,Operations,6.12,3795.79,10.3,,3,5,28,5,0,0,44,Female,Black,Single,,41.4
13073,HR,Operations,2.79,2854.16,2.4,Frequent,3,1,4,4,0,0,36,Female,Black,Divorced,Physical,18.4
13074,Finance,Finance,2.86,2151.09,24.7,Frequent,3,4,17,5,1,0,33,Female,Asian,Married,,20.6
13075,HR,Finance,2.28,2534.44,16.2,Occasional,2,3,50,2,0,1,55,Other,White,Divorced,,7.7
13076,Finance,Finance,0.29,5037.27,17.5,Frequent,3,5,54,2,0,0,25,Other,Black,Widowed,,10.0
13077,Operations,Operations,1.77,3615.25,3.0,,5,3,41,1,1,1,33,Other,Black,Single,,10.0
13078,Analyst,Technology,22.83,3270.97,2.6,,2,1,41,4,0,0,29,Other,Other,Widowed,,5.5
13079,Finance,Operations,5.41,3140.84,13.9,,5,2,43,1,0,0,26,Male,White,Single,Mental,21.3
13080,Developer,HR,6.72,4102.06,33.4,Occasional,2,2,52,1,0,1,24,Other,Asian,Widowed,,8.2
13081,HR,Operations,5.2,3712.65,28.3,,3,3,34,2,1,1,57,Other,Black,Married,,11.6
13082,Finance,Operations,0.33,3672.24,24.1,,2,1,35,2,0,1,54,Male,Other,Divorced,,21.8
13083,Finance,Consulting,0.77,5619.19,40.7,,1,3,21,4,1,1,40,Other,Other,Divorced,,12.4
13084,Operations,Consulting,0.01,5845.62,10.8,,5,2,23,2,0,0,58,Other,Mixed,Single,Physical,19.2
13085,HR,Consulting,1.09,2067.97,25.2,,1,3,11,4,1,0,25,Other,White,Single,,12.7
13086,Analyst,Operations,0.34,4393.11,3.8,,1,5,38,5,0,0,40,Female,Other,Widowed,,28.6
13087,Operations,Technology,1.92,3067.77,68.8,Occasional,3,1,11,3,0,1,37,Male,Asian,Single,,11.9
13088,Analyst,HR,3.39,3702.1,9.2,,3,2,34,5,1,0,28,Other,White,Married,,16.9
13089,Operations,HR,6.23,4371.13,23.8,Frequent,1,3,49,2,1,1,18,Male,Asian,Widowed,Mental,5.8
13090,HR,Technology,4.15,3744.74,50.8,Occasional,2,1,18,3,1,1,61,Other,Other,Married,,17.9
13091,Consultant,Technology,8.37,4276.55,12.8,Frequent,3,3,36,3,0,1,22,Female,White,Single,,18.7
13092,HR,HR,0.17,4807.56,23.4,Frequent,5,2,13,1,0,0,31,Other,Other,Divorced,,17.4
13093,HR,Finance,0.04,4353.49,19.8,,1,1,22,3,0,0,24,Other,Other,Married,,11.8
13094,Analyst,Consulting,3.25,3223.8,12.3,Frequent,5,2,39,4,1,0,41,Female,Other,Widowed,,12.0
13095,Analyst,Consulting,1.02,3244.96,10.2,Frequent,5,5,21,2,0,1,56,Female,Black,Divorced,,7.1
13096,HR,HR,0.88,2272.35,5.9,Frequent,5,5,46,2,1,0,21,Male,Black,Single,,8.5
13097,HR,Technology,1.21,2975.3,15.2,,1,4,47,1,1,1,64,Male,Asian,Married,,15.1
13098,HR,Finance,0.94,6354.48,9.5,,4,1,49,1,1,1,44,Other,Black,Single,Physical,12.3
13099,Analyst,HR,2.15,3049.6,8.9,,3,5,10,2,0,1,24,Other,Asian,Married,Physical,9.8
13100,HR,Consulting,1.74,2567.95,26.4,Occasional,5,4,1,1,0,0,41,Female,Black,Divorced,,7.9
13101,HR,Operations,2.15,4383.91,18.8,,1,1,9,3,0,1,26,Other,Other,Widowed,,10.8
13102,Manager,Technology,3.35,3867.56,35.0,,4,2,42,3,0,0,18,Male,Black,Single,,7.1
13103,Consultant,Operations,1.47,3765.29,12.2,Frequent,1,3,4,4,1,0,51,Female,Mixed,Divorced,,5.8
13104,Developer,HR,0.87,5690.86,6.4,,3,3,58,1,0,0,57,Female,Other,Divorced,,16.2
13105,Consultant,Consulting,0.55,4658.95,26.7,Frequent,1,2,29,2,0,1,48,Female,Mixed,Widowed,,3.1
13106,Manager,Finance,1.29,3364.01,27.7,,2,5,20,5,0,0,56,Other,Other,Widowed,,12.0
13107,Developer,Operations,4.06,3490.63,21.3,,2,3,48,2,0,1,40,Male,Black,Divorced,,3.2
13108,Operations,Finance,4.24,3396.9,8.7,,5,2,32,5,1,0,20,Female,White,Married,,29.1
13109,HR,Consulting,3.3,5049.69,17.7,,1,4,24,5,0,0,56,Male,Asian,Divorced,,20.0
13110,Manager,Operations,0.8,3630.22,6.1,,1,4,45,4,0,1,37,Female,Other,Divorced,,14.6
13111,Operations,Finance,2.66,1848.22,9.3,,5,2,46,5,0,1,43,Female,White,Married,,14.0
13112,HR,Finance,2.54,3942.02,38.2,,5,1,6,3,0,1,51,Male,White,Single,Mental,30.1
13113,Analyst,Operations,1.99,2155.57,11.3,Frequent,4,5,39,3,1,0,49,Female,Black,Divorced,Physical,16.2
13114,Finance,Consulting,2.4,6621.08,32.2,Occasional,1,5,27,4,0,0,50,Other,Other,Married,,6.7
13115,Manager,Finance,2.03,2841.2,22.2,Occasional,3,2,15,2,0,0,57,Male,White,Single,Physical,23.4
13116,Analyst,HR,2.5,3805.76,50.0,,3,3,44,2,1,1,22,Male,Asian,Married,,4.9
13117,Manager,Operations,3.77,4309.84,21.6,Occasional,3,5,36,2,0,1,27,Female,Mixed,Married,,12.6
13118,Manager,Technology,0.35,3653.61,20.6,Frequent,5,5,2,2,0,0,53,Male,Black,Married,Physical,11.4
13119,Analyst,Technology,4.15,3651.96,3.9,Frequent,5,4,44,3,1,1,47,Other,Black,Single,,7.8
13120,Developer,Consulting,0.44,4506.19,9.6,Frequent,5,4,18,3,0,0,26,Female,Black,Single,Other,13.8
13121,Consultant,HR,0.21,5831.46,13.9,Occasional,3,4,11,4,0,0,63,Other,Asian,Divorced,,9.3
13122,HR,Finance,11.2,4921.01,63.2,Occasional,4,5,18,4,0,1,49,Other,Black,Divorced,,2.3
13123,Manager,Technology,9.44,5774.22,10.2,Occasional,2,5,48,4,0,0,38,Other,Asian,Divorced,,13.0
13124,HR,Consulting,0.19,2744.06,6.5,,1,5,10,2,1,0,59,Male,White,Divorced,,4.2
13125,Finance,HR,1.76,4380.84,4.7,Frequent,2,3,58,2,0,0,43,Female,Other,Divorced,,7.3
13126,Analyst,HR,0.62,4186.3,3.8,Frequent,1,3,2,3,0,1,40,Female,White,Single,,30.1
13127,HR,Consulting,1.99,4421.31,64.7,,5,3,1,3,1,1,26,Other,Other,Widowed,,7.8
13128,Analyst,Consulting,5.32,5651.48,19.5,Occasional,3,1,55,1,0,1,22,Other,Black,Married,,13.0
13129,HR,Finance,9.02,3735.05,7.3,Frequent,2,5,57,1,1,0,25,Female,White,Divorced,,23.8
13130,Consultant,Consulting,3.02,3513.4,41.5,Occasional,5,5,45,2,0,0,61,Female,Asian,Married,,19.3
13131,Consultant,Finance,1.31,4640.78,54.4,,1,2,25,3,0,1,63,Other,Black,Married,,28.2
13132,Consultant,Finance,2.77,1866.16,7.6,Occasional,2,2,21,2,1,0,60,Female,White,Divorced,,4.0
13133,Consultant,Operations,1.12,3715.78,11.8,,2,1,52,5,1,1,28,Other,White,Married,,20.8
13134,Consultant,HR,7.22,3838.96,37.1,Occasional,2,2,16,1,0,1,53,Other,Asian,Married,,6.8
13135,Consultant,HR,6.13,2895.57,27.9,,2,3,33,4,1,1,35,Other,Asian,Widowed,,17.3
13136,Analyst,HR,2.45,5268.47,14.9,Frequent,2,1,49,2,1,1,48,Other,White,Married,,25.4
13137,Manager,Operations,1.18,2725.31,37.8,,5,1,54,5,1,0,58,Male,Asian,Married,,3.8
13138,HR,Finance,1.04,3836.95,3.7,Occasional,1,1,14,4,1,0,25,Female,Mixed,Widowed,,14.8
13139,Consultant,Finance,0.1,4351.79,6.2,Frequent,1,4,11,5,1,1,53,Female,Mixed,Married,,12.2
13140,Analyst,Consulting,5.08,5624.14,9.1,Occasional,4,2,15,3,1,0,36,Female,Asian,Married,,4.9
13141,Analyst,Operations,1.8,3987.33,8.2,Occasional,3,5,15,3,0,0,39,Other,White,Married,,14.0
13142,Analyst,Consulting,1.18,5123.38,1.7,,2,4,38,3,0,0,19,Male,Asian,Married,,8.1
13143,Manager,Operations,1.91,4840.71,12.4,,1,3,5,4,1,1,28,Female,Asian,Married,,25.8
13144,HR,Consulting,5.12,4148.15,25.2,Occasional,3,4,45,4,0,1,20,Other,Other,Married,Other,34.4
13145,Manager,Technology,0.4,2692.58,30.7,,3,3,7,3,0,1,50,Other,Mixed,Single,,12.9
13146,Developer,HR,5.85,2278.5,29.1,Occasional,5,5,51,4,1,1,27,Male,Black,Widowed,,12.1
13147,Operations,HR,6.83,4127.81,35.5,,2,5,24,3,0,1,62,Male,Black,Single,,9.5
13148,Analyst,Finance,8.8,3348.76,23.2,,4,2,55,2,0,1,20,Other,Black,Single,,25.9
13149,Developer,Technology,1.52,5103.11,10.7,Occasional,3,4,18,3,0,0,56,Female,Asian,Widowed,,33.8
13150,Finance,HR,0.73,4895.03,2.8,Frequent,5,5,18,1,0,0,54,Other,Black,Widowed,,20.7
13151,Consultant,Finance,1.4,3778.47,2.7,,2,3,59,2,1,0,51,Male,Other,Married,,22.6
13152,Operations,Technology,1.21,2610.74,18.5,Occasional,1,5,11,3,0,1,45,Other,Asian,Divorced,,6.5
13153,Consultant,HR,0.58,4612.88,7.7,Frequent,4,2,8,1,0,0,31,Other,White,Divorced,,37.4
13154,Manager,Consulting,2.8,2778.46,17.8,,2,3,40,3,0,0,45,Male,White,Single,,16.9
13155,Operations,Operations,1.94,3089.84,5.6,,5,1,28,2,1,0,47,Male,Asian,Married,,24.6
13156,HR,Technology,6.02,2824.7,40.3,Occasional,5,2,26,3,0,1,47,Other,Mixed,Divorced,,16.0
13157,Developer,Finance,0.1,3833.8,12.8,,5,2,4,4,1,0,44,Male,Mixed,Widowed,Physical,6.8
13158,HR,Technology,3.1,5404.23,13.6,Occasional,5,1,25,3,1,0,19,Female,White,Widowed,,13.8
13159,Manager,Finance,4.32,3993.95,14.7,Occasional,5,5,29,2,0,0,54,Female,Black,Divorced,,3.2
13160,Consultant,Technology,4.27,3468.14,37.3,,4,2,13,5,1,1,30,Female,Other,Married,Physical,15.6
13161,Operations,Finance,6.52,2169.26,6.3,Frequent,3,1,32,3,1,1,56,Male,Asian,Married,,18.0
13162,HR,HR,3.92,4662.55,15.0,,3,1,34,4,1,0,59,Other,Other,Single,,18.2
13163,HR,Consulting,7.89,3063.51,17.4,Frequent,1,2,10,2,0,1,45,Other,Other,Widowed,,9.3
13164,Consultant,HR,1.21,4141.02,8.4,,3,4,52,1,0,0,37,Other,Other,Married,,8.2
13165,Operations,Consulting,2.1,3574.94,25.7,Frequent,5,2,3,5,1,0,56,Other,Asian,Widowed,Physical,29.3
13166,Developer,HR,0.04,5005.81,34.4,,3,4,51,3,1,1,35,Female,Black,Single,,17.6
13167,Consultant,HR,0.02,3811.32,2.8,Frequent,3,5,32,2,0,1,51,Other,Asian,Married,,13.2
13168,HR,Technology,0.82,3929.29,27.6,Frequent,5,1,5,4,0,0,62,Other,White,Married,,8.7
13169,Developer,Operations,0.32,4582.9,2.2,,4,3,27,4,1,0,34,Male,Black,Divorced,,38.7
13170,Developer,Finance,0.9,6528.33,8.4,,5,2,9,2,1,0,55,Male,White,Widowed,,7.5
13171,Consultant,Finance,0.58,5066.14,10.6,Occasional,3,3,58,4,0,1,40,Other,Other,Married,,17.7
13172,HR,Finance,0.09,3893.67,10.8,Frequent,3,5,35,5,0,1,48,Female,Black,Single,,11.1
13173,Manager,Consulting,7.2,4003.84,38.6,,1,2,48,1,1,1,26,Female,Other,Widowed,,7.1
13174,HR,Finance,0.02,3370.17,11.4,Occasional,5,3,25,4,1,1,52,Female,White,Married,,6.0
13175,Analyst,Finance,4.0,2860.01,11.4,,1,5,29,4,0,0,42,Male,Asian,Widowed,,5.3
13176,Operations,Technology,0.5,3336.7,4.9,Frequent,1,4,21,1,0,0,56,Female,Black,Single,,22.9
13177,Finance,HR,7.3,3073.42,20.8,,2,5,52,5,0,0,47,Male,Other,Divorced,,6.2
13178,Manager,Finance,6.7,4784.04,14.1,,1,2,4,5,1,0,22,Female,Mixed,Divorced,,11.1
13179,Developer,Operations,3.18,2714.57,23.8,Occasional,3,2,1,5,1,0,45,Male,Other,Single,,16.2
13180,Manager,Finance,3.35,5599.85,4.8,,3,2,32,4,1,0,24,Male,White,Widowed,,26.5
13181,Operations,Consulting,0.02,4902.46,50.8,Occasional,2,5,15,4,0,1,59,Male,White,Single,,7.1
13182,Developer,Consulting,12.57,4024.6,29.0,Frequent,2,2,6,5,0,0,59,Other,Asian,Divorced,Mental,22.1
13183,Operations,Consulting,6.31,4000.38,17.2,Frequent,5,5,20,4,1,0,59,Male,Black,Widowed,,7.3
13184,Developer,Finance,6.76,3331.26,33.1,,2,1,34,3,0,1,55,Male,Mixed,Widowed,,19.7
13185,Manager,Technology,3.23,4324.1,51.7,Occasional,4,1,45,4,1,1,36,Male,White,Married,Physical,12.6
13186,Developer,Operations,1.27,5305.71,21.1,Frequent,3,1,21,5,1,1,42,Female,Black,Married,,5.3
13187,Developer,Finance,6.72,3156.21,14.4,,3,3,50,2,0,1,35,Male,Mixed,Married,Other,6.3
13188,Analyst,Technology,1.03,2159.93,11.2,,2,1,47,5,1,0,64,Other,Asian,Married,,13.4
13189,HR,Technology,2.48,4843.86,13.0,,2,1,21,2,1,1,43,Female,Black,Married,,21.4
13190,HR,Finance,0.32,4389.24,19.0,,3,5,5,4,0,0,62,Female,Other,Single,,23.6
13191,Finance,Finance,7.65,2655.76,13.9,,2,5,56,4,0,1,37,Other,Mixed,Single,,15.6
13192,Finance,Technology,0.46,3119.93,27.2,Occasional,5,2,55,2,1,1,19,Male,Other,Widowed,,9.7
13193,Analyst,Technology,0.76,2969.07,43.0,,2,2,32,5,0,1,47,Male,Other,Widowed,,20.8
13194,Finance,Technology,2.45,3130.56,5.8,,2,2,38,1,0,1,39,Female,Mixed,Married,,22.2
13195,Operations,Finance,4.33,3611.58,5.7,,5,5,42,1,1,0,59,Other,Other,Divorced,Mental,8.6
13196,Manager,Technology,2.9,3680.14,11.6,,5,5,24,5,0,0,51,Female,Mixed,Divorced,,15.2
13197,Consultant,Consulting,0.79,3219.05,2.8,,5,1,17,4,1,0,52,Female,Other,Widowed,,9.6
13198,Operations,Finance,0.0,3090.2,48.4,,3,4,40,2,0,0,22,Male,Asian,Widowed,,30.9
13199,Consultant,Consulting,4.25,3725.46,35.6,,2,5,53,2,0,0,32,Male,Asian,Widowed,,17.3
13200,Consultant,HR,12.64,4201.23,14.3,Frequent,5,4,34,5,0,0,56,Other,Black,Married,,24.6
13201,Analyst,Finance,4.98,3620.44,15.4,Frequent,5,5,23,5,1,1,32,Female,Other,Widowed,,22.0
13202,Operations,HR,1.85,5390.4,21.5,,3,5,54,3,0,1,45,Other,Asian,Married,,33.2
13203,Analyst,Technology,7.02,4609.71,8.5,Occasional,4,3,59,2,1,0,29,Female,Asian,Single,,28.6
13204,Developer,Technology,1.58,2090.98,12.6,,2,4,39,3,0,0,20,Other,Asian,Widowed,,6.8
13205,Consultant,Operations,2.23,4628.47,9.1,Occasional,4,3,39,4,1,1,27,Other,White,Divorced,,26.7
13206,Manager,Technology,1.95,4726.65,17.4,Occasional,4,1,22,2,0,1,53,Other,Other,Married,,34.6
13207,Finance,HR,1.78,3478.32,17.8,Occasional,5,3,32,5,0,0,24,Other,Black,Single,,9.9
13208,Manager,Technology,4.48,2205.76,15.0,Occasional,3,3,28,5,1,0,60,Female,Asian,Single,,8.3
13209,Finance,Finance,2.24,4009.68,33.3,Occasional,2,1,9,4,1,0,34,Other,Mixed,Married,,11.1
13210,Consultant,Technology,1.14,3990.75,15.2,Frequent,2,4,14,1,0,1,37,Female,White,Married,,10.7
13211,Consultant,Operations,0.9,2654.02,15.9,,2,2,9,3,1,1,64,Other,Other,Single,,23.9
13212,Consultant,Technology,0.12,2258.54,4.0,Frequent,4,5,25,5,0,1,63,Male,Black,Single,,9.3
13213,Analyst,HR,2.63,3894.94,26.6,Frequent,1,4,39,2,0,1,45,Female,Asian,Single,,3.9
13214,Operations,HR,0.78,3720.31,18.7,,3,1,52,2,1,1,29,Female,Mixed,Married,,14.1
13215,Finance,Technology,0.48,3499.28,28.7,Frequent,1,3,28,2,1,1,35,Female,White,Widowed,,8.2
13216,Operations,HR,3.18,3899.91,7.9,,4,2,33,4,1,0,62,Other,Mixed,Single,Mental,6.5
13217,Analyst,HR,3.43,2676.67,6.1,,5,3,17,1,0,0,54,Female,Mixed,Single,,9.5
13218,Analyst,Operations,4.18,3478.22,13.7,,1,5,1,3,1,1,29,Other,White,Divorced,Other,9.0
13219,HR,Finance,2.1,4639.99,2.3,,1,1,24,2,1,1,25,Other,Mixed,Widowed,,13.8
13220,Manager,Operations,6.73,3580.04,50.2,Occasional,3,2,20,2,0,1,57,Male,Asian,Married,,6.9
13221,Manager,Consulting,8.26,1993.63,13.4,Occasional,4,4,50,5,0,0,58,Male,White,Single,,6.6
13222,Developer,Operations,4.94,3432.77,1.0,Frequent,3,4,30,1,0,0,36,Male,Other,Married,,8.7
13223,Analyst,Technology,3.03,2715.81,10.9,,5,1,21,5,0,0,53,Other,White,Widowed,,29.3
13224,Finance,Finance,1.09,4320.56,14.5,,2,1,8,4,1,0,23,Female,Black,Widowed,,7.6
13225,HR,Technology,12.21,4382.6,43.2,,4,3,26,4,0,1,45,Female,Asian,Widowed,,16.4
13226,HR,Consulting,0.96,2009.47,17.3,,5,2,24,3,0,0,61,Male,Other,Divorced,,4.4
13227,Operations,Finance,0.68,4910.82,4.3,Occasional,5,5,24,4,0,0,18,Female,Asian,Single,,5.6
13228,Manager,HR,1.75,2665.38,21.8,Occasional,1,1,26,3,0,1,36,Male,Asian,Widowed,Physical,20.5
13229,Analyst,Operations,0.18,5871.02,17.1,Occasional,3,2,9,5,1,1,20,Male,White,Married,Physical,4.9
13230,Developer,Technology,11.52,3941.47,14.1,Frequent,1,1,29,2,0,0,53,Female,Other,Divorced,,16.6
13231,Analyst,Consulting,2.66,2504.33,12.3,,1,1,58,2,0,0,44,Female,White,Widowed,,3.6
13232,Operations,HR,2.44,2629.62,31.7,Occasional,2,4,3,1,1,0,63,Other,Black,Widowed,,19.1
13233,Consultant,Operations,3.2,4417.71,16.7,Occasional,3,2,20,4,1,1,23,Female,Black,Married,,9.4
13234,Analyst,HR,2.06,3530.44,15.9,,2,4,59,1,1,1,47,Female,Black,Divorced,,15.9
13235,Operations,Operations,0.1,3884.02,36.9,Occasional,5,4,29,1,0,0,54,Male,White,Married,,10.2
13236,Consultant,Finance,2.84,5935.34,29.3,,2,2,32,2,0,1,44,Other,White,Single,Other,7.4
13237,Consultant,HR,3.78,3160.91,21.8,,5,4,42,4,1,0,23,Female,Black,Widowed,Physical,16.9
13238,Developer,HR,1.62,4071.96,9.3,Occasional,1,3,25,2,1,1,62,Other,White,Married,,7.5
13239,Finance,HR,4.25,5703.81,13.0,Frequent,2,5,53,1,0,0,58,Other,Mixed,Divorced,,18.4
13240,Manager,Finance,0.77,4324.62,15.5,,3,5,1,4,0,0,34,Male,Mixed,Single,,61.7
13241,Analyst,Consulting,0.75,2072.08,4.9,Frequent,2,3,22,2,1,0,64,Male,Mixed,Widowed,,38.9
13242,Consultant,Operations,0.53,4606.47,11.1,Occasional,5,1,30,3,1,0,47,Female,Asian,Widowed,,16.4
13243,Analyst,HR,1.4,2604.4,17.2,,4,4,3,3,1,0,32,Male,Other,Divorced,,6.5
13244,Finance,Finance,5.63,5688.17,25.2,,3,5,46,5,1,0,36,Other,Other,Married,Mental,10.8
13245,Manager,Consulting,5.28,3012.56,24.5,Occasional,5,2,19,5,0,1,47,Male,Other,Married,,18.7
13246,Finance,Operations,1.45,7563.41,3.2,Frequent,4,1,24,4,1,1,57,Male,Black,Widowed,,22.9
13247,Manager,Finance,2.67,5760.85,12.4,Occasional,3,5,44,5,1,1,26,Other,Mixed,Single,,38.8
13248,HR,Operations,3.83,3044.06,8.3,Occasional,4,4,0,4,0,0,51,Other,Mixed,Married,,7.6
13249,Manager,HR,0.83,4024.02,2.5,Occasional,1,5,53,1,0,1,63,Male,White,Divorced,,8.2
13250,Developer,Consulting,0.55,4904.37,14.9,Frequent,1,4,1,3,1,0,43,Male,Asian,Widowed,,9.5
13251,Finance,Finance,10.74,4940.39,10.9,,2,1,5,4,1,1,63,Male,Asian,Single,,14.4
13252,Consultant,Consulting,2.88,4530.8,16.7,,2,3,6,1,0,0,54,Other,Mixed,Divorced,,2.4
13253,HR,HR,11.96,5502.59,24.7,Occasional,2,4,50,3,0,1,52,Other,White,Single,,16.5
13254,Developer,Consulting,1.24,3852.44,21.7,Occasional,2,4,3,2,0,1,59,Male,Mixed,Single,,15.3
13255,Analyst,Consulting,3.64,3559.94,55.0,Frequent,4,1,17,1,1,0,19,Female,Black,Widowed,,10.4
13256,Finance,Technology,0.76,3583.76,18.7,Occasional,3,1,54,2,0,0,30,Other,Black,Single,,2.0
13257,Operations,Consulting,0.91,5030.05,42.1,Frequent,3,2,40,5,1,0,60,Male,Other,Married,Physical,5.5
13258,Operations,Operations,2.15,4438.22,6.4,Frequent,2,1,52,4,0,1,60,Other,Other,Married,,21.9
13259,Consultant,Finance,1.16,4349.54,21.4,Frequent,1,5,42,3,0,0,26,Male,Mixed,Single,,15.1
13260,Manager,Technology,0.55,4954.28,9.2,Occasional,5,4,4,5,0,0,38,Male,Other,Widowed,,4.3
13261,Consultant,Finance,0.92,1538.74,13.6,,2,3,24,1,1,1,58,Male,Mixed,Widowed,,12.3
13262,Operations,Finance,0.11,4372.08,29.8,Frequent,2,1,55,5,0,0,61,Female,Asian,Single,,17.6
13263,Analyst,HR,3.66,4262.28,13.5,,1,4,0,2,1,1,18,Female,Black,Married,,33.5
13264,HR,HR,2.03,6002.57,33.7,Frequent,5,3,33,2,0,0,37,Other,White,Married,,17.2
13265,HR,Technology,0.3,2165.69,9.4,Occasional,4,2,54,4,1,1,22,Other,White,Widowed,Mental,5.6
13266,Finance,HR,0.57,5868.62,6.2,Frequent,4,5,2,5,1,1,29,Female,Asian,Widowed,,18.2
13267,HR,HR,0.32,4090.49,19.6,Frequent,5,2,53,3,0,0,60,Male,Mixed,Divorced,,12.1
13268,Finance,HR,2.84,4586.79,20.2,,5,1,16,2,0,1,38,Female,Black,Divorced,,7.5
13269,Finance,Finance,0.3,6011.1,12.8,Occasional,4,5,31,1,1,0,56,Female,Mixed,Single,,15.1
13270,Finance,Technology,4.21,4672.91,26.0,Frequent,2,2,23,5,0,1,40,Male,Mixed,Single,,11.1
13271,Operations,Finance,0.06,4480.44,2.1,Occasional,2,4,1,3,1,0,25,Other,Asian,Widowed,,3.2
13272,Operations,Operations,0.86,4290.75,7.1,,1,1,0,3,0,1,39,Female,Asian,Widowed,,14.9
13273,Manager,Finance,6.64,3419.83,22.6,Occasional,5,2,33,3,1,0,43,Other,Other,Divorced,,12.3
13274,Developer,Operations,3.8,3965.81,13.9,Occasional,2,5,7,3,0,1,36,Female,Asian,Single,,17.2
13275,Finance,Consulting,0.23,3141.38,9.8,,2,5,44,2,1,1,32,Female,Other,Divorced,,14.2
13276,Finance,Consulting,5.16,3946.52,18.5,Frequent,1,3,57,4,1,0,54,Other,White,Divorced,,53.4
13277,Developer,Operations,2.04,1500.0,32.0,Frequent,5,5,45,5,0,0,58,Other,Other,Divorced,,14.5
13278,Consultant,Operations,5.63,4514.85,21.5,Occasional,1,5,52,2,1,0,38,Male,Other,Married,Mental,10.1
13279,Finance,Finance,2.75,3853.92,28.4,Frequent,1,1,43,4,1,1,30,Male,White,Single,,21.8
13280,Manager,Operations,3.44,3596.56,22.3,,4,5,8,3,1,0,24,Female,Black,Divorced,,9.1
13281,HR,Technology,15.11,4263.71,37.7,Occasional,1,3,27,1,0,1,42,Female,Mixed,Married,,17.2
13282,HR,Consulting,0.79,2279.72,11.0,Occasional,5,5,18,3,0,0,50,Male,Mixed,Married,,13.8
13283,Analyst,Consulting,2.93,6315.12,33.4,Frequent,2,3,55,4,0,0,20,Male,Asian,Single,Other,9.8
13284,Analyst,Operations,1.85,3876.68,3.4,Frequent,2,4,19,4,0,1,56,Female,Asian,Divorced,,4.4
13285,HR,HR,0.12,3824.99,5.6,Frequent,4,3,6,1,0,0,49,Male,Black,Widowed,,12.9
13286,HR,HR,0.04,2841.52,25.6,Occasional,5,1,57,2,0,0,58,Other,Asian,Single,,13.6
13287,Operations,Operations,0.38,4028.74,5.3,Frequent,2,2,41,1,0,1,53,Female,Mixed,Divorced,,12.5
13288,Manager,Technology,3.14,5664.35,12.8,Occasional,1,2,55,3,0,1,57,Female,Other,Divorced,,13.3
13289,Developer,HR,2.51,5243.1,37.3,Frequent,3,4,34,5,0,0,40,Female,Other,Married,,16.8
13290,Analyst,Operations,2.42,5025.33,6.3,Occasional,3,1,18,2,0,0,19,Female,Asian,Divorced,,19.9
13291,Operations,Technology,0.1,4655.68,30.2,Occasional,3,4,16,5,1,0,49,Other,Mixed,Married,,7.8
13292,Operations,Technology,1.9,3569.75,12.3,Occasional,3,4,39,5,1,0,63,Male,White,Divorced,,17.8
13293,Developer,Finance,7.76,2259.8,5.8,Frequent,1,5,17,2,0,1,23,Female,White,Widowed,Physical,8.9
13294,Operations,Technology,1.52,3758.75,16.6,Frequent,2,5,6,3,0,0,24,Female,Other,Single,,7.4
13295,Manager,HR,2.94,3716.95,35.7,,4,1,26,4,0,1,38,Female,Mixed,Divorced,,35.8
13296,HR,HR,4.54,5258.55,5.1,Occasional,1,2,38,3,0,1,50,Female,Other,Married,,10.2
13297,Finance,Operations,4.6,4371.27,4.9,Frequent,2,3,29,4,1,0,33,Other,Mixed,Married,,11.3
13298,Developer,Operations,2.2,5934.77,25.0,,5,5,22,4,1,0,20,Male,White,Married,Mental,22.3
13299,HR,Technology,5.85,5436.99,10.6,,2,1,19,2,0,0,43,Other,Asian,Married,Mental,24.0
13300,HR,Consulting,1.49,3452.21,55.4,Frequent,2,1,22,2,1,1,42,Female,Black,Married,,9.1
13301,Consultant,Finance,6.59,1845.84,20.2,Occasional,2,2,25,1,1,0,32,Female,Asian,Married,,15.9
13302,Developer,Consulting,0.82,5662.69,31.9,,1,1,47,5,0,0,39,Other,Mixed,Single,,12.8
13303,Operations,Technology,0.99,5631.26,19.7,,2,1,46,5,0,1,60,Female,Other,Divorced,,14.6
13304,Finance,Technology,0.16,2360.55,5.3,Occasional,2,2,13,5,0,1,54,Other,Other,Single,,11.1
13305,Developer,Consulting,4.76,5811.09,7.6,Frequent,5,5,47,5,0,0,37,Other,White,Single,,13.5
13306,Operations,Finance,1.62,4458.54,8.6,Occasional,5,2,30,1,0,1,46,Male,White,Single,Physical,11.2
13307,HR,Consulting,0.78,4192.82,23.3,Occasional,3,4,26,4,0,0,54,Male,Asian,Widowed,,13.4
13308,Finance,Operations,0.79,5937.74,16.1,Frequent,1,5,55,1,0,0,36,Male,Asian,Divorced,,10.8
13309,Operations,HR,6.95,5613.62,2.7,,2,4,8,2,0,1,57,Male,Black,Single,,5.4
13310,Manager,Operations,5.39,4781.6,26.5,Occasional,3,1,22,3,1,1,48,Other,Mixed,Married,,5.0
13311,Operations,HR,2.42,4567.86,62.3,,3,4,53,4,0,1,31,Female,Asian,Divorced,Mental,14.7
13312,Consultant,Technology,2.87,4739.67,6.2,,1,2,52,4,0,0,60,Other,Asian,Single,,9.3
13313,HR,Finance,1.93,3519.93,7.1,,3,2,9,1,0,0,32,Female,White,Single,,12.6
13314,Operations,Consulting,1.49,3933.88,9.5,Frequent,3,3,46,2,0,1,18,Male,Mixed,Widowed,,16.3
13315,Analyst,Finance,7.41,2917.22,14.7,,1,1,57,2,0,0,29,Female,White,Divorced,,16.7
13316,Analyst,Consulting,0.4,3600.35,6.7,Occasional,4,2,22,4,0,0,28,Female,Black,Divorced,Mental,34.2
13317,Consultant,Operations,1.63,3560.04,37.0,Occasional,3,5,9,1,0,0,64,Other,Asian,Married,Mental,10.6
13318,Manager,Operations,1.27,3237.63,46.6,Occasional,5,2,1,5,0,0,26,Male,Asian,Married,,14.9
13319,HR,Consulting,2.07,4164.1,17.8,Frequent,3,5,36,4,1,0,61,Other,Asian,Divorced,,16.3
13320,Developer,Finance,1.84,3611.22,15.5,Occasional,1,1,39,5,1,0,50,Female,Other,Married,,11.7
13321,Consultant,Consulting,2.19,4602.68,3.1,Frequent,1,3,37,3,1,0,44,Female,Mixed,Married,,17.9
13322,Manager,Technology,0.45,2053.22,5.7,,4,3,37,2,1,0,51,Female,White,Single,,13.8
13323,Developer,Operations,2.16,3863.97,1.7,,4,4,0,4,1,0,18,Other,White,Married,,27.1
13324,Analyst,Technology,0.83,4157.86,9.9,Frequent,5,2,47,3,0,0,27,Other,White,Widowed,Mental,12.5
13325,Analyst,Operations,0.61,3627.24,11.5,Frequent,5,1,17,5,0,0,30,Other,Black,Single,,17.1
13326,Developer,Operations,0.2,3793.13,24.8,Frequent,3,4,34,4,0,1,46,Male,Other,Married,,17.1
13327,Consultant,HR,4.31,2097.7,17.9,,4,1,6,3,0,0,64,Female,Black,Single,,6.5
13328,Analyst,Technology,1.67,4427.77,8.2,Frequent,5,1,43,4,1,0,22,Other,Mixed,Married,,8.1
13329,HR,Technology,2.96,4777.13,25.7,,3,4,41,3,1,0,28,Other,White,Married,,15.1
13330,Finance,HR,3.9,4592.24,69.0,,2,1,21,3,0,1,44,Other,White,Married,,12.4
13331,Operations,Finance,3.41,5246.47,26.7,Occasional,3,4,52,5,1,0,56,Other,White,Single,,5.2
13332,Developer,Technology,1.91,4241.84,10.7,,5,2,24,2,1,1,53,Other,Asian,Divorced,,9.0
13333,Developer,Consulting,1.47,4574.42,19.4,Frequent,3,4,41,1,0,0,44,Other,Asian,Married,,14.8
13334,Analyst,HR,1.41,4187.31,6.5,Frequent,2,2,22,3,1,0,60,Other,White,Widowed,,4.2
13335,Consultant,Technology,3.07,4825.06,5.9,Frequent,5,3,8,2,1,0,56,Male,White,Married,,5.3
13336,HR,Finance,2.05,2107.32,49.0,,3,4,26,1,0,1,63,Other,Asian,Divorced,,6.9
13337,Consultant,Technology,5.67,2927.7,19.6,,5,3,10,5,0,0,42,Male,Black,Single,,15.7
13338,Manager,Operations,6.23,5904.28,32.6,Occasional,3,4,50,4,1,1,56,Male,Other,Married,Physical,25.3
13339,Manager,Consulting,0.56,1500.0,13.1,Occasional,1,1,26,2,0,1,41,Female,Black,Widowed,,12.4
13340,Finance,HR,0.44,3831.79,5.9,Frequent,5,3,39,4,1,1,59,Female,Other,Single,,11.3
13341,Analyst,Operations,2.99,5406.73,4.8,,5,5,27,4,1,0,48,Male,Asian,Married,,11.1
13342,Analyst,Finance,1.08,3888.09,7.5,Frequent,5,5,56,1,0,0,24,Male,White,Single,,8.6
13343,Analyst,Operations,0.06,3513.99,21.6,Frequent,5,5,17,2,0,1,42,Other,White,Single,,20.7
13344,Finance,Operations,6.59,4155.31,3.9,Frequent,3,3,35,3,0,1,39,Male,White,Divorced,,10.7
13345,Manager,Finance,0.77,3576.26,16.7,Occasional,4,2,33,1,1,1,28,Other,Black,Single,,14.1
13346,Consultant,Operations,7.95,4037.02,23.6,Frequent,3,4,12,2,0,1,42,Other,White,Married,,11.1
13347,Finance,HR,3.79,3179.94,5.7,Occasional,2,1,54,3,0,0,36,Female,Other,Divorced,,8.1
13348,Finance,Technology,4.31,5330.41,68.8,,1,1,45,4,1,1,21,Male,White,Divorced,,8.8
13349,Consultant,Operations,0.67,5707.92,29.9,Frequent,3,3,51,5,1,1,42,Other,Asian,Single,,4.9
13350,Analyst,HR,0.8,3839.93,14.7,Occasional,3,5,29,5,0,1,51,Male,White,Single,Physical,5.1
13351,HR,Technology,2.21,2336.21,8.6,,5,1,27,1,1,0,45,Other,Black,Married,,40.4
13352,Consultant,Technology,0.57,3371.39,20.1,Occasional,2,1,21,3,1,0,33,Female,Black,Widowed,Mental,22.5
13353,Manager,Operations,1.09,3779.21,19.7,Frequent,5,2,23,3,1,0,19,Other,Asian,Divorced,,7.5
13354,Developer,HR,1.16,4606.65,16.9,,5,1,46,5,0,1,43,Female,Mixed,Divorced,,4.8
13355,Developer,Operations,0.52,2790.38,20.7,,4,1,29,3,0,1,25,Female,Black,Divorced,,19.6
13356,Operations,Finance,0.69,3077.01,6.9,,1,4,44,2,0,0,60,Female,Mixed,Single,,12.4
13357,Operations,Technology,4.66,4612.81,26.6,Occasional,4,1,37,2,0,0,43,Female,Asian,Widowed,,31.1
13358,Finance,Operations,0.55,5126.69,4.5,Occasional,5,4,19,5,1,0,55,Female,White,Married,Mental,19.3
13359,Developer,Technology,0.09,3254.09,1.9,Occasional,1,5,5,4,0,1,38,Male,Mixed,Married,,6.2
13360,HR,HR,2.98,2400.14,24.5,,3,2,32,4,0,1,34,Male,Asian,Divorced,,8.0
13361,Analyst,Consulting,11.19,7940.94,21.2,Frequent,2,1,46,4,0,0,47,Other,Mixed,Single,Mental,9.8
13362,Manager,Operations,1.21,4939.97,15.8,Frequent,4,2,37,5,0,1,60,Female,Mixed,Widowed,,29.9
13363,Operations,Operations,0.38,3679.6,9.5,,2,2,58,1,0,1,55,Female,White,Married,Physical,53.5
13364,HR,Technology,2.53,5042.84,11.0,Frequent,5,2,14,3,0,0,61,Male,Black,Married,,24.3
13365,Manager,HR,7.1,3850.65,6.7,,1,3,14,2,0,0,29,Male,Mixed,Single,,2.4
13366,Manager,Finance,4.6,5040.59,19.4,Frequent,3,4,31,2,0,1,48,Female,Other,Married,,10.4
13367,Analyst,HR,2.92,4191.27,1.5,Frequent,1,2,13,1,1,1,61,Male,White,Divorced,,31.5
13368,Finance,Operations,1.14,4109.53,2.6,Frequent,2,5,41,3,1,0,54,Male,Other,Single,Mental,17.3
13369,Developer,Finance,2.34,3863.7,7.0,Occasional,2,1,58,4,0,0,55,Female,White,Divorced,,4.3
13370,Analyst,HR,0.29,2263.14,17.7,Occasional,3,2,7,2,0,0,64,Female,White,Divorced,,26.3
13371,HR,Consulting,3.41,6325.71,14.9,,3,2,35,4,0,1,24,Female,Black,Widowed,,13.1
13372,Finance,Technology,3.87,2870.16,38.9,Occasional,1,1,56,4,1,1,24,Other,Other,Single,,15.0
13373,HR,HR,10.06,2367.97,12.9,,4,5,21,5,1,0,52,Female,Mixed,Married,,19.8
13374,Finance,HR,0.9,3744.57,28.1,Occasional,1,2,37,5,0,1,44,Other,White,Divorced,,15.5
13375,Operations,Consulting,0.06,2846.23,17.1,Frequent,2,2,19,3,1,1,43,Male,Other,Widowed,Mental,14.1
13376,HR,Operations,2.37,3937.94,1.8,Occasional,1,5,23,2,1,0,57,Female,Other,Married,,11.8
13377,Analyst,Technology,3.68,4825.32,5.9,Occasional,5,2,20,5,0,0,60,Male,Black,Married,Other,11.4
13378,Finance,HR,4.69,5194.36,6.7,Occasional,1,5,27,3,0,1,36,Male,Other,Married,,2.7
13379,Finance,Finance,0.65,4977.68,8.2,,1,2,48,1,1,0,39,Other,Mixed,Married,,15.6
13380,Manager,HR,0.91,3633.24,11.8,,5,1,22,4,0,0,18,Female,Other,Widowed,,13.1
13381,Manager,Technology,2.16,4059.51,33.2,Frequent,2,5,23,2,0,0,51,Other,Black,Widowed,,12.8
13382,Consultant,HR,1.2,4489.45,13.6,Frequent,3,1,53,2,1,1,49,Male,White,Married,Mental,10.5
13383,HR,Consulting,5.91,1890.66,9.1,Frequent,1,1,38,3,1,1,46,Other,Other,Single,,17.9
13384,Manager,HR,1.93,4684.7,29.4,Occasional,4,2,43,5,1,1,39,Female,Other,Widowed,,7.9
13385,Consultant,HR,4.82,2251.24,29.2,Frequent,3,5,22,4,0,1,37,Female,Asian,Married,,8.7
13386,Operations,Finance,2.61,6448.42,1.1,,4,3,3,4,1,0,45,Male,Mixed,Widowed,,17.6
13387,Operations,Consulting,4.45,3514.58,14.8,Frequent,1,1,45,2,1,1,62,Female,Mixed,Widowed,Other,7.1
13388,Manager,Consulting,1.21,3778.15,36.1,Frequent,4,1,3,2,1,0,45,Other,Mixed,Married,,18.1
13389,HR,HR,5.34,3076.35,13.0,Frequent,3,1,29,4,1,0,25,Other,Other,Divorced,,3.5
13390,Finance,Finance,0.96,3244.04,6.1,Frequent,4,2,47,1,0,0,64,Male,Mixed,Single,,23.5
13391,Developer,HR,2.37,6728.91,27.9,Frequent,4,2,27,3,1,1,38,Male,Mixed,Widowed,,8.6
13392,HR,HR,0.72,5128.44,5.3,,3,1,30,1,0,1,35,Other,Asian,Married,,18.0
13393,Analyst,Technology,1.94,2140.96,17.2,Occasional,3,2,32,5,0,0,59,Male,Black,Married,,10.8
13394,Operations,Technology,1.15,5805.06,12.9,Frequent,3,2,49,1,1,1,32,Other,Black,Divorced,Other,13.1
13395,Manager,Finance,0.93,5431.89,3.1,Occasional,3,2,18,1,1,0,27,Other,White,Widowed,,13.1
13396,Manager,Operations,10.23,3662.55,32.0,Frequent,5,4,52,5,0,0,44,Other,Asian,Single,,11.6
13397,Finance,Technology,0.52,4368.04,20.6,Occasional,1,5,9,3,1,0,35,Other,Other,Single,,14.1
13398,Analyst,Operations,4.64,3982.07,39.9,,3,2,24,4,0,1,37,Male,White,Divorced,Mental,13.8
13399,Finance,Consulting,12.44,6367.1,14.8,Occasional,2,4,36,1,0,0,55,Other,Mixed,Single,,24.5
13400,Analyst,Technology,0.06,3044.45,6.6,Frequent,4,4,12,3,0,0,50,Female,White,Single,,6.8
13401,Developer,Technology,3.6,4175.21,3.4,Occasional,3,2,5,5,1,0,63,Male,Black,Married,,26.6
13402,Operations,Finance,0.87,3486.23,29.7,Occasional,3,4,29,3,0,1,47,Other,White,Divorced,Physical,15.6
13403,Manager,Operations,0.12,2280.35,6.0,Frequent,1,3,22,1,0,0,20,Male,White,Widowed,,37.6
13404,Manager,Technology,1.55,6629.97,68.5,Occasional,3,4,35,4,0,1,18,Female,Asian,Divorced,,17.7
13405,Developer,Technology,8.21,2582.12,50.3,Frequent,5,5,15,5,0,0,27,Female,Mixed,Single,,31.5
13406,Consultant,Finance,0.04,4264.16,16.0,,2,4,7,5,0,0,18,Other,Other,Married,,6.0
13407,Operations,Finance,2.66,1911.16,12.2,Frequent,2,2,15,1,1,0,50,Female,Other,Widowed,,19.6
13408,Finance,Operations,2.09,3521.12,8.1,,3,1,10,3,0,1,46,Other,Asian,Single,Mental,12.7
13409,Developer,Consulting,6.2,4506.36,9.0,Occasional,1,3,53,4,0,1,52,Other,Asian,Married,Mental,25.7
13410,Finance,Consulting,0.26,3010.32,60.5,Frequent,3,4,58,5,0,1,54,Male,Other,Single,,12.2
13411,HR,HR,3.43,4704.16,10.7,Occasional,4,3,0,1,0,1,48,Other,White,Single,,3.3
13412,Manager,Technology,3.42,3677.15,21.6,,2,5,21,1,1,0,63,Other,Mixed,Divorced,Physical,5.1
13413,Finance,Operations,3.32,5392.1,22.8,,4,4,17,2,1,0,63,Other,Other,Single,,11.9
13414,Analyst,Technology,8.56,5634.11,30.8,Occasional,5,4,35,2,0,0,24,Other,White,Widowed,,9.3
13415,Finance,Operations,5.2,3295.91,20.3,Frequent,2,3,10,3,1,0,37,Other,White,Single,,7.7
13416,HR,Operations,0.13,4092.08,14.9,Frequent,2,4,19,1,0,0,60,Other,Black,Divorced,,44.8
13417,Operations,Operations,1.91,4220.15,7.4,Frequent,5,4,9,3,1,0,39,Other,Asian,Married,Mental,9.2
13418,Manager,Technology,1.52,4743.22,22.4,Frequent,4,1,47,3,1,1,59,Male,Other,Single,,18.0
13419,Developer,Finance,1.11,4017.26,19.1,,3,3,9,4,0,0,29,Male,Other,Single,,15.0
13420,HR,Technology,1.8,4228.25,10.5,Frequent,1,2,36,2,1,1,27,Other,Mixed,Divorced,,24.6
13421,Manager,Operations,1.45,3707.91,21.0,Occasional,4,2,57,3,1,1,55,Male,Other,Married,,14.7
13422,Finance,HR,1.7,4138.29,14.0,,5,5,59,4,0,0,48,Other,White,Single,Physical,8.1
13423,Operations,Consulting,11.63,5557.53,19.1,Occasional,5,1,49,4,0,1,57,Other,White,Single,,27.7
13424,Consultant,Operations,0.28,4775.3,25.6,Occasional,5,3,21,2,0,1,56,Female,Mixed,Widowed,,17.2
13425,Operations,HR,7.66,4841.51,17.1,Occasional,2,3,10,2,0,0,62,Male,White,Divorced,,14.3
13426,Consultant,Finance,1.96,4867.68,27.3,,3,1,34,1,1,1,38,Female,White,Married,,9.8
13427,Analyst,Operations,2.93,3815.43,16.9,Frequent,2,1,8,3,0,0,40,Other,Other,Single,,9.6
13428,Operations,HR,5.32,4382.59,30.8,Occasional,2,5,14,4,1,0,48,Other,Asian,Divorced,,36.1
13429,Manager,Operations,1.34,2697.79,11.7,Occasional,2,2,53,1,0,0,61,Other,Other,Divorced,,11.7
13430,Consultant,Technology,1.69,5522.57,6.2,Frequent,5,3,50,3,0,0,61,Male,Black,Divorced,,23.8
13431,Developer,HR,1.58,1500.0,18.4,Frequent,4,1,18,3,1,1,47,Male,Mixed,Married,Mental,4.0
13432,Manager,Technology,1.41,3895.42,45.8,Frequent,1,3,36,1,0,1,39,Male,White,Divorced,,13.5
13433,Developer,Technology,7.79,5369.08,28.7,Frequent,1,2,5,4,0,1,62,Male,Other,Single,Mental,13.3
13434,Operations,HR,5.3,2363.36,45.4,Occasional,3,3,35,1,0,1,38,Female,Other,Single,,10.6
13435,Developer,Consulting,0.35,4479.74,10.4,,3,3,43,3,0,1,58,Female,White,Married,,9.2
13436,Consultant,HR,0.34,3183.08,14.9,Frequent,5,1,4,1,1,1,37,Male,Mixed,Single,Mental,10.3
13437,Manager,Consulting,1.68,3557.44,6.5,Frequent,1,1,2,1,0,0,45,Male,Other,Married,,27.0
13438,Finance,Operations,0.31,5135.13,4.8,Occasional,4,1,9,3,1,0,56,Female,Asian,Single,,10.9
13439,HR,Operations,2.9,4237.67,41.2,Frequent,5,2,12,2,1,0,33,Male,White,Divorced,,4.5
13440,Consultant,HR,0.47,1558.77,38.5,Occasional,3,4,3,4,0,1,36,Other,Mixed,Single,,20.2
13441,Consultant,Operations,2.22,2828.29,24.0,Occasional,5,2,55,3,0,1,41,Other,Black,Divorced,,20.2
13442,Finance,Finance,0.02,5170.4,10.5,Occasional,3,1,39,2,0,0,60,Male,White,Married,,19.7
13443,Manager,Technology,1.14,4538.73,26.1,Occasional,1,5,32,1,1,1,48,Male,Black,Widowed,,5.2
13444,Manager,Technology,3.39,6097.76,36.3,Frequent,5,3,51,2,1,0,22,Other,White,Divorced,,12.6
13445,Operations,Consulting,1.99,6019.18,49.2,,2,3,33,3,0,0,34,Male,Other,Divorced,,16.8
13446,Developer,Operations,11.49,3589.31,3.8,Frequent,3,3,35,3,0,1,18,Other,Mixed,Widowed,,3.1
13447,Operations,Consulting,6.22,7003.89,11.9,,2,3,52,1,0,0,54,Other,Asian,Widowed,,16.8
13448,Finance,Technology,1.33,4029.38,10.9,Frequent,3,5,32,3,0,0,47,Male,Black,Single,,4.9
13449,Operations,Technology,0.14,2844.8,13.4,Occasional,2,1,59,5,0,1,49,Male,Black,Married,,1.9
13450,Finance,Operations,5.61,3239.63,22.7,Frequent,1,4,20,2,1,1,49,Other,White,Single,,14.2
13451,Manager,Finance,7.27,1500.0,2.0,Occasional,1,3,38,5,0,1,19,Male,Black,Married,,10.7
13452,Developer,Finance,5.15,5928.42,10.3,Frequent,4,4,4,5,0,0,51,Male,White,Widowed,,11.0
13453,Operations,Operations,0.41,5913.71,11.2,Occasional,4,2,54,2,1,0,61,Female,White,Divorced,Physical,21.6
13454,Consultant,Operations,18.52,2781.39,16.7,,4,2,44,3,1,1,46,Female,Black,Married,,14.9
13455,Analyst,Consulting,0.9,3726.54,18.4,Occasional,5,3,56,2,0,1,22,Other,Black,Married,,16.5
13456,HR,Operations,3.86,4114.73,13.2,Frequent,3,1,12,1,1,0,47,Other,Other,Married,,7.0
13457,Consultant,Finance,7.16,2847.58,56.1,Occasional,5,5,39,5,0,0,60,Other,Other,Widowed,,9.1
13458,Manager,Operations,0.81,1893.88,14.2,,4,3,16,5,1,0,62,Female,Other,Widowed,,5.0
13459,HR,Consulting,7.17,3747.57,22.6,,3,2,9,3,1,0,35,Other,Mixed,Single,,8.9
13460,Analyst,Consulting,1.11,3614.7,25.5,Frequent,5,2,9,2,1,1,31,Other,Asian,Divorced,,26.6
13461,Analyst,Consulting,11.24,3533.91,7.2,Occasional,1,4,1,4,0,1,54,Female,Other,Divorced,,13.0
13462,Developer,Consulting,0.99,4267.26,7.5,Frequent,3,5,37,3,0,0,28,Other,Other,Single,,14.7
13463,HR,HR,9.2,5715.42,25.9,Occasional,4,3,20,3,0,1,21,Male,White,Married,,38.2
13464,Developer,Operations,0.17,3636.29,38.8,,1,1,0,3,1,1,39,Female,Asian,Widowed,,8.4
13465,Consultant,Technology,3.71,4204.53,49.0,Frequent,3,4,29,2,0,1,63,Other,Black,Divorced,,12.9
13466,Finance,Operations,2.28,4872.24,7.4,,5,5,17,3,1,1,20,Other,Mixed,Divorced,Mental,5.9
13467,Finance,HR,1.95,4664.97,32.0,Occasional,4,4,34,1,0,0,41,Male,Black,Divorced,,12.9
13468,Finance,Consulting,0.76,3262.69,15.8,,5,1,57,1,1,1,51,Female,White,Married,,27.2
13469,HR,HR,3.67,4115.65,38.4,Occasional,1,2,52,5,1,1,25,Male,Mixed,Single,Other,24.6
13470,Finance,Finance,0.64,4657.05,20.8,Frequent,1,3,38,5,0,0,41,Male,Other,Single,Mental,25.1
13471,Consultant,Finance,2.41,2645.98,24.1,Occasional,1,3,47,2,1,1,33,Other,Asian,Divorced,,16.2
13472,Developer,Operations,0.88,5516.25,43.1,Occasional,3,1,21,4,0,1,23,Other,Asian,Married,,11.1
13473,HR,Operations,9.34,5717.91,46.1,Frequent,4,3,2,5,0,1,38,Other,Other,Widowed,,12.7
13474,Developer,Technology,0.09,3132.66,17.7,Frequent,1,3,5,5,0,0,49,Male,Black,Divorced,Physical,17.9
13475,HR,Technology,0.67,4232.4,3.3,,5,4,35,5,0,1,56,Female,Black,Single,,13.2
13476,Developer,Finance,0.83,4770.73,8.7,Occasional,4,1,15,5,0,1,39,Other,Other,Married,,20.6
13477,Analyst,Consulting,1.6,3345.26,61.6,Occasional,5,4,2,3,0,1,64,Male,Other,Single,,13.3
13478,Developer,HR,0.79,4577.94,25.0,,5,3,35,5,0,0,26,Other,Asian,Divorced,,21.6
13479,Finance,Technology,2.03,4195.91,7.4,Occasional,1,5,10,2,1,0,35,Male,Black,Widowed,,30.9
13480,Analyst,Technology,6.18,2238.5,9.9,Occasional,4,5,55,3,0,0,29,Female,Mixed,Single,,5.8
13481,Developer,Consulting,3.74,4550.99,34.5,Frequent,2,4,16,3,0,0,23,Male,Mixed,Married,,6.5
13482,HR,Consulting,2.6,2679.83,55.2,Frequent,3,2,18,2,1,1,44,Female,White,Widowed,,13.7
13483,HR,Operations,0.28,5127.04,16.5,Frequent,2,2,57,4,1,0,61,Male,White,Married,,18.5
13484,HR,HR,3.55,3194.55,38.5,,3,1,59,5,0,1,56,Female,White,Married,,20.7
13485,Manager,Consulting,0.55,3806.46,31.6,Frequent,4,5,7,1,0,1,64,Female,Black,Single,Other,29.9
13486,Consultant,Technology,4.63,5646.73,21.0,,1,5,59,4,0,1,18,Female,Mixed,Married,,8.6
13487,HR,Technology,0.86,4595.66,27.3,Frequent,4,4,13,5,1,0,32,Female,Black,Single,,18.7
13488,Analyst,Finance,1.62,2704.63,20.4,Occasional,2,3,25,1,0,1,31,Other,Other,Married,,20.3
13489,HR,Consulting,1.29,2782.1,39.4,Occasional,5,1,47,3,0,1,30,Other,Asian,Single,,16.0
13490,Manager,Operations,5.87,3280.84,28.4,Frequent,3,4,24,3,0,1,38,Male,White,Single,Physical,18.0
13491,Finance,HR,0.41,4473.57,3.8,Frequent,3,2,50,3,0,0,63,Other,Other,Widowed,,14.6
13492,Analyst,Operations,2.5,4429.96,14.1,,2,3,47,5,0,0,64,Female,Other,Single,,7.2
13493,Manager,Technology,0.46,2988.28,7.3,Occasional,1,1,56,2,1,0,58,Other,Asian,Married,,7.2
13494,Finance,Operations,3.66,2599.35,18.0,Frequent,4,3,9,3,0,0,23,Female,Mixed,Single,,24.3
13495,Operations,Technology,7.06,4337.9,13.4,Frequent,2,2,31,3,1,1,37,Other,Mixed,Widowed,,10.9
13496,Operations,Technology,1.71,3781.77,9.7,Occasional,4,4,14,3,1,0,21,Male,Other,Married,,38.3
13497,Analyst,Technology,2.01,6588.66,5.4,Frequent,1,4,58,5,0,1,57,Male,Asian,Widowed,Physical,24.4
13498,Developer,Technology,7.87,4043.92,1.7,Occasional,5,5,57,1,0,0,36,Female,Mixed,Divorced,Mental,31.8
13499,Consultant,Technology,2.21,6177.1,39.0,Frequent,4,4,3,4,1,0,60,Female,White,Married,Other,21.7
13500,Consultant,Finance,2.01,2595.54,38.9,Occasional,1,5,27,3,1,1,57,Other,Black,Divorced,,22.2
13501,Manager,Operations,2.59,2112.14,5.1,,2,4,3,4,0,1,27,Other,Asian,Married,,7.9
13502,Finance,Finance,3.51,2655.9,20.7,Frequent,5,1,12,2,0,0,22,Female,Other,Divorced,,3.9
13503,Consultant,Finance,0.34,5426.96,2.8,Frequent,5,2,11,2,1,0,19,Male,Black,Single,,16.1
13504,Finance,Consulting,5.16,6107.32,8.3,Frequent,5,3,14,2,0,1,48,Male,Mixed,Divorced,,14.8
13505,Finance,Consulting,1.72,3061.38,12.7,,3,2,28,3,0,0,61,Female,Mixed,Widowed,,9.3
13506,Manager,Consulting,0.23,3447.32,9.1,Frequent,1,2,22,4,1,1,37,Male,Asian,Widowed,,7.9
13507,Manager,HR,4.63,2597.22,24.9,Frequent,4,5,12,1,1,1,23,Female,Black,Divorced,,11.7
13508,Manager,Consulting,1.42,1826.03,0.7,Occasional,2,5,37,5,1,0,60,Other,Mixed,Single,,6.0
13509,Consultant,Operations,0.32,4862.09,8.0,Frequent,5,1,57,4,1,0,36,Male,Asian,Divorced,,11.0
13510,Operations,Finance,3.01,4267.62,30.1,Frequent,5,3,45,5,0,0,35,Male,Black,Married,,2.2
13511,Manager,Operations,6.36,4012.59,2.5,Occasional,5,4,34,4,0,0,47,Female,Other,Married,,40.2
13512,Consultant,Consulting,6.56,2319.93,8.9,,1,4,39,3,0,1,24,Other,Other,Divorced,Mental,15.4
13513,Manager,HR,9.49,5967.95,33.0,,2,2,11,1,1,1,34,Male,Mixed,Divorced,,22.9
13514,HR,HR,6.07,3395.97,59.3,Occasional,1,1,29,3,0,1,21,Male,Asian,Married,,27.1
13515,Finance,Finance,0.01,4640.35,39.0,,2,3,45,2,1,1,20,Other,White,Married,,7.2
13516,Manager,Operations,1.44,2254.53,12.4,,4,4,4,1,0,0,42,Other,Mixed,Divorced,,30.1
13517,Analyst,Technology,5.12,3771.37,59.0,Frequent,3,2,1,4,1,1,47,Female,White,Single,,6.3
13518,Finance,Operations,1.37,4349.65,30.8,Frequent,2,1,41,3,1,0,53,Male,Black,Single,,14.4
13519,Finance,Consulting,2.76,4392.49,5.3,Frequent,1,3,29,5,1,1,31,Male,Asian,Married,,4.0
13520,Manager,Technology,2.8,4185.58,3.0,,1,2,34,3,0,0,58,Other,Mixed,Widowed,,6.2
13521,Operations,HR,1.36,4593.43,29.0,Frequent,1,2,54,3,1,0,40,Other,Other,Single,,14.4
13522,Developer,Finance,7.05,2643.38,14.4,,3,1,9,4,1,0,33,Male,Black,Divorced,,15.2
13523,Operations,Finance,2.1,4236.85,5.1,Frequent,2,1,8,4,0,1,45,Other,Black,Married,Mental,16.8
13524,Manager,HR,1.88,4136.51,13.8,,2,1,16,2,1,0,29,Female,Black,Single,,8.7
13525,Finance,Consulting,17.99,4278.01,34.8,Occasional,2,1,59,1,0,0,25,Female,White,Single,,30.7
13526,Analyst,HR,2.04,4086.81,9.2,Occasional,2,3,37,3,1,0,47,Other,White,Single,,10.1
13527,Finance,Consulting,0.59,2472.14,9.0,Frequent,5,1,58,5,1,0,58,Male,Black,Widowed,,3.3
13528,Operations,Technology,2.16,2418.64,13.7,,5,1,29,4,1,1,55,Other,Mixed,Married,,19.0
13529,Analyst,HR,5.05,1500.0,15.2,Occasional,1,1,40,4,0,1,63,Male,White,Divorced,,10.8
13530,Consultant,Consulting,4.5,4981.04,11.7,Occasional,5,3,54,2,0,1,23,Female,Asian,Divorced,,15.0
13531,HR,Technology,4.66,4993.19,25.2,Frequent,2,4,34,1,0,1,56,Female,Other,Married,,11.8
13532,Finance,HR,3.69,5012.26,27.2,Frequent,2,2,6,2,1,0,22,Female,Mixed,Widowed,,21.9
13533,Manager,Finance,0.88,4368.15,14.9,,5,5,11,4,0,0,20,Male,Asian,Single,,11.9
13534,Consultant,HR,5.94,1500.0,8.7,Occasional,4,2,49,5,0,0,27,Other,White,Widowed,Other,5.6
13535,HR,Operations,6.72,2767.95,10.4,,1,3,41,2,1,0,47,Male,Other,Divorced,,20.5
13536,Manager,HR,0.65,4204.5,41.5,,3,1,33,3,0,1,33,Male,Black,Single,,26.2
13537,Developer,Operations,0.42,4162.62,58.4,Frequent,1,3,48,4,1,1,28,Female,Other,Divorced,,21.9
13538,Manager,Technology,11.14,3732.7,4.2,,1,4,2,4,0,1,20,Other,Black,Divorced,,8.2
13539,Analyst,HR,6.08,4442.7,5.5,,1,5,32,2,0,0,32,Male,Asian,Divorced,,14.8
13540,Analyst,Technology,6.71,4013.98,10.2,Occasional,5,4,39,5,1,1,61,Other,Asian,Widowed,,8.3
13541,Developer,Technology,6.52,4144.92,42.2,,1,1,12,2,1,0,18,Male,Mixed,Single,,17.7
13542,Consultant,Consulting,2.34,3233.12,11.7,Occasional,2,3,10,5,0,0,30,Male,Asian,Single,,16.3
13543,HR,Technology,3.12,5178.41,25.1,Occasional,1,3,39,4,0,0,56,Female,White,Widowed,Mental,12.0
13544,Manager,Technology,2.36,3483.07,13.8,,2,1,19,2,1,0,56,Female,White,Single,,19.0
13545,Analyst,HR,0.16,2403.22,10.4,,5,1,30,1,0,0,55,Female,Other,Single,,13.3
13546,Consultant,HR,4.11,3074.8,13.1,Occasional,5,5,32,2,0,1,20,Other,Black,Single,,26.2
13547,Developer,Finance,2.11,3581.84,5.1,,1,4,33,2,0,0,47,Male,Other,Widowed,,17.1
13548,Operations,Consulting,3.13,5192.8,27.4,Occasional,2,1,49,1,1,1,61,Female,Mixed,Married,,20.5
13549,Finance,Technology,2.1,3949.28,8.6,,2,1,49,1,0,0,58,Other,Mixed,Divorced,,8.7
13550,Operations,Consulting,2.03,3776.62,9.5,Occasional,2,4,8,3,0,0,43,Other,White,Divorced,,13.5
13551,Operations,Operations,0.57,2501.6,7.6,Occasional,2,1,6,1,1,1,28,Male,Mixed,Widowed,,11.8
13552,Analyst,Technology,0.98,4942.58,46.4,Frequent,3,5,8,5,0,0,23,Female,White,Married,,22.7
13553,Developer,Consulting,0.52,3217.66,11.0,,5,5,41,3,0,0,29,Female,Black,Divorced,,9.8
13554,Manager,Finance,0.65,3879.97,19.0,Occasional,2,4,25,5,1,0,33,Female,Other,Married,,19.7
13555,Operations,Finance,10.83,5776.22,1.5,Occasional,3,2,1,3,0,0,39,Female,Mixed,Married,,25.1
13556,Operations,Technology,0.5,4610.52,0.6,,3,5,4,3,1,0,39,Other,Black,Widowed,,13.0
13557,HR,Operations,0.94,2046.1,5.3,,5,3,48,5,0,0,55,Female,Mixed,Married,,17.1
13558,Analyst,Finance,2.68,1876.59,33.0,,4,3,1,4,1,1,29,Female,Asian,Divorced,,13.6
13559,Analyst,Finance,2.83,3922.83,18.1,Frequent,1,2,51,4,0,1,53,Other,Mixed,Married,,11.1
13560,Manager,Operations,0.5,2544.71,49.7,,5,5,9,2,1,0,34,Male,Black,Divorced,,7.2
13561,Finance,Consulting,4.74,4778.26,36.6,Frequent,4,1,30,4,0,0,57,Male,Mixed,Single,,21.8
13562,Consultant,Finance,4.61,4050.72,7.8,,1,2,32,2,0,0,49,Other,Asian,Widowed,,7.7
13563,HR,HR,0.81,4198.46,13.9,Frequent,1,1,43,4,0,0,62,Other,Mixed,Single,,18.2
13564,Analyst,Finance,1.02,3151.91,40.7,,1,3,55,2,0,1,54,Female,Black,Married,,1.3
13565,HR,Consulting,8.34,6089.66,12.8,Frequent,3,2,46,2,0,0,20,Male,White,Married,,37.1
13566,Analyst,Consulting,5.24,7411.11,26.6,Occasional,2,5,5,1,0,0,42,Male,Black,Widowed,,17.8
13567,HR,Technology,3.59,3665.7,4.3,Frequent,1,3,13,2,1,0,36,Female,White,Single,,20.0
13568,Developer,HR,0.26,4423.65,20.7,Frequent,2,5,13,5,1,1,54,Female,White,Single,Mental,16.9
13569,Operations,Consulting,1.63,4116.9,15.7,Occasional,1,1,14,5,0,1,55,Female,Other,Single,,13.4
13570,Analyst,Operations,2.46,3688.38,7.9,,3,5,32,2,0,0,58,Female,Black,Widowed,,7.2
13571,HR,HR,0.62,3001.52,14.3,Occasional,1,2,56,5,0,1,60,Other,Other,Married,Mental,18.6
13572,Consultant,HR,1.78,2698.04,20.4,Occasional,5,1,30,4,0,1,64,Other,White,Single,,17.7
13573,Developer,Operations,2.76,2637.28,32.1,Occasional,4,2,16,5,1,1,36,Female,Mixed,Married,Physical,15.3
13574,Developer,Finance,1.19,4486.29,47.2,Frequent,1,1,42,1,0,0,33,Male,White,Married,,20.9
13575,Consultant,Operations,4.56,3376.39,29.2,Occasional,4,2,14,5,0,1,43,Male,Black,Married,,9.3
13576,HR,Operations,5.51,1500.0,38.0,,4,3,19,4,1,0,50,Male,Black,Widowed,,24.2
13577,Manager,Finance,1.17,4533.83,6.9,Frequent,3,2,47,4,0,1,32,Male,Black,Divorced,Mental,16.3
13578,Consultant,Finance,5.47,3954.09,5.8,Frequent,4,3,20,2,0,0,54,Male,Black,Widowed,,19.7
13579,HR,Finance,0.33,5616.01,24.3,Occasional,3,4,28,3,1,0,37,Female,Mixed,Married,,6.2
13580,Consultant,Finance,5.46,4447.75,4.7,Frequent,1,5,58,4,0,0,22,Male,Other,Widowed,,18.0
13581,Consultant,Finance,0.5,2225.59,13.2,,2,1,8,2,1,0,57,Other,Asian,Single,,3.6
13582,Analyst,Operations,0.26,1500.0,28.7,Frequent,3,5,28,2,0,1,41,Other,Other,Single,,7.9
13583,HR,Technology,3.08,3136.63,42.4,Occasional,4,3,43,5,0,0,23,Male,White,Widowed,,22.0
13584,Manager,Technology,1.92,3249.87,21.2,Occasional,4,3,33,5,1,0,29,Other,Black,Married,Physical,13.5
13585,Operations,Consulting,7.15,5131.79,6.3,Occasional,1,3,46,2,0,0,21,Female,Black,Divorced,,6.7
13586,Analyst,Technology,1.35,3989.35,16.3,Frequent,3,2,59,1,0,1,60,Male,Asian,Divorced,Mental,16.8
13587,Consultant,Technology,1.02,5360.43,17.8,Occasional,1,5,8,2,0,1,30,Female,Other,Married,,27.9
13588,Operations,Operations,2.08,2410.2,8.8,Frequent,3,3,59,5,1,1,64,Other,White,Divorced,,5.8
13589,Finance,Finance,1.83,5158.32,3.3,Occasional,2,4,47,4,0,1,38,Male,Black,Married,,28.1
13590,Operations,Finance,1.27,4865.19,29.2,Occasional,5,3,29,1,1,1,22,Female,Asian,Widowed,,2.4
13591,Consultant,Operations,3.55,1578.12,13.5,Occasional,1,5,16,3,1,1,30,Female,Asian,Single,,41.1
13592,Consultant,Technology,4.28,5587.14,26.4,,4,3,51,4,0,1,19,Female,White,Widowed,,11.2
13593,HR,Operations,5.75,4112.15,19.6,,1,3,58,5,0,0,61,Female,Asian,Divorced,,18.0
13594,HR,Consulting,10.82,4470.45,13.6,Occasional,3,1,54,4,0,1,23,Female,Asian,Married,,17.4
13595,Analyst,Finance,0.93,2962.12,12.0,Occasional,1,3,3,4,0,0,46,Other,Other,Divorced,,11.1
13596,Manager,HR,3.78,5530.3,15.3,Frequent,2,5,39,5,1,0,40,Male,Black,Divorced,,5.9
13597,Analyst,Consulting,1.5,2576.98,24.2,Frequent,3,1,31,4,1,1,52,Female,Other,Divorced,,13.3
13598,Developer,Consulting,3.39,4998.51,1.0,,4,1,31,2,0,1,27,Female,Asian,Widowed,,14.3
13599,Consultant,Operations,1.94,4984.73,23.7,Frequent,4,3,6,1,1,0,37,Other,Mixed,Widowed,,12.2
13600,Operations,Technology,15.24,2831.0,22.3,Frequent,3,3,37,5,1,0,42,Male,White,Single,,10.1
13601,Finance,Finance,3.92,6380.05,29.0,Frequent,2,4,31,1,1,1,53,Male,Asian,Widowed,,7.1
13602,Consultant,HR,9.14,4277.83,43.9,Frequent,1,5,4,2,0,0,27,Male,Asian,Single,,16.6
13603,Consultant,Consulting,5.4,4784.67,9.0,,5,5,41,5,0,0,44,Male,Other,Divorced,Physical,21.8
13604,Analyst,HR,7.0,2167.46,3.9,,4,2,2,2,1,1,24,Male,White,Single,,4.3
13605,Finance,Technology,5.05,6541.28,18.8,Frequent,2,2,55,3,1,1,38,Other,Black,Single,,7.8
13606,Finance,Technology,1.84,2530.53,17.6,Frequent,2,5,19,3,1,0,39,Female,White,Widowed,Physical,18.5
13607,Finance,HR,0.87,5229.86,12.3,,2,3,55,3,0,0,63,Male,Asian,Widowed,Other,14.4
13608,Analyst,Finance,1.39,2806.27,22.9,Occasional,1,1,16,1,0,1,35,Male,Other,Divorced,,18.1
13609,Consultant,Technology,0.06,3257.21,9.6,Frequent,2,4,15,3,0,1,18,Female,Mixed,Widowed,Mental,5.9
13610,Analyst,HR,2.23,4946.5,13.6,Occasional,2,3,10,3,1,0,42,Female,Asian,Widowed,,7.1
13611,HR,Consulting,2.11,5233.06,23.6,Frequent,3,1,12,2,1,1,38,Male,White,Widowed,,16.9
13612,HR,HR,2.23,2474.46,12.5,,3,5,17,4,1,0,47,Other,White,Divorced,Mental,5.4
13613,Analyst,HR,10.95,5308.57,17.7,Frequent,2,3,13,4,1,1,49,Female,Mixed,Widowed,,13.4
13614,Finance,Operations,7.27,5253.98,12.5,Occasional,2,4,33,3,0,0,52,Female,White,Divorced,,17.4
13615,Consultant,Technology,0.53,2874.46,6.4,,3,2,11,4,1,0,64,Other,White,Married,,6.8
13616,Analyst,Finance,1.38,5918.38,28.7,Frequent,1,1,21,3,0,0,31,Female,Other,Single,,12.1
13617,Analyst,Finance,1.65,2251.77,26.9,Frequent,3,3,20,3,0,0,56,Female,White,Married,,19.0
13618,Analyst,Operations,1.34,3250.27,26.3,,3,4,25,1,0,0,59,Male,Black,Married,,26.9
13619,Developer,Finance,4.81,4574.8,14.5,Frequent,3,3,41,5,0,1,42,Female,Mixed,Married,,7.8
13620,HR,HR,2.23,2975.72,30.3,,3,5,38,4,1,0,46,Female,Asian,Single,,7.4
13621,Operations,Operations,2.55,4316.58,31.2,Frequent,5,1,1,3,0,1,57,Other,Mixed,Widowed,Mental,13.4
13622,Finance,Consulting,5.75,4289.29,40.4,,4,5,56,4,1,0,49,Female,Asian,Divorced,,8.2
13623,Manager,Technology,4.92,3775.51,14.7,Frequent,1,5,49,1,1,1,28,Other,Other,Widowed,Physical,2.4
13624,Operations,Technology,0.43,4998.88,18.6,,1,2,48,1,1,1,45,Other,White,Single,,13.8
13625,Finance,Technology,3.75,3725.97,6.4,,2,5,15,3,0,1,22,Other,Asian,Divorced,Mental,14.5
13626,Manager,HR,1.72,4277.85,43.9,Frequent,5,4,33,4,0,1,52,Female,Asian,Married,Physical,52.3
13627,Developer,Consulting,1.05,5375.77,12.8,,2,1,10,4,1,1,42,Other,Other,Married,,10.7
13628,Analyst,Operations,0.15,4948.82,4.8,Frequent,1,2,18,4,0,1,58,Male,Mixed,Married,Mental,3.0
13629,Developer,Operations,2.0,4943.22,41.1,Frequent,1,3,29,1,1,1,24,Female,Mixed,Widowed,,15.6
13630,Developer,Technology,1.32,2620.98,14.3,Frequent,2,5,53,2,1,0,50,Female,Mixed,Widowed,,11.9
13631,Operations,Consulting,0.87,4629.75,55.5,,4,3,6,2,0,1,59,Other,White,Married,,11.3
13632,Consultant,Consulting,3.56,2945.8,16.8,Frequent,2,2,26,4,0,1,44,Other,Other,Married,,5.6
13633,Operations,Consulting,4.4,2462.3,8.7,,4,3,21,4,0,0,61,Other,Asian,Divorced,,19.5
13634,HR,Finance,0.84,3913.95,29.5,Occasional,4,4,16,5,1,0,64,Other,Mixed,Married,,5.9
13635,Manager,Finance,0.15,2914.85,13.6,Occasional,3,2,14,3,0,0,38,Male,Mixed,Married,,20.8
13636,Analyst,Technology,5.67,4948.74,25.7,Occasional,1,1,8,1,1,0,44,Female,Mixed,Divorced,,37.1
13637,Operations,Consulting,0.03,4977.44,9.2,Frequent,3,1,11,5,0,1,42,Other,Black,Single,,9.7
13638,Manager,Consulting,8.3,1716.85,23.7,,1,1,7,4,0,1,39,Male,White,Widowed,,28.2
13639,Finance,Operations,2.96,3006.04,11.9,Frequent,3,1,59,2,0,1,28,Other,Mixed,Married,,8.7
13640,Manager,Operations,1.17,2248.26,28.1,,4,2,1,2,0,0,23,Male,Black,Divorced,,19.1
13641,Finance,Technology,0.85,3444.84,15.3,Occasional,3,2,48,5,0,1,20,Female,Other,Widowed,,15.4
13642,Operations,Consulting,0.03,4546.21,18.5,Occasional,5,2,47,2,1,1,47,Male,Asian,Married,Physical,7.9
13643,HR,Technology,0.81,3709.25,13.4,Occasional,3,5,54,2,0,0,45,Other,Mixed,Divorced,,10.7
13644,Operations,Operations,0.44,3292.29,15.8,Frequent,3,2,15,3,1,0,58,Female,White,Single,,5.7
13645,Finance,Operations,2.84,5560.21,27.8,Frequent,3,2,2,4,1,0,34,Other,Mixed,Widowed,,5.4
13646,Manager,Finance,0.55,1500.0,6.3,,5,2,50,5,1,1,40,Female,White,Married,,9.6
13647,Manager,Technology,2.26,5484.25,20.3,,1,1,47,1,0,1,51,Other,Black,Married,,26.7
13648,Finance,Technology,2.68,3346.85,74.7,Occasional,3,4,30,1,0,1,38,Male,White,Single,Mental,10.6
13649,Developer,Consulting,1.06,3906.27,37.3,Frequent,1,1,42,4,0,1,22,Female,Other,Widowed,,12.5
13650,HR,Consulting,0.11,3367.16,14.5,Frequent,2,4,25,1,1,0,61,Male,White,Widowed,Physical,19.7
13651,Consultant,Finance,0.11,5851.47,17.8,,4,4,40,2,0,1,32,Male,Asian,Single,,1.3
13652,Analyst,HR,0.08,2522.83,11.2,,2,4,45,3,0,0,63,Other,Black,Single,,11.6
13653,Manager,HR,4.03,4014.08,25.0,Frequent,5,1,1,5,1,0,19,Female,White,Widowed,Physical,37.3
13654,Analyst,HR,1.15,4632.93,4.9,Frequent,5,5,29,5,0,0,41,Male,Mixed,Divorced,Physical,5.9
13655,Consultant,Technology,4.77,2066.8,11.9,,1,3,12,2,1,0,27,Other,Other,Married,,8.5
13656,Operations,Technology,1.7,2896.12,8.7,Frequent,1,5,36,4,0,0,37,Other,Asian,Widowed,,7.4
13657,Analyst,Operations,1.81,3822.19,11.6,Frequent,3,1,51,3,0,1,52,Male,White,Divorced,,16.8
13658,Consultant,Technology,2.16,2936.0,19.5,Occasional,2,4,13,1,1,0,58,Male,White,Single,,8.1
13659,Finance,Technology,3.75,3021.29,1.3,Frequent,1,3,0,5,1,0,64,Male,Asian,Married,,16.8
13660,Developer,Technology,0.96,3580.16,12.9,Frequent,1,5,31,5,1,1,38,Other,Asian,Single,,18.0
13661,Manager,Finance,0.39,4779.5,10.8,Frequent,1,2,5,4,0,0,47,Female,White,Single,,10.4
13662,Consultant,Technology,2.44,3588.74,32.2,,4,5,21,3,0,0,46,Other,Mixed,Divorced,,9.6
13663,Analyst,Consulting,1.19,5294.11,7.3,Occasional,1,1,10,1,0,0,52,Male,Mixed,Divorced,,15.2
13664,Manager,Consulting,1.75,2802.69,19.7,,4,3,48,5,1,1,55,Other,Mixed,Widowed,,10.8
13665,Developer,Operations,3.12,2497.69,14.5,Occasional,5,2,22,5,0,1,43,Female,White,Widowed,,27.6
13666,Finance,Finance,2.04,6311.61,33.8,Occasional,3,3,53,1,1,1,37,Other,Black,Married,,11.7
13667,Operations,Consulting,2.9,3210.45,30.7,Frequent,2,3,13,3,0,0,53,Other,White,Divorced,,17.5
13668,Manager,Finance,2.36,2426.91,48.9,Occasional,1,5,13,3,0,0,60,Other,Black,Married,,4.2
13669,Operations,Finance,4.04,1909.54,34.7,Occasional,4,4,19,3,1,0,57,Other,Mixed,Widowed,,13.2
13670,Consultant,Operations,3.67,5290.12,20.8,Frequent,1,5,6,5,1,0,35,Other,White,Single,,12.6
13671,Developer,Finance,2.29,3590.43,29.2,Frequent,1,2,18,2,1,1,39,Male,Mixed,Married,,19.6
13672,Analyst,Technology,3.41,3695.55,13.5,Occasional,4,1,25,5,0,1,30,Female,White,Widowed,,33.8
13673,Developer,Finance,6.2,3808.96,18.0,,1,5,58,4,0,0,32,Male,Mixed,Single,,2.0
13674,Developer,Operations,1.7,5215.53,18.7,Occasional,2,4,21,4,1,1,33,Other,Asian,Widowed,,23.9
13675,HR,Operations,1.6,3784.56,7.7,,5,4,5,5,1,0,42,Other,White,Widowed,,22.4
13676,Developer,Operations,4.33,6812.86,33.0,,3,5,12,5,1,0,20,Other,Black,Divorced,,16.5
13677,Developer,Consulting,2.62,4160.51,41.8,Occasional,1,2,9,1,0,1,22,Female,Mixed,Single,Physical,9.3
13678,Manager,Technology,0.22,5274.14,14.7,,4,4,53,3,0,0,44,Male,Other,Divorced,,3.2
13679,Analyst,Consulting,6.68,4966.29,15.6,Occasional,2,4,18,1,1,0,56,Male,Black,Widowed,,6.6
13680,Manager,HR,0.09,3956.26,9.6,,1,2,30,4,0,1,50,Other,Other,Widowed,,4.3
13681,Manager,Technology,4.14,3295.63,5.7,,5,2,9,4,0,0,57,Male,Mixed,Married,Mental,29.9
13682,Consultant,Finance,4.27,4398.36,27.0,Occasional,5,2,36,2,0,0,55,Female,White,Widowed,,12.2
13683,Manager,Operations,9.18,4612.12,6.0,Frequent,4,2,12,3,1,1,21,Male,White,Married,,16.2
13684,HR,HR,0.17,3312.9,5.7,Frequent,1,5,16,3,0,0,60,Other,White,Married,Mental,10.7
13685,HR,Technology,2.73,4199.61,25.9,Occasional,1,5,53,4,1,0,55,Male,Other,Single,,8.3
13686,Operations,Consulting,1.68,5483.45,18.9,Occasional,1,3,54,1,0,0,19,Male,Mixed,Divorced,,9.3
13687,Consultant,Operations,1.2,6483.94,27.1,Frequent,5,3,4,5,0,0,36,Male,Asian,Married,,5.6
13688,Operations,Consulting,0.28,5025.24,8.6,Frequent,1,3,20,3,0,1,35,Male,White,Widowed,,9.9
13689,Operations,Technology,2.48,6235.31,53.1,,1,4,53,5,1,1,28,Female,Mixed,Widowed,,22.5
13690,Finance,Technology,1.96,3244.75,7.5,,1,2,38,4,1,0,52,Other,Asian,Single,,22.1
13691,Analyst,HR,0.33,4842.26,10.8,,1,5,19,2,0,0,28,Male,Asian,Single,Mental,11.9
13692,Analyst,Finance,2.84,5606.22,8.9,Frequent,4,5,6,4,1,0,50,Male,Mixed,Single,,12.0
13693,Manager,Consulting,4.02,2924.4,52.1,Occasional,5,2,14,5,1,0,19,Male,White,Married,,4.9
13694,Manager,HR,4.37,3417.29,12.0,,3,3,14,4,0,0,18,Female,White,Single,,21.3
13695,Finance,Operations,7.07,6085.49,6.9,Occasional,4,4,52,3,0,0,50,Other,Black,Widowed,Physical,17.2
13696,Manager,Finance,1.58,2829.88,71.6,Frequent,1,5,22,5,1,1,30,Female,Mixed,Divorced,,10.7
13697,Analyst,HR,9.18,2390.64,46.6,,3,1,32,5,1,1,44,Other,Asian,Widowed,,14.9
13698,Operations,Consulting,6.02,5833.58,37.7,Frequent,2,4,57,2,0,1,18,Male,Other,Divorced,,15.2
13699,Developer,Technology,1.06,5436.12,44.8,Occasional,3,4,43,3,1,1,59,Other,Other,Widowed,,23.9
13700,HR,Operations,0.52,4518.54,7.2,,4,3,1,1,0,0,46,Other,White,Married,Physical,16.8
13701,Developer,Consulting,1.71,3945.15,49.0,Occasional,5,2,49,2,1,0,62,Other,Black,Single,,12.9
13702,Developer,Finance,1.54,3473.77,13.9,Occasional,4,1,31,3,1,0,57,Male,Other,Widowed,,18.0
13703,Analyst,Finance,2.57,4338.34,21.4,,5,3,14,1,1,0,39,Female,White,Widowed,,16.4
13704,Developer,Technology,2.63,5895.77,16.2,,5,2,6,5,1,0,56,Male,Black,Widowed,,10.6
13705,Finance,Technology,4.16,4286.28,41.6,Frequent,5,1,8,2,0,0,37,Female,Other,Married,,9.5
13706,Consultant,Operations,2.14,6600.35,1.1,,2,5,54,5,1,1,61,Female,Asian,Single,,18.4
13707,Manager,Operations,0.33,2922.47,6.3,,3,1,27,5,1,0,57,Female,Other,Married,,12.0
13708,Consultant,Technology,5.86,3976.38,44.7,,4,3,21,5,0,0,62,Female,Other,Widowed,,10.9
13709,Operations,Technology,1.11,3552.33,9.7,,4,1,2,3,0,1,19,Female,Other,Married,,11.9
13710,HR,Finance,10.65,2697.83,40.5,,5,1,52,1,0,1,58,Male,Other,Divorced,,7.9
13711,Manager,Technology,0.38,3816.3,9.3,Frequent,2,1,41,3,1,0,34,Male,White,Single,,18.0
13712,Developer,HR,9.53,4500.8,13.5,Occasional,2,5,1,5,1,0,58,Female,Mixed,Divorced,,8.7
13713,HR,Consulting,0.29,4629.08,55.9,Frequent,1,2,56,2,1,0,22,Other,Asian,Widowed,,14.5
13714,Manager,Technology,0.79,6604.54,29.1,Occasional,2,1,21,5,1,1,43,Male,Mixed,Divorced,,6.3
13715,Finance,Operations,0.14,4557.36,19.1,,5,4,24,1,0,0,30,Female,White,Widowed,Mental,11.5
13716,Finance,HR,3.66,5380.16,24.3,Frequent,5,3,24,3,0,0,51,Female,Other,Single,,24.3
13717,Finance,Operations,5.7,4079.31,34.8,Occasional,3,4,31,1,0,1,47,Other,Black,Married,,11.5
13718,Finance,HR,1.71,6013.67,18.3,Occasional,5,2,43,3,0,1,61,Other,Black,Single,Physical,8.7
13719,Developer,Technology,7.92,6878.14,25.8,,3,3,6,1,0,0,58,Female,Mixed,Single,,27.6
13720,Consultant,Consulting,2.68,4637.3,72.5,,2,2,30,1,0,1,19,Other,Black,Divorced,,15.0
13721,Manager,Operations,2.98,2808.81,6.7,Occasional,1,3,36,3,0,1,29,Male,Mixed,Divorced,Physical,6.0
13722,Developer,HR,5.6,3341.43,19.0,Frequent,4,4,3,3,0,0,39,Female,Asian,Widowed,,17.1
13723,Finance,Finance,1.06,4338.32,11.2,Occasional,5,4,32,3,0,0,55,Male,Black,Single,,11.8
13724,Operations,Technology,1.31,4547.8,7.8,Frequent,2,5,14,4,1,0,30,Female,Other,Widowed,,18.7
13725,Consultant,Consulting,7.09,4838.11,18.8,Frequent,5,2,8,1,1,0,42,Male,White,Single,,13.5
13726,Operations,Technology,6.94,4552.24,8.0,Occasional,3,4,5,4,0,1,57,Female,Asian,Married,Mental,17.0
13727,HR,Finance,11.25,4008.38,7.0,Frequent,2,3,45,4,0,1,56,Male,Black,Divorced,Physical,34.9
13728,Operations,Consulting,6.96,3236.56,15.4,Occasional,4,1,30,5,1,1,64,Other,Black,Divorced,,6.3
13729,HR,Finance,0.41,4481.37,25.2,Occasional,3,1,33,4,1,0,54,Female,Mixed,Widowed,,8.8
13730,HR,Technology,5.21,6225.98,23.8,,2,1,43,4,0,0,38,Female,Asian,Divorced,Other,14.3
13731,Finance,HR,1.58,5223.91,15.6,Occasional,4,5,54,3,0,1,35,Female,White,Single,,5.3
13732,HR,Technology,14.07,4641.64,4.9,Occasional,3,4,59,3,0,1,36,Female,White,Single,,20.6
13733,Analyst,Technology,1.92,5235.48,4.6,,4,2,37,2,1,0,30,Male,Mixed,Married,,10.1
13734,Manager,Technology,2.42,3554.72,21.9,,2,2,12,1,0,0,42,Female,Mixed,Divorced,,16.2
13735,Manager,Operations,2.26,3390.08,10.0,Frequent,3,5,35,4,0,0,33,Other,Mixed,Divorced,,5.9
13736,Finance,Finance,1.16,3102.66,19.8,Frequent,1,3,31,4,0,0,62,Male,Black,Married,,7.5
13737,Analyst,Finance,0.23,3849.66,17.9,,5,4,21,1,0,0,46,Female,Asian,Married,,16.8
13738,Operations,Finance,6.78,3493.59,2.5,,1,4,47,3,0,0,63,Female,White,Widowed,,4.2
13739,Developer,Operations,4.87,5449.93,45.3,,4,3,28,3,1,0,33,Male,Other,Widowed,,14.8
13740,Operations,HR,0.45,3429.61,4.6,Occasional,2,3,10,1,1,0,39,Male,White,Married,,30.0
13741,Developer,Technology,4.5,3036.73,13.8,Occasional,5,4,5,1,0,0,61,Female,Asian,Divorced,,2.2
13742,HR,HR,2.95,6331.09,5.5,Occasional,2,4,4,3,1,0,29,Male,Mixed,Divorced,,8.2
13743,Consultant,Operations,1.58,3458.35,9.8,,4,1,0,1,0,0,60,Other,Black,Divorced,,5.7
13744,Developer,Finance,0.88,4184.23,10.8,Frequent,2,2,50,3,0,1,43,Female,White,Divorced,,10.2
13745,Consultant,Technology,5.89,4541.59,11.7,Frequent,3,1,38,1,1,1,45,Female,Other,Married,,14.7
13746,Manager,Consulting,3.61,2635.97,14.1,Occasional,3,1,49,3,0,0,45,Male,Black,Married,,7.0
13747,Consultant,Consulting,2.38,5482.58,51.9,Occasional,4,2,9,2,0,1,40,Other,White,Widowed,,6.6
13748,Manager,HR,2.82,4764.54,7.6,,2,5,9,3,0,0,56,Other,Asian,Married,,11.5
13749,Analyst,Finance,0.29,5870.06,25.9,,4,5,48,3,0,0,47,Female,White,Divorced,,7.4
13750,Analyst,Consulting,1.93,3184.93,37.5,Frequent,5,5,23,4,1,0,53,Other,Other,Married,,11.9
13751,Finance,HR,0.65,4118.95,24.0,Frequent,2,5,6,3,1,0,55,Other,Black,Widowed,,5.9
13752,Finance,Operations,0.7,4047.23,42.9,,3,3,21,1,0,1,31,Other,White,Divorced,,26.6
13753,HR,HR,3.25,4316.67,24.2,Frequent,1,1,57,5,0,1,48,Female,Other,Married,,9.2
13754,Developer,HR,7.27,2254.46,23.6,Frequent,3,3,20,1,1,0,63,Female,White,Married,,5.6
13755,HR,HR,1.55,4133.0,38.3,Occasional,2,3,21,4,0,1,29,Other,White,Single,,10.0
13756,Manager,Technology,0.7,2288.24,21.3,,2,2,32,1,0,1,64,Other,Mixed,Divorced,,4.0
13757,HR,HR,3.14,4430.0,37.7,,2,5,43,2,1,0,28,Female,Other,Divorced,,14.9
13758,Consultant,HR,6.15,1500.0,21.2,,2,4,24,5,1,0,21,Female,White,Widowed,,10.9
13759,Manager,Technology,4.14,1778.1,37.2,Occasional,5,5,30,5,0,0,42,Male,Black,Widowed,Physical,4.4
13760,Finance,Technology,6.09,4982.26,48.7,,1,1,48,4,0,1,60,Male,Asian,Widowed,Physical,9.3
13761,Analyst,Operations,2.31,3343.79,12.5,Frequent,3,3,15,5,0,0,42,Other,Mixed,Widowed,,7.1
13762,Finance,Finance,4.18,2814.57,11.0,Occasional,5,1,51,3,1,1,61,Female,Mixed,Single,,9.2
13763,Developer,Consulting,0.45,5525.01,42.8,Occasional,4,3,14,4,1,1,37,Female,Mixed,Widowed,Physical,7.2
13764,Manager,Consulting,1.28,4393.15,36.7,,2,3,28,2,1,0,25,Female,Asian,Single,,9.5
13765,Manager,HR,1.48,5046.51,3.0,Frequent,3,3,18,5,0,1,41,Other,Other,Widowed,,23.6
13766,Consultant,Operations,2.15,3800.51,20.0,,4,4,51,5,1,0,35,Male,Black,Divorced,,11.1
13767,Developer,HR,7.94,7215.55,55.6,Frequent,1,5,16,4,0,1,55,Female,Asian,Single,,14.0
13768,Analyst,Consulting,6.22,3274.58,6.2,,3,3,25,5,1,0,26,Female,Black,Divorced,,29.4
13769,Operations,Technology,0.43,6093.39,5.4,Frequent,5,2,35,5,1,0,41,Male,Black,Widowed,,14.2
13770,Manager,Finance,0.57,3926.36,9.5,Frequent,4,3,35,2,1,1,22,Female,Mixed,Widowed,,14.4
13771,Manager,Operations,1.33,2014.59,11.8,Frequent,3,5,34,2,0,0,62,Female,White,Single,,27.7
13772,Consultant,Technology,1.03,4579.42,3.6,Occasional,5,5,39,4,1,0,30,Male,Black,Widowed,Mental,6.6
13773,HR,Finance,2.86,4377.72,6.3,,2,4,22,5,0,1,38,Male,Black,Widowed,,3.7
13774,Analyst,Operations,6.99,2738.41,3.3,,3,3,8,1,0,1,26,Female,Black,Divorced,,13.5
13775,Finance,Operations,9.83,2893.34,19.5,,2,2,33,4,0,0,19,Female,Black,Single,,8.5
13776,Developer,Consulting,3.18,3970.36,19.2,Occasional,4,4,57,2,1,0,18,Female,Mixed,Widowed,,8.3
13777,Manager,Technology,5.46,4419.7,43.1,Frequent,4,4,50,1,0,0,25,Male,Black,Widowed,Physical,12.9
13778,Manager,Operations,2.23,1500.0,20.7,Occasional,4,3,53,5,0,0,41,Female,White,Widowed,,17.1
13779,Finance,Operations,0.7,5263.75,25.5,Occasional,2,3,17,4,0,0,51,Male,Other,Widowed,,23.2
13780,Analyst,Finance,2.23,3406.6,27.5,Frequent,2,4,15,4,0,1,27,Female,Other,Widowed,Other,13.2
13781,HR,Consulting,2.43,2401.9,7.3,,5,4,31,2,0,0,62,Other,Black,Divorced,Other,6.9
13782,Manager,HR,4.07,5129.28,6.5,Occasional,3,4,27,3,1,0,18,Female,Mixed,Married,,5.8
13783,Analyst,Consulting,0.74,3971.66,5.6,Frequent,5,1,59,3,0,0,52,Female,White,Single,Mental,23.1
13784,Finance,HR,1.38,5459.4,11.8,Frequent,2,4,31,3,1,0,58,Female,White,Married,,7.3
13785,Consultant,Technology,1.36,4525.54,11.0,,3,5,49,4,0,0,43,Other,Black,Single,,8.1
13786,HR,Technology,9.61,3998.18,17.6,Frequent,4,2,57,2,0,0,21,Male,Mixed,Widowed,,10.8
13787,Developer,Operations,1.76,3816.72,29.0,Frequent,5,2,17,2,0,0,48,Female,Other,Widowed,,10.6
13788,Manager,Technology,4.22,4579.26,25.5,Frequent,5,3,43,3,1,0,22,Male,Asian,Widowed,,9.9
13789,Analyst,Operations,4.17,3503.76,10.9,,5,4,33,1,0,0,40,Male,Black,Single,,8.7
13790,Consultant,Consulting,0.93,2976.91,9.3,,2,2,28,3,1,1,51,Other,Black,Divorced,Mental,17.8
13791,Developer,Technology,2.54,4731.89,10.3,Frequent,3,2,20,4,0,1,32,Other,Black,Divorced,,11.7
13792,Operations,Consulting,6.74,3826.61,11.5,Frequent,4,5,59,1,1,1,20,Female,Mixed,Divorced,,32.8
13793,Analyst,Consulting,1.93,4040.28,4.3,,2,5,0,2,1,0,36,Female,Asian,Divorced,,9.9
13794,Analyst,Technology,8.71,5307.26,20.9,,4,1,54,5,0,0,60,Other,Mixed,Single,,32.6
13795,Developer,Consulting,0.72,3863.35,55.8,,1,1,15,1,0,1,56,Other,Black,Widowed,,2.8
13796,Consultant,Technology,0.23,4018.04,16.9,Occasional,1,2,48,2,1,1,56,Female,Asian,Widowed,Mental,21.2
13797,Operations,Technology,6.66,3280.42,17.5,,4,3,32,1,1,0,44,Female,White,Divorced,,16.5
13798,Finance,Technology,5.65,4516.89,23.2,Frequent,1,2,20,3,0,1,39,Male,White,Single,,2.4
13799,Consultant,HR,14.71,4419.79,6.2,,3,3,54,1,1,0,32,Female,Asian,Widowed,,31.3
13800,HR,Consulting,3.41,5080.93,9.6,Frequent,3,2,34,1,1,0,57,Other,Black,Divorced,,11.5
13801,Manager,Finance,8.28,3305.05,10.5,Frequent,2,5,54,1,0,0,59,Male,Mixed,Single,Physical,13.6
13802,Developer,Technology,5.26,3450.62,5.9,Frequent,4,4,56,4,0,0,32,Male,Black,Married,,6.5
13803,Finance,Consulting,5.58,4950.56,48.3,,2,2,26,4,0,1,49,Male,Asian,Widowed,Physical,5.5
13804,Operations,Operations,2.53,4302.66,28.4,,3,1,19,3,0,1,48,Male,Black,Divorced,,6.6
13805,Developer,Technology,1.45,2912.54,29.9,,3,3,30,5,0,0,56,Male,Black,Divorced,,5.7
13806,Developer,Technology,8.18,5567.86,12.7,,3,3,15,4,1,1,34,Male,White,Divorced,,7.3
13807,Consultant,Finance,1.7,1961.86,18.6,,5,2,52,5,1,0,30,Other,Other,Divorced,,19.5
13808,Manager,HR,2.32,4941.14,11.8,Occasional,1,3,13,4,0,0,55,Other,Mixed,Divorced,Mental,21.0
13809,HR,HR,1.77,2481.75,14.0,,2,1,47,2,0,1,54,Female,Black,Married,,9.8
13810,Analyst,Technology,2.5,6262.95,17.6,Occasional,2,5,31,2,1,0,33,Other,White,Single,,6.1
13811,Analyst,Consulting,1.91,2146.48,14.7,Frequent,3,4,55,1,1,1,45,Other,Other,Single,Mental,27.8
13812,Developer,Operations,0.15,5382.7,17.4,Frequent,5,4,40,5,0,0,51,Female,White,Divorced,,21.9
13813,Manager,Operations,6.41,3902.04,3.7,Frequent,2,3,31,1,0,0,49,Male,Black,Widowed,,42.1
13814,Operations,Consulting,1.76,3560.08,6.3,Frequent,2,2,52,1,1,0,41,Other,Mixed,Married,,7.2
13815,Operations,Technology,2.67,4222.48,11.8,Occasional,5,3,59,4,1,0,54,Other,Other,Divorced,,15.3
13816,Finance,Operations,0.45,4758.28,13.5,Occasional,3,1,52,4,0,1,22,Male,Black,Divorced,,8.6
13817,Consultant,HR,0.01,2914.72,13.5,Frequent,5,2,1,1,1,1,61,Male,Asian,Divorced,Mental,2.3
13818,Manager,Consulting,0.84,3021.05,25.0,,1,5,56,4,1,1,40,Other,Black,Divorced,,16.8
13819,Manager,Finance,3.66,4779.53,20.1,Frequent,2,1,44,2,1,0,38,Male,White,Single,,47.9
13820,Consultant,Technology,0.31,1951.19,22.3,Frequent,1,5,21,2,1,0,18,Other,Black,Widowed,Mental,15.8
13821,Operations,Consulting,7.19,3298.93,10.3,Occasional,2,2,36,5,0,0,30,Male,Asian,Widowed,,14.7
13822,Operations,Operations,0.73,7648.82,7.2,Frequent,1,5,52,2,0,0,61,Female,Asian,Divorced,,16.7
13823,Operations,Technology,0.69,2838.38,14.4,Occasional,2,1,51,1,0,1,25,Other,Black,Divorced,,8.0
13824,Developer,HR,0.6,5377.36,27.0,Occasional,3,1,16,3,0,1,18,Male,Asian,Divorced,,9.4
13825,Manager,Technology,0.04,3296.86,46.9,Frequent,4,3,31,4,0,0,32,Male,White,Divorced,,19.1
13826,Analyst,Technology,4.43,4610.85,10.6,,5,2,37,1,1,0,27,Female,Asian,Married,,5.5
13827,Consultant,HR,6.24,4785.23,46.9,Occasional,2,4,16,4,1,0,18,Male,Asian,Widowed,Mental,9.9
13828,Operations,HR,2.86,5354.75,6.5,Occasional,5,4,57,5,0,0,31,Male,Mixed,Married,,20.3
13829,Finance,Technology,0.63,3759.7,4.1,Occasional,2,5,33,1,1,0,62,Male,White,Single,,4.9
13830,Operations,HR,1.01,6386.66,13.2,Frequent,4,4,6,1,1,1,59,Other,Asian,Married,Other,11.4
13831,Operations,Consulting,1.94,3292.8,7.3,Frequent,3,4,28,1,1,1,54,Female,Black,Married,,5.4
13832,HR,HR,9.26,4281.06,9.2,Occasional,3,1,16,5,1,0,58,Female,Asian,Married,,9.4
13833,Developer,HR,0.85,4294.33,31.8,,5,1,23,1,0,0,63,Female,Other,Single,,11.6
13834,Consultant,Technology,3.95,2653.64,29.7,Frequent,4,1,7,4,1,0,38,Other,Other,Widowed,,16.8
13835,HR,Consulting,1.74,3656.95,20.1,,5,4,22,3,0,0,18,Male,White,Married,,20.1
13836,HR,Finance,1.06,4193.82,18.9,,3,5,54,1,1,1,64,Other,Other,Widowed,,12.3
13837,Finance,Finance,1.83,3481.45,9.1,Frequent,1,2,32,5,0,0,44,Female,Other,Widowed,,6.5
13838,Manager,Operations,0.22,6929.11,14.5,Occasional,5,3,28,5,1,0,48,Female,Asian,Single,,15.3
13839,Finance,HR,4.81,2993.65,12.7,,2,5,18,1,1,0,24,Female,White,Widowed,,4.9
13840,Manager,HR,0.84,5415.31,5.1,Occasional,3,1,56,5,0,0,35,Other,Mixed,Single,,24.2
13841,Manager,Consulting,3.88,5027.75,52.5,,2,5,4,2,1,0,53,Other,Asian,Married,,6.5
13842,Consultant,Finance,0.21,3983.37,13.0,Occasional,4,2,36,5,1,0,41,Male,Mixed,Widowed,Mental,11.9
13843,Operations,Operations,9.31,2961.75,6.7,Frequent,3,1,22,3,0,1,55,Other,Black,Divorced,Mental,6.3
13844,Consultant,Consulting,0.64,3078.09,4.6,,3,2,58,2,0,0,52,Male,Other,Divorced,Other,16.0
13845,Developer,HR,6.43,3378.44,23.3,,5,3,25,4,0,0,21,Male,Asian,Divorced,Mental,18.6
13846,Manager,Finance,4.97,1857.11,49.5,,5,5,23,2,1,0,19,Male,White,Married,,14.3
13847,HR,Operations,10.31,2795.84,60.3,Occasional,2,3,53,3,1,0,52,Female,Other,Widowed,,9.4
13848,Operations,Technology,1.95,2221.03,15.3,,5,4,20,2,0,0,35,Male,Black,Widowed,Mental,23.2
13849,Analyst,Finance,3.9,5615.05,13.0,,1,5,32,1,0,1,19,Other,Other,Widowed,,12.0
13850,Developer,Operations,1.39,4742.15,17.7,Occasional,3,4,25,5,0,0,44,Other,Other,Widowed,,19.9
13851,Consultant,Consulting,0.61,4943.17,17.4,Occasional,4,2,9,1,0,0,57,Female,Mixed,Divorced,,3.9
13852,Finance,Technology,1.76,4706.6,2.5,Frequent,3,4,41,1,0,1,24,Female,Black,Married,,11.2
13853,Developer,Operations,0.54,4200.36,11.7,Occasional,2,2,28,1,0,1,58,Female,White,Married,,10.8
13854,Developer,Operations,12.06,5752.82,21.0,,5,3,56,2,0,0,48,Other,Other,Married,,14.7
13855,Operations,HR,0.3,3267.08,24.2,,3,1,53,4,0,1,58,Other,Other,Widowed,,17.3
13856,Developer,Finance,2.67,4128.0,25.5,Frequent,5,3,34,5,1,1,51,Male,White,Widowed,,27.7
13857,Developer,HR,2.95,4896.47,17.3,Frequent,2,4,27,2,0,0,24,Other,White,Single,,10.1
13858,Analyst,Technology,2.32,2414.55,6.5,,5,2,11,1,1,1,62,Female,Asian,Widowed,Physical,7.8
13859,Finance,Operations,3.26,7715.91,15.0,Occasional,4,4,57,3,1,0,46,Male,Asian,Widowed,,15.6
13860,Finance,HR,0.37,4034.28,38.7,,2,1,43,3,1,1,25,Male,Other,Married,Physical,8.6
13861,Finance,Finance,2.43,4170.39,22.2,Frequent,3,5,6,1,1,1,50,Female,Asian,Single,,13.6
13862,Manager,Technology,1.02,5508.25,13.4,,3,5,15,4,1,0,20,Male,Other,Single,Mental,4.6
13863,HR,Consulting,8.45,5097.95,64.0,,4,5,19,5,0,0,57,Female,White,Widowed,,11.8
13864,Finance,HR,4.31,4045.69,18.0,,1,4,28,2,0,0,49,Female,Asian,Married,,3.3
13865,Developer,Technology,10.78,4156.16,14.8,Frequent,5,5,34,4,0,0,36,Female,Black,Widowed,,9.3
13866,Developer,Consulting,0.11,2195.02,27.1,Frequent,3,2,27,3,0,1,21,Other,Black,Single,,12.7
13867,Finance,HR,1.01,3332.24,5.9,Frequent,4,1,6,1,1,1,27,Female,White,Single,,12.5
13868,Operations,Technology,0.65,4620.65,13.0,Occasional,5,3,21,2,0,1,35,Female,Other,Married,,9.5
13869,Finance,Technology,0.03,4532.67,15.1,Frequent,2,2,13,4,0,1,36,Male,Black,Married,,18.9
13870,Developer,HR,0.83,5465.4,3.5,Occasional,4,1,58,4,0,1,29,Male,Asian,Divorced,Mental,9.4
13871,Manager,Technology,3.41,3855.4,19.2,Occasional,2,3,35,4,1,0,28,Female,Mixed,Widowed,,7.7
13872,Consultant,Operations,0.79,2335.26,24.1,Frequent,2,5,9,2,0,1,49,Male,Other,Widowed,,10.0
13873,Consultant,HR,2.13,5268.08,10.8,Occasional,2,3,55,5,0,1,23,Other,Asian,Widowed,,13.3
13874,Finance,Technology,6.56,5723.31,28.0,Occasional,5,4,1,2,0,0,55,Other,Other,Single,,6.8
13875,Analyst,Consulting,3.55,5077.89,34.8,,1,4,21,1,0,1,45,Male,Asian,Married,,26.7
13876,Finance,Consulting,1.51,3803.64,37.8,Occasional,2,5,15,2,0,0,43,Male,White,Widowed,,23.1
13877,Operations,Operations,1.4,5253.26,6.7,Occasional,3,5,34,4,1,0,25,Male,White,Married,,26.3
13878,Finance,HR,1.82,8114.69,18.7,Frequent,5,2,46,5,0,0,27,Male,White,Married,,12.5
13879,Consultant,Technology,0.58,4138.18,26.0,,5,2,39,5,1,0,39,Male,White,Widowed,,21.7
13880,Developer,Technology,3.02,2425.92,18.6,Occasional,2,4,47,1,1,0,51,Other,Asian,Married,,13.1
13881,Finance,Consulting,1.36,3296.46,33.1,Occasional,3,1,10,1,0,1,62,Female,Black,Married,,22.9
13882,Developer,Operations,5.74,4750.57,19.8,Occasional,4,2,55,3,0,0,39,Male,Asian,Single,,10.8
13883,Developer,Consulting,4.24,2074.23,6.5,Frequent,5,1,42,3,1,0,39,Female,Asian,Widowed,,12.2
13884,Analyst,Consulting,2.83,4203.28,33.6,Frequent,2,4,42,3,0,0,23,Male,Mixed,Widowed,,10.7
13885,Developer,Operations,1.36,4456.4,18.2,,2,2,32,2,1,1,48,Female,Mixed,Widowed,,17.3
13886,Consultant,HR,0.71,5842.15,47.9,Occasional,1,1,33,5,0,1,53,Male,Asian,Single,,13.9
13887,Manager,Technology,4.49,5572.23,6.5,,1,1,51,1,0,1,28,Male,White,Married,,31.9
13888,Manager,HR,2.0,5037.5,18.4,Frequent,4,2,32,3,0,0,35,Other,Mixed,Widowed,,16.0
13889,HR,Finance,0.76,1500.0,45.5,Occasional,4,5,18,1,1,1,51,Other,Mixed,Divorced,,18.2
13890,Operations,Finance,0.65,5105.26,20.1,Occasional,4,3,19,3,1,1,20,Other,Asian,Divorced,,8.5
13891,Finance,Finance,0.54,4846.62,29.2,,4,5,9,2,1,1,58,Other,Other,Single,,9.6
13892,Operations,Operations,4.5,4307.13,35.7,Occasional,2,3,18,2,1,1,55,Male,Mixed,Widowed,,14.4
13893,Consultant,Consulting,0.78,1923.73,17.6,Frequent,2,1,52,4,1,1,53,Other,White,Married,,10.6
13894,Developer,HR,2.24,3067.87,8.5,,2,2,42,1,0,1,34,Female,Asian,Single,,20.7
13895,Manager,Technology,1.8,2599.81,31.8,,3,4,11,4,1,0,47,Other,Other,Married,,5.2
13896,Operations,Finance,2.6,1581.99,15.2,Occasional,4,2,9,2,1,1,47,Female,Black,Married,,27.7
13897,Consultant,HR,6.29,3996.5,2.3,Frequent,3,5,6,2,0,1,60,Female,White,Divorced,,18.5
13898,Manager,Finance,6.07,3042.61,40.0,Occasional,5,3,55,1,0,0,48,Male,White,Widowed,Mental,5.2
13899,Developer,Finance,1.8,7150.37,51.9,,5,2,39,4,1,0,49,Other,Asian,Married,,21.6
13900,Operations,Technology,0.05,3797.47,10.4,,2,3,10,4,0,0,36,Other,Black,Married,,20.1
13901,Manager,Operations,1.67,5552.5,17.0,Frequent,5,5,49,4,0,0,26,Female,White,Married,,25.8
13902,Finance,Consulting,2.8,2117.08,54.8,,2,5,15,1,0,1,33,Female,White,Married,,14.8
13903,Finance,Operations,2.45,3363.89,46.2,Frequent,4,2,32,1,0,0,55,Other,Asian,Single,,9.1
13904,HR,HR,3.16,4116.28,26.0,Occasional,3,4,37,1,1,1,36,Female,White,Married,,4.7
13905,HR,Operations,0.5,2910.22,43.3,Frequent,2,4,16,5,0,0,47,Male,Other,Divorced,,17.3
13906,Manager,HR,3.12,3493.36,14.5,Occasional,1,3,53,2,0,0,53,Other,Black,Single,,4.8
13907,Consultant,HR,0.61,3738.46,4.9,Occasional,1,2,44,5,0,1,28,Male,Mixed,Divorced,,5.4
13908,Finance,Consulting,4.17,3719.31,37.5,,4,1,54,5,0,1,32,Male,Mixed,Married,Physical,19.4
13909,Consultant,Technology,1.24,6226.14,16.6,Occasional,3,5,24,2,1,0,41,Other,Black,Widowed,,7.6
13910,Consultant,Consulting,3.71,4453.87,3.8,,2,3,41,3,1,1,58,Other,Other,Divorced,,6.8
13911,Manager,Operations,0.15,4575.41,10.7,Frequent,4,5,30,3,0,1,38,Female,Asian,Widowed,,11.1
13912,Consultant,HR,1.57,4647.59,14.0,Frequent,3,3,41,3,1,1,60,Male,Asian,Single,,14.8
13913,Finance,Finance,3.66,4735.15,15.4,Occasional,1,2,0,1,1,1,27,Other,Mixed,Divorced,,6.8
13914,Developer,Finance,0.77,3900.54,9.3,Frequent,2,3,38,1,1,1,59,Other,White,Married,,24.5
13915,HR,HR,4.76,3615.1,7.0,Occasional,3,3,19,4,0,1,42,Male,Black,Married,Physical,12.8
13916,Developer,Consulting,2.99,4200.18,3.3,Frequent,5,1,8,4,1,1,49,Female,Other,Widowed,,20.5
13917,Consultant,Technology,2.66,5388.16,3.2,Occasional,2,3,42,5,1,1,50,Other,Asian,Widowed,,3.6
13918,Developer,Consulting,1.31,5351.49,16.4,Occasional,5,4,51,4,0,0,41,Male,Black,Divorced,,11.2
13919,Finance,HR,1.98,3711.52,20.6,Frequent,4,3,1,1,0,1,38,Male,White,Widowed,,15.2
13920,Finance,HR,2.73,4921.41,6.9,Frequent,3,3,0,5,1,1,43,Female,Mixed,Married,,13.5
13921,Consultant,Technology,1.92,3766.5,42.6,Frequent,3,2,54,4,1,1,34,Other,White,Widowed,,11.6
13922,Manager,Operations,3.6,4040.64,12.2,Frequent,3,3,43,4,0,0,36,Male,Other,Single,,15.6
13923,Developer,Operations,1.71,3431.77,15.4,Occasional,3,1,38,3,1,0,20,Female,Mixed,Single,,7.5
13924,Manager,Technology,0.68,3782.03,14.7,Occasional,2,2,50,1,1,1,30,Other,White,Single,,21.8
13925,Manager,Operations,0.72,5609.6,2.7,Frequent,5,5,4,5,0,0,19,Other,Other,Widowed,,12.7
13926,Analyst,Finance,0.02,4110.91,33.4,Frequent,5,4,57,2,0,0,58,Other,Other,Divorced,,23.2
13927,Consultant,Operations,1.07,4162.34,25.6,,4,4,11,4,0,1,62,Other,Other,Divorced,,12.5
13928,HR,Operations,4.15,2263.34,43.5,Occasional,4,5,13,1,0,0,49,Other,Black,Widowed,,25.0
13929,Finance,Operations,4.74,3628.91,41.6,Occasional,3,3,59,5,0,0,50,Female,Other,Widowed,,23.7
13930,Finance,Finance,0.68,3710.42,23.4,Frequent,1,1,38,1,0,1,49,Male,Asian,Single,,23.6
13931,Consultant,Operations,9.59,3005.03,26.9,,1,1,31,1,0,1,59,Female,Other,Widowed,,8.8
13932,Operations,Finance,2.09,4026.0,6.4,Frequent,3,1,39,5,0,0,42,Male,White,Divorced,Physical,8.4
13933,Operations,Technology,7.47,3484.98,12.2,Occasional,5,1,45,3,0,0,20,Female,Asian,Single,,11.7
13934,Operations,Consulting,3.68,4096.0,14.6,Occasional,4,3,43,3,1,0,59,Other,Mixed,Widowed,,14.5
13935,HR,Technology,3.85,4145.8,10.9,,2,5,8,4,1,0,24,Female,Asian,Married,,6.9
13936,Finance,Consulting,0.27,2853.09,41.0,Frequent,1,5,41,3,1,1,42,Male,White,Divorced,Physical,16.2
13937,Consultant,Technology,0.75,3521.56,19.1,,4,4,41,4,0,0,40,Other,Mixed,Single,,32.3
13938,Finance,Consulting,0.03,4092.85,8.6,Frequent,1,5,32,4,1,0,45,Male,White,Single,,8.2
13939,Manager,Consulting,3.78,5421.16,39.2,,5,1,24,5,0,0,29,Other,White,Single,,10.6
13940,Developer,HR,1.27,4308.06,19.6,Frequent,5,3,53,1,0,0,25,Other,Black,Divorced,,12.8
13941,Developer,Consulting,4.63,3205.68,32.4,Frequent,3,2,37,2,0,0,52,Other,Black,Married,,18.4
13942,Finance,Consulting,1.24,4478.81,6.3,Frequent,3,2,13,2,1,1,42,Male,White,Widowed,Physical,7.5
13943,Analyst,HR,5.13,6049.06,20.7,Occasional,1,1,54,3,0,0,47,Male,Other,Divorced,,25.7
13944,HR,Operations,0.42,5100.05,8.3,Frequent,1,4,8,5,0,0,49,Female,Black,Single,,22.6
13945,Operations,Operations,0.57,4657.03,19.9,Occasional,4,2,54,2,1,1,53,Male,White,Widowed,,10.9
13946,HR,HR,1.25,4870.71,25.7,,3,1,54,1,0,1,49,Female,Asian,Divorced,,8.6
13947,HR,Finance,1.58,5727.94,5.8,Frequent,5,3,26,4,0,0,42,Male,White,Married,,8.7
13948,Manager,Consulting,1.29,5290.75,16.2,Occasional,4,2,43,4,1,0,43,Other,White,Married,,19.1
13949,HR,Consulting,4.33,4680.11,6.3,,4,1,18,5,1,0,25,Female,Mixed,Widowed,,7.4
13950,Developer,HR,0.31,5282.37,33.6,Frequent,2,2,57,3,1,0,22,Female,Black,Widowed,,5.4
13951,Manager,HR,1.3,2702.02,17.5,,5,3,24,1,0,0,60,Female,Mixed,Divorced,Mental,8.8
13952,Consultant,Finance,5.45,2197.28,8.6,Occasional,4,5,51,3,0,0,19,Female,Other,Married,,11.6
13953,HR,Operations,0.21,4188.52,10.6,Occasional,2,5,31,3,1,1,36,Male,White,Divorced,,24.3
13954,HR,Technology,8.56,4082.42,11.9,Frequent,3,3,21,5,0,0,20,Female,Black,Divorced,,9.8
13955,Consultant,Operations,12.87,3347.31,43.1,Occasional,5,3,28,4,0,1,29,Other,Black,Widowed,,12.4
13956,HR,Consulting,0.28,4991.02,15.8,Occasional,3,5,54,3,0,0,56,Male,Black,Married,,19.6
13957,Consultant,HR,1.03,1764.56,29.8,,2,3,27,3,0,1,49,Other,White,Single,,18.6
13958,Manager,Finance,1.4,3358.27,16.3,Frequent,5,3,43,1,0,0,23,Male,White,Divorced,,14.4
13959,Developer,Operations,4.49,3418.05,6.5,Frequent,1,3,56,4,1,1,25,Male,Asian,Single,,7.4
13960,Consultant,Finance,2.72,2036.44,10.5,Frequent,1,5,12,3,1,0,22,Female,Mixed,Married,,19.7
13961,Analyst,Operations,3.1,5793.68,21.4,,1,5,57,2,0,0,30,Other,Mixed,Single,Mental,11.9
13962,Consultant,Consulting,4.25,2368.96,2.7,Occasional,4,2,27,2,1,0,48,Other,White,Divorced,,6.2
13963,HR,Technology,0.38,3293.99,24.1,Frequent,1,5,2,4,1,0,30,Other,Other,Married,Mental,6.3
13964,Operations,Finance,5.37,5089.58,9.4,Frequent,4,2,29,4,0,1,18,Male,Black,Divorced,,9.0
13965,Operations,Finance,3.67,4775.25,19.0,,4,5,10,5,0,0,63,Female,White,Married,,12.6
13966,Manager,Technology,2.58,2670.19,10.9,,2,4,1,3,1,0,21,Male,White,Divorced,,14.1
13967,Finance,Finance,6.61,4818.99,27.4,Frequent,1,2,49,2,0,1,37,Female,White,Single,,11.4
13968,Manager,Finance,3.61,4347.74,17.2,Frequent,5,3,49,2,1,0,46,Other,Black,Divorced,Mental,8.8
13969,Finance,Operations,0.68,6799.64,26.7,,4,4,56,4,0,0,49,Other,Black,Single,,10.4
13970,Operations,Operations,1.69,4484.73,3.3,,2,5,55,4,0,1,50,Other,White,Divorced,,24.6
13971,Operations,Technology,2.04,3830.51,14.4,,4,5,56,1,0,1,31,Other,Asian,Divorced,,23.0
13972,Consultant,Consulting,0.17,2972.2,9.2,,5,4,8,1,0,1,36,Male,Mixed,Divorced,,9.8
13973,Developer,Finance,9.28,3106.91,23.6,Occasional,5,1,32,4,1,1,20,Female,Asian,Divorced,,12.2
13974,Analyst,Consulting,0.41,3009.08,33.3,Occasional,1,3,57,1,0,1,28,Other,Asian,Widowed,,8.7
13975,Manager,Technology,3.59,5645.32,32.5,Frequent,4,2,25,4,1,1,26,Female,White,Divorced,,21.7
13976,HR,Technology,2.12,4021.56,44.7,Occasional,5,4,15,4,1,1,45,Female,Black,Widowed,Other,3.4
13977,Finance,Operations,0.08,4678.3,33.9,,3,2,24,5,1,0,19,Male,Mixed,Married,,9.4
13978,HR,Finance,7.76,5817.1,14.3,Frequent,5,5,0,1,1,0,30,Male,Asian,Single,,23.1
13979,Developer,HR,5.73,1500.0,7.5,,5,1,20,3,1,0,52,Male,Other,Single,Mental,8.2
13980,Finance,Technology,2.23,5534.65,3.6,Occasional,4,1,19,3,0,0,48,Male,Black,Widowed,,27.5
13981,Manager,Finance,0.78,4066.48,7.2,,5,2,55,5,1,0,60,Female,Black,Married,,17.4
13982,Consultant,Consulting,0.39,4522.06,3.0,Frequent,2,5,4,3,0,1,31,Other,Mixed,Divorced,Physical,7.8
13983,HR,Operations,1.35,3005.92,5.1,Occasional,5,1,59,3,0,0,32,Other,Mixed,Single,Mental,6.9
13984,Developer,Consulting,0.88,3093.85,20.2,Frequent,3,3,56,5,1,0,22,Female,Mixed,Widowed,Physical,11.7
13985,Manager,Technology,2.12,4586.62,3.3,Occasional,5,5,16,2,1,0,56,Other,White,Married,Mental,32.2
13986,Operations,Technology,10.18,6861.52,22.2,,1,4,39,5,0,1,51,Female,Black,Married,,41.1
13987,Operations,Consulting,2.57,5203.98,10.6,Frequent,4,4,37,5,1,1,55,Female,White,Widowed,,9.8
13988,Manager,Technology,6.62,5518.63,17.8,Occasional,3,4,0,1,0,0,60,Other,White,Married,,14.4
13989,Manager,Finance,3.16,3769.6,18.2,Occasional,2,3,12,3,0,0,19,Male,White,Single,,11.2
13990,Manager,Technology,1.93,3279.75,44.8,Occasional,5,5,17,3,0,1,62,Male,Black,Widowed,,43.1
13991,Finance,Operations,5.78,3063.03,18.7,Occasional,5,2,3,2,0,0,50,Other,Other,Widowed,Mental,25.7
13992,Manager,Finance,1.91,3414.07,5.3,,2,2,46,5,0,0,44,Male,Asian,Married,,31.1
13993,HR,HR,6.09,1536.66,7.8,,5,5,13,4,0,0,20,Other,Black,Widowed,,25.7
13994,Developer,Technology,1.03,3130.1,18.1,Occasional,1,3,47,2,0,0,19,Other,Black,Widowed,,21.9
13995,Finance,Technology,0.41,3327.58,13.8,,3,5,4,2,1,0,45,Other,Mixed,Married,,18.6
13996,Manager,Operations,5.8,3789.57,18.8,,5,2,32,3,0,1,47,Male,Asian,Widowed,,14.5
13997,Analyst,Operations,2.66,4158.1,22.5,Occasional,2,5,25,3,0,1,58,Female,Mixed,Single,,6.4
13998,Analyst,Consulting,6.6,4434.94,8.1,,2,4,54,3,0,0,40,Female,Other,Widowed,Mental,20.5
13999,Developer,Consulting,8.33,3982.09,22.9,Frequent,3,5,3,3,1,0,50,Male,White,Married,,13.0
14000,Operations,Consulting,0.17,3302.27,24.8,Frequent,1,1,29,2,1,0,31,Male,Mixed,Widowed,,10.6
14001,Consultant,Operations,2.09,1643.97,19.0,,3,5,16,5,1,0,31,Female,Other,Single,,19.9
14002,Consultant,Consulting,1.41,3309.63,53.9,Occasional,5,2,27,3,0,0,30,Female,Asian,Divorced,Other,15.8
14003,Operations,Consulting,2.95,2833.06,3.7,Frequent,1,2,5,1,0,0,21,Female,White,Single,,24.8
14004,Finance,HR,4.73,4559.28,49.5,,1,2,56,2,0,1,36,Female,Other,Widowed,,21.2
14005,Finance,Consulting,0.99,5091.14,12.8,,2,4,56,4,0,0,41,Other,Mixed,Single,,24.5
14006,Finance,Technology,2.44,5126.29,9.1,Occasional,1,2,26,4,0,1,53,Other,Other,Divorced,,15.1
14007,Consultant,Operations,3.7,4908.34,23.5,Occasional,5,1,35,5,0,0,23,Female,Other,Married,,3.7
14008,Analyst,Finance,0.43,3839.77,10.6,,5,5,6,2,0,1,29,Other,White,Married,Mental,32.6
14009,Consultant,HR,5.05,3373.65,31.9,Occasional,5,3,57,2,1,1,26,Female,Black,Married,,22.4
14010,HR,Operations,2.8,3103.48,12.5,Frequent,4,2,0,2,1,0,30,Male,Other,Single,,29.3
14011,Manager,Operations,8.96,2191.0,34.9,Frequent,1,5,9,1,0,1,41,Other,White,Divorced,,7.1
14012,Finance,Technology,1.24,5190.22,6.9,,1,4,12,1,0,1,63,Other,White,Divorced,,13.8
14013,Analyst,Consulting,0.34,3790.35,21.1,,5,5,40,3,1,1,32,Male,Asian,Married,,9.1
14014,Developer,Technology,2.12,2504.39,8.6,Occasional,2,2,31,4,0,0,63,Female,Asian,Married,,20.9
14015,Developer,Consulting,0.27,3008.21,21.7,Frequent,1,2,13,1,1,1,47,Other,Black,Married,,11.2
14016,Manager,Consulting,10.47,2959.63,4.5,Occasional,4,2,32,4,0,0,49,Other,Mixed,Widowed,,25.9
14017,Analyst,Operations,0.12,4051.63,4.9,,1,1,29,2,0,1,49,Other,Other,Widowed,,18.7
14018,Consultant,Consulting,4.2,5280.96,12.4,,3,5,8,1,0,0,51,Female,Other,Divorced,Mental,18.2
14019,Consultant,HR,2.23,3582.41,36.0,,4,3,5,4,1,1,52,Other,White,Married,,21.0
14020,HR,HR,1.38,1500.0,3.9,,2,1,9,1,1,1,35,Male,White,Divorced,,17.0
14021,HR,HR,0.2,3772.98,40.5,,4,3,10,2,0,0,36,Other,White,Single,,3.0
14022,Consultant,Operations,2.92,3812.57,21.7,,4,2,38,2,1,1,32,Male,Asian,Widowed,,3.7
14023,Developer,Technology,2.64,3730.1,34.1,Occasional,1,3,19,2,0,1,39,Male,White,Married,,19.8
14024,Finance,Finance,0.99,3247.05,17.2,Occasional,4,3,24,3,0,0,42,Female,Black,Single,,5.8
14025,Developer,Consulting,7.23,4260.93,19.1,Occasional,5,1,59,4,1,1,41,Female,White,Divorced,,28.3
14026,HR,Finance,1.09,4079.37,14.1,Frequent,4,1,53,3,0,0,23,Other,Mixed,Single,Physical,19.5
14027,Manager,Technology,1.79,3970.2,12.9,Occasional,1,5,11,5,1,0,53,Male,White,Widowed,,10.2
14028,Consultant,Technology,2.35,4495.17,27.9,,5,3,21,5,1,0,27,Male,Other,Single,Other,1.4
14029,HR,Operations,0.32,3484.2,6.9,Occasional,2,1,11,1,0,0,29,Female,Other,Married,,14.2
14030,HR,HR,8.07,3416.1,17.0,Occasional,3,5,13,1,1,1,22,Other,White,Married,,5.4
14031,Finance,HR,1.41,5656.15,3.8,Frequent,4,3,41,1,0,1,37,Other,Other,Widowed,,11.6
14032,Consultant,Technology,0.25,4671.23,5.2,,5,3,47,3,0,1,54,Male,White,Divorced,,12.2
14033,Finance,Operations,1.47,4992.34,15.7,Frequent,5,2,53,2,0,0,35,Other,White,Divorced,Mental,14.1
14034,Consultant,Operations,2.75,5471.33,9.9,Frequent,2,1,35,1,1,1,64,Other,Asian,Divorced,,16.2
14035,Finance,Consulting,2.16,4631.13,14.4,Frequent,2,4,54,1,0,0,57,Male,Asian,Divorced,Physical,9.9
14036,Developer,HR,3.56,5114.07,7.9,Occasional,3,1,13,5,1,0,50,Female,Other,Single,,12.7
14037,Manager,Technology,0.17,2104.79,25.8,,3,2,1,2,1,0,58,Other,Other,Divorced,,11.7
14038,Manager,Finance,1.0,4244.98,5.5,,1,5,1,3,0,0,29,Female,Black,Widowed,,28.5
14039,Consultant,HR,5.13,3780.74,50.6,Frequent,3,1,42,2,0,0,50,Other,Black,Single,,35.4
14040,Analyst,Consulting,0.25,6013.22,39.2,,3,3,42,5,1,0,22,Female,White,Divorced,,16.4
14041,Operations,Operations,5.8,5113.17,23.6,,5,4,5,3,1,1,26,Other,Black,Married,,18.7
14042,HR,Technology,0.29,3243.47,4.8,Frequent,4,5,24,4,0,0,50,Other,Mixed,Divorced,,17.5
14043,HR,HR,5.4,4447.35,14.4,Occasional,4,1,2,1,0,0,47,Other,Asian,Single,,6.7
14044,Consultant,Finance,1.34,4201.22,24.6,Frequent,3,5,22,3,1,1,63,Other,Other,Single,,16.4
14045,Finance,Consulting,2.84,4545.2,32.8,Frequent,1,3,8,5,0,1,34,Other,Black,Single,,17.3
14046,Analyst,Consulting,0.5,2777.39,32.7,Occasional,1,4,30,2,0,1,52,Male,Mixed,Widowed,,24.2
14047,Developer,HR,0.21,4432.02,28.4,Occasional,4,3,27,3,1,1,33,Other,Black,Single,,21.6
14048,Finance,Finance,0.73,3726.22,2.0,Occasional,2,4,24,5,1,1,57,Male,Other,Widowed,,20.1
14049,Finance,Consulting,0.41,4338.94,7.2,Occasional,5,5,34,3,0,0,36,Other,Black,Widowed,,19.2
14050,Consultant,Technology,1.12,3130.74,28.9,Frequent,3,1,0,1,1,0,64,Female,Asian,Widowed,Physical,22.3
14051,Consultant,Consulting,2.17,3297.92,10.5,Occasional,5,4,1,2,0,0,19,Female,Black,Single,,7.0
14052,HR,Finance,2.67,5408.61,20.9,,3,3,14,2,1,1,23,Female,Mixed,Widowed,,14.6
14053,Consultant,Operations,4.68,2738.14,52.8,Frequent,3,4,42,3,0,1,59,Male,Black,Single,,20.2
14054,Consultant,Operations,3.2,2826.69,10.1,Frequent,4,5,39,5,1,0,62,Male,Other,Single,,18.9
14055,Consultant,HR,2.82,3938.1,34.4,Occasional,5,5,15,1,0,1,64,Female,Black,Divorced,Other,27.6
14056,HR,Finance,1.59,3073.73,21.7,Occasional,5,5,22,1,1,0,28,Male,Mixed,Divorced,,15.7
14057,Developer,Consulting,1.93,2937.97,68.7,,2,1,48,3,1,1,26,Female,Black,Widowed,,3.0
14058,Developer,Consulting,1.61,4126.09,21.7,Occasional,2,5,34,4,1,0,44,Other,White,Divorced,,10.1
14059,Operations,Operations,5.54,2193.92,10.6,Frequent,5,1,7,3,0,0,31,Other,Other,Married,,18.0
14060,Operations,Operations,0.78,2790.45,17.0,Occasional,2,2,6,1,1,1,52,Other,White,Single,,11.1
14061,Consultant,Technology,0.02,6464.91,6.8,,2,4,20,2,0,0,37,Other,White,Divorced,,25.1
14062,Operations,Operations,3.16,4551.37,27.6,Frequent,3,3,34,3,0,0,49,Male,Other,Married,,15.2
14063,HR,Technology,0.68,3104.12,12.2,Frequent,4,1,38,3,0,1,25,Female,Other,Married,,6.1
14064,Developer,Consulting,6.62,4501.86,17.0,Occasional,3,1,36,2,0,1,28,Male,Mixed,Widowed,,26.7
14065,Finance,Technology,5.88,4680.8,36.3,,2,3,32,3,0,0,19,Female,Mixed,Single,,20.0
14066,Developer,Technology,0.24,5193.3,6.1,,3,4,36,5,1,0,22,Other,Mixed,Married,,21.1
14067,Developer,HR,0.34,3847.41,32.9,Occasional,3,5,34,2,1,1,47,Female,White,Divorced,,12.2
14068,HR,Operations,2.05,5171.8,4.3,Frequent,1,4,17,2,0,1,61,Male,Black,Single,,25.8
14069,Operations,Technology,2.82,1553.86,15.4,Frequent,3,1,18,2,0,0,58,Female,Asian,Divorced,,15.8
14070,Finance,Consulting,0.96,2732.43,23.7,Frequent,3,5,9,1,0,0,28,Other,Black,Divorced,,13.9
14071,HR,Finance,3.78,4196.65,28.9,Occasional,4,2,3,3,1,0,33,Male,Asian,Married,Mental,10.2
14072,Consultant,Technology,2.71,4395.56,6.6,Frequent,5,3,29,4,0,0,42,Male,Asian,Widowed,,9.6
14073,Manager,Operations,1.18,2905.86,53.3,Frequent,1,4,44,3,0,1,59,Female,Asian,Single,Physical,16.1
14074,Developer,HR,0.08,4311.3,24.0,Occasional,1,5,32,3,0,0,42,Other,Asian,Widowed,,9.5
14075,Manager,Consulting,4.16,3251.39,29.2,Frequent,1,3,3,1,0,0,28,Female,Other,Married,,15.2
14076,HR,HR,0.73,3667.65,24.1,Occasional,1,4,8,5,0,0,18,Male,Mixed,Widowed,Mental,6.3
14077,HR,Finance,5.4,5229.73,6.9,,4,1,16,5,0,1,50,Female,Other,Married,,7.6
14078,HR,Technology,1.64,5090.72,9.3,,5,1,42,1,1,0,18,Female,White,Divorced,,7.4
14079,Manager,Technology,2.58,2803.53,39.5,Occasional,4,1,38,1,1,0,64,Other,Other,Divorced,,13.1
14080,HR,Operations,6.19,2731.3,40.4,Occasional,1,2,23,1,1,0,26,Female,Mixed,Married,Other,14.8
14081,Consultant,Technology,5.98,3506.59,2.5,Occasional,5,1,56,3,0,1,44,Other,Black,Divorced,,11.8
14082,HR,Consulting,1.39,3967.9,27.4,Frequent,4,1,38,1,0,0,55,Female,Mixed,Married,,28.2
14083,Analyst,Finance,0.7,3210.52,15.2,Frequent,5,1,12,4,0,0,36,Other,Black,Single,Other,14.6
14084,Operations,HR,4.48,5248.77,22.9,Occasional,4,5,56,2,0,0,57,Male,White,Divorced,,17.8
14085,Manager,Finance,1.7,4416.87,19.3,Occasional,5,3,25,5,0,0,34,Other,Asian,Divorced,Mental,4.8
14086,Analyst,Technology,0.64,4487.3,19.1,Frequent,4,2,18,4,0,1,29,Other,Other,Married,,11.1
14087,HR,HR,7.04,2480.15,8.3,Frequent,1,4,16,5,1,0,19,Female,Asian,Married,,12.5
14088,Consultant,Operations,0.66,5400.75,33.5,Occasional,1,2,49,3,0,1,25,Female,White,Divorced,,3.8
14089,Developer,Finance,0.08,1500.0,10.6,Frequent,1,3,29,3,0,0,50,Male,White,Single,,9.6
14090,Finance,HR,0.06,5000.87,15.0,Frequent,4,1,25,1,0,1,30,Other,Black,Divorced,,16.4
14091,Operations,HR,2.92,5121.17,8.4,,5,1,12,5,0,0,60,Male,Black,Married,,9.6
14092,Finance,HR,3.25,3481.12,17.0,Occasional,5,4,48,3,1,0,38,Female,White,Single,Mental,11.8
14093,HR,Consulting,1.12,5527.49,5.6,Occasional,2,2,17,3,0,0,36,Other,Mixed,Single,,5.9
14094,Operations,Finance,1.16,3924.28,11.0,Frequent,3,2,56,5,1,1,51,Male,Asian,Single,,8.5
14095,Operations,HR,1.24,4074.92,33.3,,1,4,20,3,0,1,47,Female,Other,Widowed,,10.2
14096,Consultant,Finance,3.42,4407.43,6.5,Occasional,1,2,51,1,0,1,37,Female,White,Widowed,,11.0
14097,Operations,HR,0.18,7823.89,27.2,Occasional,1,2,33,3,0,1,35,Male,Other,Married,,6.5
14098,Manager,Operations,7.94,5613.32,5.1,Frequent,2,2,50,4,0,1,38,Other,White,Divorced,,16.2
14099,Analyst,Operations,0.76,4841.36,10.0,Occasional,2,4,46,4,1,0,53,Male,Black,Divorced,,10.2
14100,Analyst,Operations,24.08,2904.63,10.1,Frequent,2,4,8,1,1,0,24,Female,Black,Widowed,Physical,7.2
14101,Analyst,Technology,0.56,4172.31,31.3,,1,3,29,4,0,0,22,Other,White,Single,,3.0
14102,Manager,HR,4.43,3024.25,40.6,,5,2,28,3,1,0,26,Other,Other,Widowed,,12.5
14103,Finance,Technology,0.76,4986.53,13.0,Occasional,1,3,28,4,0,1,62,Male,Asian,Divorced,,3.3
14104,Consultant,Finance,0.25,4168.56,5.6,Frequent,2,5,45,4,1,0,35,Female,White,Married,,44.1
14105,Operations,Technology,6.24,2650.57,11.4,,2,5,18,3,1,0,64,Male,White,Divorced,,17.3
14106,Manager,Finance,5.87,4097.35,12.2,Occasional,3,2,7,5,0,0,18,Male,Mixed,Widowed,,13.5
14107,Analyst,Finance,1.55,2980.7,11.1,Occasional,4,1,43,1,1,0,53,Female,White,Married,,12.4
14108,HR,Finance,3.64,4181.46,15.2,Occasional,3,5,16,5,1,0,62,Other,Black,Single,,26.4
14109,Developer,Technology,2.44,2969.11,8.4,Frequent,3,1,11,5,1,0,31,Other,Mixed,Single,,8.5
14110,Operations,HR,5.75,4032.99,5.9,Frequent,1,3,14,4,1,0,25,Male,Mixed,Married,,22.9
14111,Manager,Technology,1.14,4900.56,2.8,,4,2,4,2,0,0,54,Other,Black,Single,,9.9
14112,Manager,HR,2.22,3936.34,30.3,Frequent,4,3,33,5,1,1,37,Female,Black,Divorced,Mental,12.1
14113,Consultant,HR,1.99,3530.93,19.2,Frequent,1,3,51,3,1,1,48,Other,Black,Divorced,,22.1
14114,Consultant,Finance,1.31,4243.93,25.4,Occasional,5,4,49,3,0,1,24,Female,Other,Divorced,,14.6
14115,Manager,Technology,6.66,4836.62,23.1,Occasional,1,2,2,3,1,1,58,Other,Mixed,Married,,14.7
14116,Analyst,HR,0.54,2671.38,16.0,,5,4,4,2,1,0,55,Male,Asian,Widowed,,13.1
14117,Developer,Operations,0.49,4312.79,15.2,Occasional,5,3,33,2,1,1,61,Female,Asian,Divorced,,26.7
14118,Operations,HR,2.58,5581.05,52.5,Occasional,4,1,8,1,1,1,60,Female,Other,Single,Other,33.8
14119,Consultant,Operations,3.21,4688.39,11.2,Occasional,1,2,23,2,0,1,32,Female,Asian,Divorced,,15.4
14120,Operations,Technology,0.65,4069.3,17.3,Frequent,1,2,4,1,1,1,52,Other,Mixed,Divorced,,28.8
14121,Analyst,Technology,1.49,4767.69,12.1,Occasional,4,5,26,3,1,0,34,Male,Black,Married,,15.9
14122,Operations,Technology,8.79,4543.0,7.3,,3,1,48,2,0,1,44,Other,Mixed,Single,,10.7
14123,HR,HR,0.85,4904.32,67.6,,1,1,52,4,0,1,38,Male,Other,Divorced,Mental,9.6
14124,Consultant,Consulting,3.31,1571.28,24.6,Occasional,2,3,19,4,1,0,57,Female,Other,Single,,16.8
14125,Analyst,HR,4.04,2135.85,9.8,Occasional,2,3,46,4,0,0,61,Other,White,Married,,23.1
14126,Analyst,HR,1.78,5205.79,8.1,,1,3,44,2,1,0,62,Female,Other,Widowed,,6.1
14127,Developer,Finance,8.32,2193.66,27.1,Frequent,5,5,40,2,1,0,43,Other,Other,Married,,10.4
14128,Developer,Finance,4.0,4481.85,35.1,Occasional,4,1,1,2,0,1,61,Male,Mixed,Divorced,,6.8
14129,HR,HR,1.84,3577.54,6.4,,5,4,22,4,0,0,22,Male,Mixed,Divorced,,31.6
14130,Analyst,Operations,2.53,2804.57,14.7,Frequent,2,1,33,3,0,0,50,Female,Other,Single,,10.1
14131,Finance,Finance,3.54,4419.58,17.2,,2,4,28,5,0,1,22,Male,Mixed,Divorced,,20.5
14132,Analyst,HR,2.69,4241.24,17.3,Frequent,4,2,42,3,0,0,45,Other,Mixed,Married,,15.9
14133,Developer,Consulting,6.33,6532.41,19.9,,2,4,59,2,0,1,38,Other,Other,Married,,11.9
14134,Finance,Operations,1.32,3250.23,13.6,,3,2,34,5,1,1,25,Female,Black,Married,,29.8
14135,Consultant,Technology,1.07,5728.13,15.6,Frequent,2,3,29,5,1,0,19,Female,Other,Married,Physical,15.4
14136,Consultant,HR,0.72,4422.91,16.3,Occasional,5,1,2,3,0,1,54,Female,Asian,Married,,15.2
14137,Operations,HR,0.12,3206.77,6.1,,5,3,9,4,1,1,31,Female,Mixed,Divorced,,5.3
14138,Manager,Operations,0.13,4959.1,51.7,Occasional,3,1,55,1,0,1,51,Other,White,Single,,10.6
14139,Developer,Finance,6.12,4678.89,28.2,,5,4,33,4,1,0,61,Female,Other,Divorced,,7.3
14140,Manager,Finance,3.4,4043.01,33.8,Frequent,5,1,0,4,0,1,63,Male,Black,Divorced,,13.0
14141,Finance,Finance,3.24,4319.55,20.5,Occasional,5,4,5,5,0,0,54,Male,Black,Single,Mental,9.8
14142,Developer,Technology,2.86,3283.62,69.0,Frequent,1,1,5,2,0,1,38,Male,Mixed,Widowed,,5.2
14143,HR,Operations,5.68,3009.06,0.9,Frequent,3,2,42,2,0,1,44,Male,Other,Divorced,,14.1
14144,Analyst,Operations,1.96,4911.33,17.7,Occasional,3,4,15,5,0,0,35,Female,Other,Single,,16.1
14145,HR,Finance,6.13,3731.27,7.9,Occasional,2,3,0,4,0,0,22,Other,Asian,Married,,7.4
14146,Finance,Finance,1.34,3903.9,18.8,Occasional,3,3,4,3,0,1,51,Male,Other,Married,,10.9
14147,Developer,Consulting,7.84,4335.79,44.9,Frequent,4,3,24,1,0,1,35,Male,Asian,Married,,2.0
14148,Finance,Consulting,3.6,4318.35,26.7,Frequent,3,3,57,4,0,0,52,Male,Black,Married,Mental,29.0
14149,Analyst,HR,0.89,2284.81,16.4,Frequent,4,2,26,4,0,0,43,Male,Other,Married,,11.5
14150,Consultant,HR,2.49,5543.5,48.1,Occasional,5,2,41,1,1,1,46,Female,Mixed,Single,,10.2
14151,Consultant,Operations,2.28,4145.42,31.7,,4,5,52,3,0,0,58,Male,Asian,Divorced,,6.0
14152,Finance,Operations,0.45,3756.82,24.7,Occasional,1,5,59,1,0,0,45,Male,Asian,Single,,17.7
14153,Manager,Technology,2.68,4517.02,24.3,,5,5,54,5,0,0,23,Male,Mixed,Widowed,,14.0
14154,Developer,Technology,1.13,4283.85,30.4,Frequent,4,5,37,1,0,1,43,Other,White,Single,,11.7
14155,Developer,Consulting,0.16,4920.48,10.5,,5,1,42,1,0,0,35,Other,Mixed,Single,,16.8
14156,Consultant,HR,8.91,4645.58,9.5,Occasional,1,4,25,4,0,0,47,Male,Asian,Single,,25.6
14157,Operations,Consulting,3.08,4861.42,7.2,Occasional,5,3,15,4,0,0,50,Other,Mixed,Single,,14.9
14158,HR,Consulting,6.28,5621.19,10.9,Occasional,5,1,51,2,1,1,49,Male,Asian,Widowed,Mental,13.8
14159,Operations,HR,3.38,5060.35,46.1,,3,2,44,1,1,1,43,Male,White,Married,,18.6
14160,Analyst,Technology,1.32,3807.42,14.7,Occasional,2,3,43,5,0,0,39,Male,Other,Widowed,,13.7
14161,HR,HR,2.16,2652.52,46.7,,4,4,49,2,0,1,51,Male,Black,Divorced,,7.3
14162,HR,Finance,3.38,6001.36,10.3,Frequent,2,4,25,1,0,0,29,Female,White,Married,,8.4
14163,Finance,Finance,9.68,3714.73,36.1,,1,2,44,4,0,1,39,Male,Other,Single,,15.4
14164,Consultant,Finance,0.88,3432.27,40.7,Frequent,1,3,36,5,0,1,38,Other,Mixed,Divorced,,11.0
14165,Operations,Operations,6.24,1915.93,19.1,,5,5,27,3,1,1,41,Female,Asian,Single,,30.7
14166,Operations,Technology,7.73,4406.17,14.5,Frequent,2,3,27,2,0,1,42,Other,White,Widowed,,29.5
14167,Consultant,Technology,3.33,4178.66,8.9,Occasional,4,3,29,4,0,1,19,Female,Mixed,Married,,7.3
14168,Operations,Operations,8.03,2181.86,33.1,,4,4,57,3,1,0,18,Male,Other,Widowed,Other,9.0
14169,Consultant,Consulting,1.52,4543.93,14.1,Frequent,5,2,12,1,1,0,27,Male,Black,Married,Mental,8.7
14170,Finance,Finance,9.17,3402.17,12.8,Occasional,4,3,24,5,0,0,51,Male,White,Single,,11.7
14171,Manager,Finance,3.64,7228.38,22.2,Occasional,3,1,44,4,0,0,22,Male,Black,Divorced,,11.5
14172,HR,Consulting,0.13,3316.77,26.8,Frequent,2,1,50,4,1,1,34,Female,Mixed,Single,,12.9
14173,Finance,HR,7.12,3477.77,8.5,Frequent,1,2,18,5,1,1,18,Other,Other,Divorced,,6.4
14174,Developer,HR,1.99,2950.27,22.1,,4,5,12,4,0,0,31,Male,White,Widowed,,16.5
14175,Analyst,Technology,1.85,5533.45,40.9,Frequent,4,3,59,4,1,0,38,Male,Other,Widowed,,20.5
14176,Manager,Operations,2.51,3552.67,7.1,Frequent,4,3,10,1,1,1,23,Male,Asian,Widowed,,32.9
14177,Developer,Technology,0.49,3130.1,33.6,Occasional,5,4,47,2,1,1,28,Male,Other,Single,,2.8
14178,HR,HR,1.9,4848.35,33.4,Frequent,1,3,22,3,0,0,56,Other,Other,Divorced,,12.3
14179,Operations,Consulting,5.34,2343.58,35.4,Frequent,2,5,13,5,0,0,37,Female,Other,Single,,12.0
14180,Consultant,Technology,0.05,4750.13,27.6,Frequent,4,3,9,3,0,0,37,Male,White,Widowed,,9.8
14181,HR,Finance,0.96,6137.68,26.6,Occasional,3,3,33,5,0,0,38,Male,White,Married,,34.8
14182,Finance,Finance,0.01,4679.93,32.9,Occasional,5,4,39,5,1,0,41,Other,White,Single,,11.4
14183,Analyst,Consulting,1.61,4765.48,22.1,Occasional,2,1,22,4,1,0,58,Other,Black,Divorced,Mental,22.4
14184,Finance,HR,3.91,5044.07,12.0,Occasional,4,1,39,1,0,0,43,Other,Mixed,Divorced,,5.7
14185,Manager,Finance,4.81,6051.65,11.8,,2,5,57,5,0,0,20,Female,Mixed,Widowed,,9.6
14186,Manager,Finance,8.71,5451.87,16.0,Occasional,5,2,53,3,0,0,55,Male,Other,Widowed,,21.9
14187,Analyst,Operations,2.81,4527.6,28.9,Occasional,3,2,20,2,1,1,58,Other,Black,Married,Other,19.2
14188,Developer,Technology,0.88,5084.67,16.3,,4,4,58,3,1,0,55,Female,Mixed,Divorced,,10.7
14189,Developer,HR,7.74,2936.88,14.4,,3,3,19,1,0,0,45,Female,White,Divorced,,13.2
14190,Manager,Technology,4.48,4931.55,35.2,,5,4,31,2,1,0,27,Other,Asian,Widowed,Mental,17.6
14191,Manager,HR,2.56,2793.33,19.5,Frequent,3,1,13,4,1,1,41,Male,Asian,Divorced,,16.1
14192,Operations,Finance,3.57,3559.57,5.3,Occasional,5,5,23,3,1,0,57,Other,Mixed,Married,,4.5
14193,Consultant,Operations,7.74,1500.0,7.2,Frequent,3,2,45,3,0,0,24,Other,Black,Single,,10.0
14194,Operations,Technology,3.74,4481.72,6.5,,2,3,17,5,1,0,40,Other,Mixed,Married,,7.0
14195,Operations,Finance,1.38,3227.35,16.7,,2,2,46,5,1,1,40,Female,White,Married,,7.9
14196,Developer,HR,3.75,5333.37,7.5,,5,1,53,2,0,1,41,Female,Black,Single,,6.0
14197,Analyst,Technology,0.12,4468.23,14.5,,2,3,29,4,0,1,48,Female,Asian,Divorced,,39.8
14198,Developer,Technology,1.47,5348.92,11.2,Frequent,3,1,27,5,1,1,64,Female,Other,Single,,8.5
14199,Consultant,Finance,1.56,2699.68,4.3,,3,2,47,3,0,0,39,Other,White,Married,,3.4
14200,Finance,Technology,0.55,5246.06,7.1,Occasional,4,2,13,2,0,1,44,Male,Black,Single,,17.0
14201,Manager,Operations,0.07,6527.03,47.9,Occasional,5,1,41,5,0,0,55,Female,Other,Married,Mental,24.8
14202,Manager,Operations,0.43,4916.99,13.1,Occasional,2,3,53,5,0,1,22,Other,White,Single,,31.5
14203,Consultant,Finance,3.19,4948.42,12.4,Frequent,5,1,20,1,0,1,35,Female,Asian,Married,,4.6
14204,Operations,HR,4.86,4203.52,11.9,,2,3,33,2,0,0,25,Male,Black,Widowed,Physical,9.6
14205,Analyst,Finance,13.32,3370.4,20.4,Frequent,4,4,4,2,1,0,52,Other,Mixed,Divorced,,24.6
14206,Manager,Operations,1.28,4913.43,17.0,Occasional,3,4,30,4,1,0,34,Male,Black,Single,,14.4
14207,HR,Consulting,2.74,2192.7,55.1,,3,3,2,5,0,1,29,Other,Black,Single,,20.6
14208,Operations,Consulting,8.3,3498.69,36.7,Frequent,1,1,22,2,1,0,56,Female,White,Single,,8.8
14209,Manager,Technology,0.55,1874.73,54.0,,5,3,38,4,1,0,39,Female,Mixed,Widowed,,25.6
14210,HR,Technology,3.79,3155.61,28.5,,2,2,55,5,1,0,23,Female,Asian,Divorced,Mental,21.3
14211,Consultant,Consulting,4.22,4770.45,26.1,Frequent,1,1,58,3,1,1,47,Female,Other,Single,,3.5
14212,Consultant,Operations,0.28,4606.47,6.8,Occasional,5,3,43,1,1,1,19,Male,Asian,Single,,7.8
14213,Operations,Technology,5.93,4061.1,5.2,Frequent,2,2,29,4,1,0,22,Other,Mixed,Widowed,,9.7
14214,Manager,Finance,5.03,4204.48,4.6,Frequent,4,5,41,1,0,0,19,Female,Other,Single,,6.3
14215,Developer,Finance,0.1,1736.96,15.1,Occasional,5,2,42,3,0,0,52,Female,Black,Widowed,,2.6
14216,HR,Operations,0.29,3552.93,32.0,Frequent,2,3,29,2,0,1,22,Male,Other,Married,,23.9
14217,Analyst,Technology,0.15,3182.38,10.1,,3,1,56,5,0,0,48,Male,Black,Widowed,,5.9
14218,Manager,Finance,1.22,3209.13,8.2,Occasional,5,1,48,2,0,0,34,Female,Mixed,Married,,7.1
14219,Analyst,Technology,2.14,4719.49,30.2,Frequent,2,4,35,1,1,1,44,Male,Asian,Widowed,Other,4.3
14220,Manager,Technology,2.28,2967.39,8.3,,3,3,37,2,1,0,48,Male,White,Single,,10.3
14221,Developer,Finance,0.93,3274.38,46.1,Occasional,3,2,6,2,0,1,27,Female,Other,Divorced,,2.6
14222,Developer,Consulting,7.28,1500.0,7.4,Frequent,1,2,58,4,0,0,29,Female,White,Married,,9.8
14223,Operations,Finance,1.38,3647.05,31.9,Occasional,2,3,4,4,0,1,35,Female,White,Divorced,,10.1
14224,Operations,Operations,0.14,2694.59,20.8,,1,2,5,3,1,0,30,Female,Other,Divorced,,19.2
14225,Developer,HR,1.07,4095.04,1.6,,1,5,48,4,1,1,25,Other,White,Divorced,,15.9
14226,Finance,Finance,2.27,2858.67,9.0,Occasional,4,4,13,4,0,0,52,Other,White,Widowed,Other,19.4
14227,Developer,Technology,1.57,4125.45,33.1,,1,1,10,4,0,1,61,Other,White,Single,,8.1
14228,Consultant,Technology,0.96,3826.38,4.5,,1,2,36,4,1,1,21,Male,Asian,Divorced,,20.7
14229,Consultant,Finance,0.42,6006.45,12.5,Occasional,4,5,1,3,0,0,63,Male,Black,Divorced,,14.5
14230,Finance,HR,5.13,4596.66,4.7,Occasional,4,3,30,4,0,0,24,Male,Asian,Divorced,,4.1
14231,HR,Finance,16.68,1792.43,15.1,Frequent,5,2,45,4,0,1,38,Other,Asian,Single,,13.6
14232,Analyst,HR,1.2,2482.13,22.4,Frequent,1,3,26,1,0,1,62,Male,Black,Married,,10.3
14233,Manager,HR,1.44,4066.25,18.5,Occasional,3,5,15,4,1,1,61,Other,Black,Married,,14.4
14234,Manager,Operations,2.89,2884.18,19.7,,4,5,1,3,0,0,32,Other,White,Divorced,,23.3
14235,Finance,Technology,3.8,1500.0,18.4,,2,1,48,3,1,0,51,Other,Asian,Married,Other,6.7
14236,Consultant,Technology,1.49,5619.46,14.1,Occasional,5,3,25,2,0,1,39,Other,Other,Widowed,,5.5
14237,Operations,HR,7.06,4864.27,29.5,Occasional,5,4,15,4,0,1,18,Male,Other,Widowed,,4.1
14238,Manager,Technology,2.46,4625.17,4.3,Occasional,1,1,8,5,0,1,23,Female,White,Single,Physical,6.1
14239,Consultant,Consulting,1.8,3271.21,44.5,,3,3,51,2,1,0,18,Male,Asian,Widowed,,8.6
14240,HR,HR,3.12,4513.21,19.0,Frequent,4,3,51,3,1,0,36,Male,White,Single,,29.6
14241,Analyst,Technology,9.16,3154.77,4.9,Frequent,2,5,8,2,1,0,44,Female,Asian,Single,,40.0
14242,HR,Consulting,4.75,4245.83,40.5,,1,5,4,5,0,0,27,Other,White,Married,,3.4
14243,Finance,Operations,0.12,2895.3,14.4,Frequent,3,3,35,1,1,0,31,Male,Black,Divorced,,9.6
14244,Developer,Technology,1.21,5819.55,11.0,Occasional,1,5,6,5,0,0,51,Other,Other,Divorced,Other,7.7
14245,Developer,Consulting,1.91,2115.72,5.0,Occasional,1,3,31,2,0,1,58,Other,White,Divorced,,21.2
14246,Developer,Finance,1.13,5478.74,10.0,,5,3,28,4,0,0,49,Other,Asian,Married,Mental,9.3
14247,HR,Finance,3.61,4046.7,30.5,,2,1,36,1,0,1,20,Male,Other,Divorced,,11.8
14248,Manager,Consulting,5.25,3412.64,7.9,Occasional,2,1,55,5,0,0,63,Female,White,Married,,23.0
14249,Analyst,HR,3.94,4200.4,30.9,Occasional,2,4,2,4,0,1,33,Male,Mixed,Married,Physical,11.5
14250,Developer,HR,13.62,4880.02,12.6,,2,1,29,5,0,0,56,Female,Other,Widowed,,14.4
14251,Finance,Technology,0.95,5640.1,7.0,,4,2,39,3,1,0,50,Female,Mixed,Divorced,,18.7
14252,Finance,Finance,6.24,4375.77,10.5,Occasional,4,2,30,4,1,0,22,Female,Asian,Single,,10.4
14253,Developer,HR,4.37,2931.16,23.5,Occasional,2,5,47,3,0,0,52,Male,Black,Divorced,,15.8
14254,Developer,HR,1.35,4066.76,19.6,Frequent,3,2,26,1,1,1,34,Other,Black,Widowed,,5.2
14255,Analyst,Finance,3.97,6180.15,47.9,Frequent,4,1,5,1,0,1,40,Female,Asian,Widowed,,21.8
14256,Developer,Operations,0.33,5617.21,13.1,Occasional,4,4,28,1,0,0,43,Other,Mixed,Widowed,,28.5
14257,Analyst,HR,4.67,5090.52,31.6,,3,3,8,1,0,0,63,Female,Black,Single,,6.4
14258,Finance,Consulting,2.28,4954.82,15.1,Frequent,2,4,53,3,0,1,24,Male,Black,Widowed,,7.7
14259,Developer,Technology,1.04,4839.34,8.5,Frequent,1,1,19,3,0,1,58,Male,Mixed,Widowed,,5.6
14260,HR,HR,3.2,5390.51,5.9,Occasional,4,1,49,2,1,1,24,Male,White,Single,,17.8
14261,Operations,HR,3.08,3452.05,13.3,,1,1,10,2,0,1,32,Other,Black,Single,,13.8
14262,HR,Operations,0.71,2373.9,16.6,,1,5,18,3,1,1,47,Male,Black,Married,Mental,14.4
14263,Finance,Consulting,0.09,4082.8,39.7,Occasional,3,2,38,1,0,1,37,Male,White,Married,,24.0
14264,Analyst,Technology,1.71,3018.9,47.5,,2,1,9,2,1,0,20,Other,Mixed,Single,,14.6
14265,HR,HR,2.53,2733.98,47.4,Occasional,1,3,4,4,0,1,39,Female,Mixed,Single,,13.3
14266,Analyst,Technology,6.28,3135.67,9.3,,2,2,38,3,0,0,24,Other,White,Widowed,Other,3.7
14267,HR,Finance,7.9,6982.38,7.8,Occasional,5,2,22,4,0,0,48,Female,Black,Single,Other,17.5
14268,HR,HR,2.26,4163.35,10.0,,2,5,5,1,0,0,20,Male,White,Divorced,,17.3
14269,Analyst,HR,4.2,4434.29,14.7,Occasional,3,4,30,3,0,1,60,Female,Asian,Single,Other,11.1
14270,Manager,Finance,1.74,2533.16,3.4,Occasional,3,2,17,2,0,1,63,Male,White,Married,,12.8
14271,HR,Operations,4.11,1787.5,7.3,,5,2,20,2,0,0,34,Male,Other,Widowed,,21.7
14272,Developer,HR,0.69,3017.14,37.8,Occasional,3,1,14,4,0,0,39,Male,Mixed,Single,,17.2
14273,Operations,Technology,1.39,5725.83,20.5,Frequent,2,3,58,3,0,1,54,Other,Black,Widowed,,11.6
14274,Finance,Consulting,3.02,4401.13,10.7,,2,1,30,1,1,1,20,Other,Black,Widowed,,29.2
14275,Manager,Technology,0.05,4718.31,3.8,Occasional,2,3,9,5,1,1,47,Other,Asian,W,,9.7
14276,Analyst,Operations,3.85,4886.28,20.1,,3,2,5,5,0,0,41,Other,Black,Widowed,,18.8
14277,Manager,Consulting,5.42,3290.38,17.3,,2,3,23,1,1,0,50,O,Asian,Divorced,,22.6
14278,Consultant,Technology,1.53,5665.56,7.3,Occasional,4,1,32,2,0,1,60,Male,Asian,Divorced,Physical,14.8
14279,Consultant,Technology,1.78,3240.63,27.3,Frequent,5,1,59,5,1,0,27,Male,Mixed,Single,,15.9
14280,HR,Finance,5.72,5687.48,11.1,,4,4,27,1,0,1,24,Male,Asian,Single,,12.1
14281,HR,Operations,4.48,4530.76,18.7,Frequent,2,5,27,4,0,1,33,Male,Mixed,Divorced,,4.8
14282,Developer,Finance,1.02,1853.15,47.1,Frequent,3,4,9,2,1,0,49,Female,Asian,Widowed,,19.6
14283,Operations,Consulting,1.17,3102.39,26.3,Occasional,5,2,22,1,1,0,19,Other,White,Widowed,,8.8
14284,Finance,Finance,3.41,1858.07,5.1,Occasional,4,3,14,4,1,0,25,Female,Mixed,Widowed,,10.4
14285,Manager,Operations,2.48,5395.94,26.3,,2,1,45,3,0,1,32,Female,Other,Single,Other,26.4
14286,Consultant,HR,0.53,3970.32,9.6,Occasional,3,1,47,5,0,0,20,Female,White,Divorced,,2.1
14287,HR,HR,1.11,1500.0,23.6,,2,1,36,5,0,1,37,Other,Asian,Divorced,,4.5
14288,Finance,Consulting,6.91,4450.9,31.3,,4,1,13,5,1,0,51,Male,Other,Married,Physical,26.4
14289,Manager,HR,3.5,3355.4,18.7,Frequent,4,2,47,1,0,1,64,Male,Mixed,Single,Mental,10.0
14290,HR,Finance,12.8,2219.43,5.5,Occasional,5,5,13,3,1,0,63,Female,Other,Widowed,,7.9
14291,HR,Consulting,4.37,6013.56,2.2,Occasional,3,4,6,1,1,0,58,Male,Other,Married,,9.2
14292,Consultant,Operations,8.54,4128.74,35.9,,1,4,50,1,0,1,21,Other,Asian,Married,Mental,12.5
14293,Consultant,Consulting,0.73,3647.88,43.4,Frequent,2,1,35,3,1,1,40,Male,White,Widowed,Mental,10.2
14294,HR,Consulting,4.43,3520.69,9.2,Occasional,3,1,17,4,0,0,25,Male,Other,Single,,22.2
14295,Analyst,Technology,0.06,2184.06,1.8,Frequent,1,3,59,2,0,1,27,Other,White,Widowed,,2.9
14296,HR,Technology,3.33,2434.54,4.5,Frequent,3,1,53,5,1,0,55,Female,Other,Married,,14.6
14297,Finance,Consulting,1.9,5541.9,11.5,,2,4,52,3,0,1,22,Female,Mixed,Widowed,,13.0
14298,HR,HR,1.28,3431.34,31.2,Occasional,2,3,14,4,0,1,27,Other,Asian,Married,Physical,11.3
14299,Developer,Technology,5.95,4026.48,1.9,Occasional,5,3,48,3,0,0,43,Female,Other,Widowed,,2.8
14300,Operations,Operations,5.78,1546.8,39.0,Occasional,4,1,32,2,1,1,33,Female,Asian,Married,,16.7
14301,Developer,Finance,0.07,2418.29,36.0,Frequent,4,3,55,3,0,0,40,Female,White,Widowed,Physical,7.2
14302,Developer,Technology,2.82,4731.78,38.5,Occasional,4,5,46,3,0,0,34,Female,Other,Divorced,,15.7
14303,Analyst,Consulting,1.38,4453.25,6.8,,5,1,47,4,0,0,45,Other,Mixed,Married,,28.0
14304,Analyst,HR,1.61,6104.05,33.0,Frequent,4,5,55,5,1,0,35,Female,Black,Divorced,,9.0
14305,HR,Finance,5.35,5611.55,17.0,Occasional,3,1,21,5,1,1,58,Female,White,Single,,15.1
14306,Developer,Technology,1.11,3723.15,6.4,Frequent,4,5,42,4,0,1,28,Other,Asian,Divorced,,4.9
14307,Analyst,HR,8.6,4567.54,18.5,Frequent,4,1,40,4,0,1,51,Male,White,Single,,26.8
14308,Consultant,HR,0.59,3620.08,16.6,Frequent,2,4,16,1,0,1,63,Other,Mixed,Widowed,,18.3
14309,HR,HR,3.26,6465.77,4.5,,5,1,25,1,0,0,32,Female,Asian,Single,,30.0
14310,Finance,Consulting,3.35,5378.82,25.5,Occasional,5,4,14,2,0,0,18,Other,Asian,Married,,10.4
14311,Operations,Operations,0.87,4203.62,16.0,Occasional,4,2,39,1,0,1,50,Other,Asian,Single,Other,17.9
14312,Manager,HR,1.18,4240.47,12.2,Frequent,1,2,17,1,0,0,26,Other,Black,Divorced,,21.0
14313,HR,Finance,5.4,5733.82,11.9,Occasional,2,1,7,3,1,1,61,Other,Black,Divorced,Other,51.0
14314,Manager,Technology,4.3,4695.49,21.1,Frequent,4,4,2,3,1,1,34,Male,Asian,Married,,8.6
14315,Developer,Finance,1.2,5870.35,11.2,Frequent,1,4,53,4,0,0,32,Other,Black,Married,Mental,4.2
14316,Operations,Consulting,2.29,1500.0,2.3,Frequent,3,3,54,5,0,0,21,Female,Asian,Married,Mental,15.4
14317,Manager,Consulting,0.19,4553.47,6.1,,2,3,50,2,1,1,54,Male,Mixed,Single,,1.7
14318,Developer,Finance,0.7,3381.48,16.1,Occasional,5,5,13,1,1,0,63,Other,Asian,Single,,4.9
14319,Consultant,Operations,2.0,6107.65,10.6,Frequent,1,3,33,3,0,0,23,Female,Black,Single,,5.5
14320,Manager,Consulting,0.27,5855.68,12.1,Occasional,4,1,32,5,1,1,23,Female,Mixed,Single,,15.0
14321,Operations,Consulting,5.56,4039.4,7.0,,1,3,36,1,1,1,36,Female,Mixed,Married,,6.6
14322,HR,Finance,3.8,5842.76,7.1,,5,3,48,5,0,1,40,Female,Black,Single,,20.2
14323,Developer,Consulting,8.63,6139.74,23.7,Frequent,3,1,0,3,0,1,47,Male,Asian,Divorced,,25.8
14324,HR,Operations,3.55,4089.29,18.3,,1,1,52,4,1,1,18,Female,Black,Divorced,,14.3
14325,Operations,Operations,8.46,6966.32,8.0,,4,5,47,1,0,1,26,Female,White,Married,,17.4
14326,Analyst,Operations,2.43,3962.39,11.8,,1,4,34,1,0,0,39,Female,Black,Married,,8.2
14327,Developer,Technology,2.75,3742.57,28.1,,3,3,9,2,0,1,18,Female,Mixed,Divorced,,8.0
14328,Manager,Operations,11.31,5039.05,5.8,,1,2,18,1,0,0,53,Male,Asian,Widowed,,11.2
14329,Developer,Operations,3.08,3575.45,30.7,,3,4,10,3,0,0,42,Other,Other,Widowed,,14.6
14330,HR,Technology,0.09,4102.41,14.3,Occasional,3,1,54,5,1,1,33,Other,Asian,Single,Physical,5.8
14331,Consultant,HR,3.86,5691.32,11.9,,2,3,34,5,1,0,43,Other,Mixed,Widowed,,14.4
14332,Developer,Consulting,7.08,4023.06,4.8,Occasional,2,5,1,4,0,0,45,Male,Asian,Single,,9.9
14333,Manager,Operations,4.76,1965.98,76.6,Frequent,4,2,2,4,0,1,22,Other,Mixed,Married,,22.1
14334,Analyst,Consulting,2.63,4440.78,22.2,,4,4,14,3,0,0,39,Female,Other,Married,,7.5
14335,Finance,Finance,3.34,3164.45,2.3,,4,3,58,5,0,0,31,Male,Black,Divorced,Mental,16.0
14336,Consultant,Consulting,13.87,5038.33,19.1,Occasional,3,1,51,4,0,0,26,Other,White,Divorced,,23.8
14337,Analyst,Technology,0.29,4835.43,35.6,,3,4,40,4,1,1,31,Other,Asian,Married,,13.7
14338,Developer,Consulting,3.3,5765.68,20.0,Occasional,2,2,46,2,0,0,33,Other,Other,Single,,24.3
14339,HR,Consulting,1.0,5089.04,28.6,Occasional,3,1,27,2,0,1,47,Male,Asian,Divorced,,19.3
14340,Operations,Consulting,3.07,5308.29,10.3,,2,2,1,3,0,0,49,Male,White,Widowed,,7.3
14341,HR,HR,2.81,3197.08,9.1,Frequent,1,3,29,3,0,0,23,Female,White,Widowed,,6.9
14342,Manager,HR,0.5,4964.78,12.8,Frequent,4,4,37,3,0,0,34,Male,White,Single,Mental,13.3
14343,HR,Finance,0.69,6362.14,16.8,Frequent,4,5,4,3,0,0,18,Male,Other,Single,,13.0
14344,Consultant,Technology,2.92,3173.62,10.4,Occasional,5,3,5,5,0,0,35,Female,White,Married,,24.4
14345,HR,Consulting,0.41,6159.69,14.1,Occasional,2,3,4,1,1,0,28,Other,White,Widowed,,22.3
14346,Manager,Consulting,0.92,3340.78,6.1,,5,5,53,3,0,0,28,Other,White,Single,Mental,6.7
14347,Finance,Consulting,5.41,2977.63,3.4,Occasional,4,5,11,2,1,0,45,Male,White,Married,,4.5
14348,Developer,Consulting,1.19,4355.44,8.1,Frequent,5,1,3,1,1,0,29,Female,Other,Married,,32.5
14349,Operations,HR,2.01,4859.09,51.8,,1,2,23,1,0,0,51,Other,Asian,Widowed,Physical,13.4
14350,Developer,Finance,8.5,5094.1,37.6,Frequent,5,3,59,5,1,1,33,Female,Other,Widowed,,17.6
14351,HR,Operations,0.77,2845.89,19.4,,1,1,24,4,1,0,27,Female,Other,Widowed,Physical,10.6
14352,Analyst,Technology,1.48,4521.45,4.1,Frequent,4,1,25,1,0,0,63,Male,White,Single,,9.5
14353,Developer,Consulting,2.8,3177.33,15.0,,3,3,54,5,1,0,56,Other,Black,Divorced,,18.5
14354,Finance,Finance,4.22,2213.29,17.9,Frequent,2,2,45,5,1,0,25,Female,Asian,Single,,19.8
14355,HR,Operations,6.96,2885.52,9.9,Occasional,5,5,45,5,0,0,43,Other,Asian,Married,,7.0
14356,Operations,Finance,7.41,3098.92,39.1,Frequent,1,3,42,3,1,0,59,Other,Black,Single,,2.1
14357,Manager,HR,4.5,4625.91,5.9,,4,2,59,4,0,1,59,Other,Asian,Divorced,,8.8
14358,Finance,Operations,0.78,5382.66,23.8,Frequent,4,5,32,3,1,0,59,Other,White,Single,Mental,12.6
14359,HR,Finance,0.08,2232.15,5.7,Occasional,3,4,20,2,0,1,31,Female,White,Widowed,,15.1
14360,Finance,HR,1.45,4422.35,6.4,,4,3,22,4,0,0,26,Other,White,Single,,18.8
14361,Developer,Finance,0.46,2587.96,15.0,Occasional,4,3,36,3,0,0,36,Female,White,Widowed,Mental,31.9
14362,Operations,Finance,3.72,4754.9,1.6,Frequent,3,2,36,4,1,0,51,Male,Mixed,Widowed,,5.3
14363,Manager,Operations,3.25,3252.72,18.5,,4,1,11,2,0,1,64,Male,White,Married,,19.6
14364,HR,HR,0.13,2738.41,10.9,Frequent,1,1,36,3,0,0,55,Female,Mixed,Single,Mental,15.2
14365,Consultant,Consulting,5.43,4959.6,14.1,,5,2,20,4,0,1,46,Male,Asian,Single,,12.4
14366,Manager,Technology,0.86,3295.69,8.9,Occasional,5,3,12,2,1,1,46,Male,Asian,Single,,12.7
14367,Consultant,Operations,1.7,3620.84,38.4,Occasional,1,3,42,5,0,0,45,Other,Mixed,Divorced,,19.4
14368,Finance,HR,3.31,1500.0,30.0,Occasional,5,3,52,4,1,0,41,Female,Asian,Single,,10.3
14369,Analyst,Finance,1.68,5135.86,23.6,Frequent,4,4,32,2,0,0,45,Female,Other,Single,,32.4
14370,Manager,HR,1.75,4985.09,6.8,,5,1,43,5,0,1,59,Other,Black,Single,,15.3
14371,Finance,Technology,0.2,4006.55,25.7,Occasional,5,4,5,2,1,0,61,Male,Other,Divorced,,23.2
14372,Consultant,Technology,1.54,2166.9,20.3,Frequent,4,3,58,1,1,0,29,Other,Mixed,Single,,4.2
14373,Developer,Consulting,4.34,5451.24,69.8,Frequent,5,1,42,2,1,0,36,Female,Black,Widowed,,13.1
14374,Developer,Consulting,7.4,3200.48,4.0,,4,3,11,3,1,1,23,Other,Mixed,Widowed,,8.5
14375,Analyst,Technology,1.6,3455.98,13.4,Occasional,3,3,37,3,0,1,19,Female,White,Single,,16.4
14376,Manager,Operations,1.65,6774.45,9.0,Frequent,3,2,55,3,0,0,56,Female,Black,Widowed,,7.3
14377,Manager,Operations,3.64,3155.64,20.8,Occasional,5,1,29,3,0,0,48,Male,Mixed,Single,,2.8
14378,Manager,Finance,8.58,4890.65,3.6,,3,3,36,1,1,0,54,Female,White,Divorced,Physical,8.3
14379,Finance,Consulting,0.93,4674.51,27.0,Occasional,5,5,17,1,0,0,46,Male,Asian,Married,,11.2
14380,Operations,Finance,1.74,4468.21,3.5,Occasional,3,5,15,1,0,0,57,Other,Mixed,Widowed,,19.0
14381,Operations,Consulting,4.77,4338.4,21.1,Frequent,5,3,44,5,0,0,29,Male,Black,Married,,8.6
14382,Analyst,Technology,2.82,4451.67,11.9,Frequent,2,2,6,4,1,1,50,Other,Asian,Married,,13.5
14383,Manager,Operations,0.35,4326.33,7.5,,1,3,45,3,0,0,64,Other,Mixed,Single,Mental,5.0
14384,Finance,Operations,2.96,3937.7,5.8,,3,5,0,4,0,1,62,Other,Mixed,Divorced,,13.8
14385,Developer,Technology,0.62,5813.54,9.0,,4,1,52,3,0,0,42,Female,Asian,Married,,20.7
14386,Consultant,Finance,2.14,2424.81,12.2,Frequent,1,2,27,3,1,1,59,Male,White,Widowed,,7.4
14387,Finance,Finance,2.26,5225.75,15.7,,5,3,52,3,0,1,35,Other,Black,Divorced,,34.1
14388,Operations,HR,6.27,4986.81,17.3,,1,5,43,1,1,1,47,Other,White,Widowed,,9.7
14389,Operations,Consulting,1.86,4838.08,13.5,Frequent,4,1,2,5,1,1,35,Male,Black,Widowed,,23.5
14390,Developer,Finance,0.98,5340.38,11.5,,4,5,49,3,1,0,24,Other,Asian,Divorced,,19.8
14391,Developer,Technology,0.79,3888.88,45.9,Frequent,5,2,42,3,0,0,32,Female,White,Widowed,,27.9
14392,Consultant,Finance,6.22,1757.23,25.8,,3,4,51,3,0,0,47,Male,Other,Single,Mental,9.4
14393,Developer,Operations,0.56,3913.25,9.9,Frequent,3,3,38,2,1,0,22,Other,Other,Single,Mental,16.5
14394,Analyst,Consulting,1.66,2810.57,14.6,Occasional,2,1,9,3,0,1,22,Male,Mixed,Divorced,,10.3
14395,Consultant,HR,0.62,3121.77,7.7,Frequent,4,2,50,1,1,0,50,Female,White,Widowed,,16.1
14396,Developer,Consulting,4.45,2509.1,12.3,Frequent,2,2,44,1,1,1,23,Female,Mixed,Married,,10.7
14397,HR,Operations,1.93,3427.19,4.5,Frequent,4,4,13,4,1,0,57,Other,White,Divorced,Mental,26.5
14398,Finance,Operations,1.3,3284.05,16.7,,2,4,14,1,0,0,21,Male,Black,Married,Mental,6.2
14399,Developer,Operations,1.34,1500.0,56.4,Frequent,3,3,5,4,0,1,30,Female,Black,Divorced,,8.7
14400,Analyst,Operations,5.74,4840.27,17.5,Frequent,4,3,38,5,0,0,59,Male,Asian,Married,Mental,27.3
14401,Manager,Technology,2.42,6664.39,17.5,,3,2,44,2,1,0,43,Male,Other,Married,,18.4
14402,Developer,HR,3.8,4727.48,13.5,Occasional,1,3,15,1,0,1,37,Other,Other,Divorced,,10.8
14403,Operations,Operations,6.82,3756.49,5.5,Frequent,3,3,46,3,0,0,49,Female,Asian,Divorced,,45.4
14404,Operations,Operations,6.96,3934.3,48.9,,4,4,17,5,0,0,49,Other,Asian,Divorced,,22.0
14405,Operations,Finance,1.19,3494.82,18.9,Occasional,1,2,34,3,1,1,54,Male,Asian,Divorced,Mental,5.4
14406,Manager,HR,9.14,4108.05,23.6,Frequent,2,5,47,4,0,0,61,Other,Asian,Widowed,,17.9
14407,Operations,Consulting,0.08,3955.59,11.5,Occasional,5,5,24,4,1,0,18,Other,White,Divorced,,3.8
14408,HR,HR,1.42,2990.74,24.1,Frequent,4,1,32,2,1,0,42,Female,Asian,Married,,15.1
14409,Developer,HR,6.78,6019.47,48.7,Frequent,5,4,55,5,0,1,42,Male,Mixed,Married,,18.7
14410,Operations,HR,0.96,2215.41,38.1,Occasional,5,1,32,4,0,0,18,Other,Asian,Widowed,,27.4
14411,Consultant,Operations,0.96,4862.0,0.1,Occasional,1,2,18,3,0,1,20,Male,White,Divorced,,18.9
14412,Manager,Operations,1.08,3878.56,36.5,Occasional,2,5,37,1,0,0,56,Other,Other,Widowed,Mental,7.5
14413,HR,Technology,2.84,6281.0,6.8,Frequent,3,5,10,1,0,1,38,Female,Other,Widowed,,8.6
14414,Consultant,Consulting,1.73,4409.04,7.2,Frequent,1,5,55,5,0,0,60,Other,Other,Widowed,,19.2
14415,Consultant,Finance,3.89,3568.11,6.5,,2,1,38,5,0,1,42,Female,White,Widowed,,20.5
14416,Consultant,HR,6.76,3702.75,21.2,,3,3,2,4,1,0,38,Other,Asian,Widowed,,23.6
14417,Consultant,Consulting,3.36,4047.89,17.3,,3,1,59,1,0,1,64,Other,Black,Widowed,,5.6
14418,Developer,Consulting,0.69,2628.65,24.9,Frequent,2,5,37,2,0,0,20,Female,Other,Widowed,,6.1
14419,Operations,Technology,8.09,3079.76,15.8,Occasional,3,4,0,2,0,0,57,Other,Other,Married,Other,33.1
14420,Finance,Finance,0.92,1858.07,6.8,,4,4,39,2,1,0,46,Other,Black,Married,,31.3
14421,Developer,HR,0.49,2892.43,26.5,Frequent,4,1,24,2,1,1,52,Female,Asian,Married,,32.4
14422,Developer,Finance,0.28,4112.69,12.4,Occasional,1,1,56,4,0,1,39,Other,Other,Married,,12.0
14423,HR,Technology,2.49,4360.21,27.0,,3,2,31,3,1,1,40,Male,Asian,Married,,26.5
14424,HR,Operations,0.36,1624.8,19.0,Occasional,3,1,45,2,0,1,30,Other,Mixed,Widowed,,18.3
14425,Operations,Consulting,0.45,3835.35,16.9,Occasional,2,1,35,4,1,0,51,Female,Black,Widowed,Physical,11.7
14426,Finance,HR,1.07,4676.09,54.8,,4,5,3,2,1,0,40,Other,White,Married,,10.9
14427,HR,Operations,0.99,3804.51,2.4,,5,3,54,2,0,1,52,Male,Asian,Divorced,,6.0
14428,Operations,Technology,2.78,3239.45,2.7,Frequent,1,5,22,3,0,0,36,Male,Black,Married,,20.4
14429,Operations,Finance,5.09,3505.41,9.0,Occasional,4,3,15,2,0,0,32,Other,Black,Widowed,Other,18.8
14430,Analyst,Consulting,4.3,3351.08,27.2,,2,5,10,4,1,0,32,Other,Black,Divorced,,14.7
14431,Finance,HR,0.91,3235.92,10.1,,1,5,21,4,1,1,43,Female,White,Single,,22.6
14432,HR,Operations,0.84,4208.59,12.7,Occasional,5,2,38,1,0,0,56,Other,Other,Married,,30.2
14433,Finance,Operations,10.13,6769.23,2.9,Occasional,1,3,32,5,0,1,20,Female,Mixed,Divorced,,21.7
14434,Developer,Consulting,0.02,3107.56,26.4,Occasional,4,5,40,2,1,1,34,Male,Other,Married,,5.5
14435,Developer,Finance,6.35,3618.23,3.0,,5,5,37,2,0,0,47,Male,Asian,Single,Mental,19.1
14436,Finance,Technology,0.67,3937.96,11.6,,2,3,55,4,0,1,45,Male,Black,Divorced,,9.3
14437,Analyst,Finance,8.83,3175.17,1.6,Frequent,1,2,12,2,0,1,51,Male,Other,Single,Other,10.5
14438,Analyst,Finance,1.26,5317.88,30.6,Occasional,4,3,20,4,1,0,33,Other,White,Single,,14.3
14439,Finance,Finance,1.74,1500.0,2.8,,2,2,11,1,1,1,60,Other,White,Single,,29.7
14440,HR,Consulting,3.68,3362.73,10.9,,5,2,54,2,0,1,58,Female,Mixed,Married,,30.6
14441,Manager,Consulting,2.66,4981.98,9.1,Occasional,1,4,50,1,0,1,28,Female,Other,Divorced,,12.6
14442,Analyst,Technology,1.15,3647.09,23.7,,3,2,25,1,0,0,41,Male,White,Widowed,,7.3
14443,Consultant,Finance,2.42,3014.99,17.7,Occasional,4,4,48,5,1,1,40,Female,White,Widowed,,8.4
14444,Developer,Consulting,3.94,4528.91,52.7,,4,1,54,4,0,1,42,Other,Mixed,Married,,21.3
14445,Finance,Technology,0.13,5087.61,4.0,Occasional,3,2,52,1,0,0,54,Female,Asian,Married,,7.0
14446,Consultant,Technology,0.03,4252.76,36.5,Occasional,2,3,0,4,1,0,30,Male,Other,Single,,13.9
14447,Finance,Finance,1.84,3038.54,41.8,,4,4,40,5,0,0,36,Female,Asian,Married,,13.9
14448,Operations,HR,0.42,4547.44,51.4,Occasional,2,1,56,4,0,0,62,Other,Black,Divorced,,25.8
14449,Developer,Finance,3.28,3517.54,15.8,Frequent,5,1,21,5,0,0,51,Female,Asian,Widowed,,14.0
14450,Developer,HR,0.72,4894.22,4.9,Frequent,3,2,26,2,0,0,19,Male,White,Divorced,,9.8
14451,Analyst,Technology,1.7,5779.91,21.9,Occasional,2,3,56,5,0,0,25,Other,White,Single,,13.0
14452,Analyst,Consulting,0.66,1500.0,3.3,Frequent,5,2,54,5,0,1,22,Female,Asian,Married,,18.6
14453,Consultant,Operations,2.39,4133.28,33.6,,1,5,31,5,0,0,28,Male,Asian,Married,,16.3
14454,Operations,Technology,0.37,1917.12,14.5,,4,1,7,3,0,0,19,Female,Black,Single,Physical,3.4
14455,Finance,Consulting,0.07,6930.15,20.1,Occasional,3,5,58,1,0,0,55,Female,Black,Widowed,,6.6
14456,Operations,Technology,0.16,3438.25,51.3,,1,5,33,4,0,1,49,Other,Other,Married,,27.3
14457,Developer,Finance,9.25,4895.65,17.5,,1,4,17,4,0,1,41,Other,White,Single,,11.3
14458,Consultant,HR,0.46,3957.62,4.9,Frequent,1,5,3,3,0,1,29,Other,Other,Widowed,,18.2
14459,Manager,Technology,3.7,3036.3,14.6,,2,1,0,2,0,1,55,Male,Other,Widowed,,8.3
14460,Consultant,Consulting,0.21,2893.54,9.4,,4,1,55,1,0,0,33,Female,Asian,Married,Mental,12.8
14461,HR,Finance,0.34,5902.82,19.0,Frequent,3,3,52,1,1,0,41,Male,White,Divorced,,9.2
14462,Consultant,Operations,2.13,5147.13,11.3,Occasional,4,2,43,1,0,1,58,Other,Other,Widowed,,12.4
14463,Operations,Finance,1.88,6332.3,8.4,Occasional,4,3,15,1,0,0,34,Male,Asian,Widowed,,24.8
14464,HR,HR,9.08,4066.54,15.0,Frequent,4,3,29,3,1,0,49,Male,Mixed,Widowed,Other,24.9
14465,HR,Finance,8.69,4345.5,4.7,Frequent,5,2,22,4,0,0,37,Other,Black,Single,,47.8
14466,HR,Operations,4.54,3679.37,13.9,,5,1,30,2,0,0,52,Female,Asian,Widowed,,15.9
14467,Manager,Consulting,2.76,3655.5,22.9,,5,4,27,2,0,0,47,Male,Asian,Single,,26.5
14468,Consultant,Technology,1.82,2749.74,43.5,Occasional,5,5,49,2,1,1,64,Female,Other,Widowed,,26.7
14469,Operations,HR,1.32,4100.81,9.6,Occasional,4,4,36,3,1,1,59,Other,Asian,Married,,22.7
14470,Consultant,Operations,8.82,3052.9,58.8,Frequent,4,5,15,3,1,0,39,Female,Asian,Divorced,,10.8
14471,Manager,HR,2.77,4530.29,20.4,,3,2,40,5,1,0,48,Female,Other,Divorced,,8.0
14472,Developer,Finance,2.6,4204.01,11.9,Frequent,3,2,8,3,1,1,54,Female,Asian,Widowed,Mental,10.0
14473,Analyst,HR,0.79,4345.22,13.1,Occasional,3,3,1,1,0,1,41,Female,Black,Single,,10.2
14474,Operations,Operations,0.14,6010.16,15.4,Occasional,3,2,45,4,0,1,41,Male,White,Single,,3.6
14475,Operations,Technology,8.71,3954.74,10.8,Frequent,3,5,42,2,0,0,30,Male,Other,Divorced,,4.3
14476,Consultant,Technology,1.13,4908.07,8.6,,5,4,1,3,0,1,42,Other,Mixed,Married,,11.8
14477,Analyst,HR,1.75,6461.81,18.6,,4,4,31,4,0,0,48,Other,Mixed,Single,Mental,17.4
14478,Finance,Consulting,0.37,5567.94,2.3,Frequent,3,4,15,1,1,0,53,Other,White,Married,Other,26.8
14479,Finance,HR,5.44,5383.8,7.3,Occasional,2,4,52,3,1,1,31,Male,Black,Widowed,,9.8
14480,Manager,Finance,0.08,3631.97,26.7,Frequent,3,3,50,3,1,1,37,Male,Asian,Married,Mental,18.0
14481,Finance,Technology,5.39,4275.57,1.8,Frequent,3,4,12,4,0,1,56,Male,Mixed,Married,,9.3
14482,Operations,Technology,0.45,2418.07,21.1,,4,5,48,1,0,0,45,Female,Asian,Divorced,Mental,33.0
14483,Finance,Technology,6.53,4598.7,16.8,Occasional,5,3,26,3,0,0,42,Male,Black,Married,Physical,3.8
14484,Developer,Consulting,3.93,4329.35,9.2,Occasional,1,3,30,4,1,0,55,Male,Other,Widowed,,5.1
14485,Developer,Consulting,0.54,4028.06,11.1,,4,3,32,1,0,0,60,Male,White,Married,,30.8
14486,Developer,Operations,2.5,5232.63,14.9,Occasional,5,2,20,3,0,1,28,Other,Black,Single,,15.3
14487,Finance,HR,1.12,2550.67,21.7,Occasional,2,3,18,3,0,1,35,Other,Mixed,Single,,10.8
14488,Manager,HR,0.59,5961.84,20.3,,1,5,47,2,1,1,56,Other,Mixed,Divorced,,11.7
14489,HR,Finance,5.88,5082.12,34.8,Occasional,5,4,56,5,1,0,36,Male,White,Widowed,,7.9
14490,HR,Technology,1.55,3915.24,19.4,Occasional,5,2,12,1,1,0,20,Male,Other,Single,,19.7
14491,Analyst,Consulting,1.53,3821.52,39.4,Frequent,4,4,59,4,1,0,58,Other,Black,Single,,21.1
14492,HR,Finance,0.56,4576.73,2.2,Occasional,5,1,18,2,1,0,63,Female,Mixed,Married,,41.2
14493,HR,Finance,1.45,5825.02,34.4,Frequent,3,2,34,3,1,1,44,Other,Mixed,Divorced,Mental,34.1
14494,Developer,Consulting,6.16,4121.93,12.0,Frequent,5,5,34,4,0,0,40,Female,Other,Divorced,,8.3
14495,Developer,HR,1.35,4172.84,17.8,Frequent,1,2,32,2,0,0,52,Female,Mixed,Single,Mental,14.2
14496,Finance,Technology,9.08,4021.74,24.8,,5,3,2,2,0,1,55,Male,Mixed,Divorced,Physical,12.0
14497,Analyst,HR,8.77,6138.43,6.1,,2,2,47,5,0,0,60,Male,Asian,Divorced,,22.4
14498,Consultant,Finance,0.47,3557.34,13.0,Occasional,3,3,20,2,1,1,30,Male,White,Single,,10.7
14499,Operations,Technology,0.59,3964.59,36.9,Frequent,1,4,39,1,0,0,43,Female,Asian,Divorced,,13.7
14500,Analyst,Operations,5.96,5756.12,43.4,Occasional,1,2,22,5,1,0,31,Female,Mixed,Widowed,,8.5
14501,Analyst,Finance,1.5,4176.41,9.1,Occasional,4,2,47,5,1,0,52,Other,Other,Divorced,,7.2
14502,Manager,HR,0.01,5364.47,23.6,Occasional,4,5,59,3,0,0,58,Other,White,Divorced,,28.2
14503,Finance,HR,0.96,2906.46,10.9,Occasional,3,1,44,3,0,1,23,Other,Black,Single,,25.0
14504,Manager,HR,2.73,3753.65,3.5,Occasional,1,2,44,1,0,0,60,Other,Black,Widowed,,11.2
14505,Analyst,Consulting,4.82,5781.32,41.4,Frequent,2,4,10,4,0,1,25,Female,Other,Widowed,,23.4
14506,Analyst,Finance,0.43,3188.39,6.1,Frequent,5,3,3,1,0,0,57,Male,Black,Divorced,,48.8
14507,Analyst,Technology,0.35,3818.44,72.6,Frequent,5,4,3,5,1,0,64,Male,Asian,Married,,43.1
14508,HR,HR,7.66,4308.02,4.5,Frequent,5,5,14,3,0,0,32,Male,Mixed,Married,,9.8
14509,Operations,HR,4.17,2813.01,33.7,,4,2,27,1,0,1,25,Female,Black,Single,,9.4
14510,Operations,Consulting,2.67,3503.43,32.5,Frequent,1,1,35,3,0,0,62,Male,Asian,Widowed,,10.9
14511,Manager,Technology,4.4,4135.16,11.0,Frequent,1,1,7,1,1,0,64,Other,White,Single,,38.3
14512,Analyst,Finance,1.68,4056.02,19.7,Frequent,2,2,23,1,1,0,33,Other,Other,Married,,25.4
14513,Operations,Operations,4.26,5536.42,11.3,,4,1,33,2,1,0,46,Male,White,Divorced,,19.3
14514,Developer,Consulting,1.39,5849.75,7.5,Occasional,2,4,14,1,0,0,51,Male,White,Single,,7.9
14515,Operations,Finance,0.84,2972.7,22.3,,1,3,22,3,0,1,46,Other,Asian,Single,,31.2
14516,Finance,Operations,3.92,4133.52,29.0,Frequent,5,2,59,1,1,0,52,Male,Black,Divorced,,26.3
14517,Finance,HR,1.63,4809.1,8.5,Frequent,4,3,26,4,1,0,27,Male,Asian,Single,,14.2
14518,Operations,HR,11.95,5819.62,41.4,,4,1,13,2,0,0,18,Male,Black,Divorced,,23.2
14519,Developer,Technology,1.29,4862.19,19.3,Occasional,4,5,59,1,1,1,22,Female,Mixed,Single,Mental,5.9
14520,Finance,Operations,7.64,4349.1,15.7,,5,3,52,4,1,0,20,Male,Other,Widowed,,6.4
14521,HR,HR,8.11,4799.85,16.0,,4,5,1,3,0,0,56,Other,Mixed,Married,,7.4
14522,Operations,HR,0.83,4808.52,40.6,Frequent,3,4,34,4,0,0,31,Female,Black,Married,,11.9
14523,HR,Technology,4.8,2886.74,12.3,,4,5,42,2,1,0,63,Other,Black,Single,,12.3
14524,Operations,Finance,1.7,4231.36,12.8,,5,3,6,3,1,0,44,Other,White,Widowed,Physical,6.0
14525,Consultant,HR,7.49,5750.99,40.0,,4,3,15,1,0,1,63,Male,Black,Widowed,,23.3
14526,Consultant,Consulting,1.79,3751.17,42.2,,3,2,21,1,0,1,46,Other,White,Divorced,,48.5
14527,Consultant,Consulting,4.09,4155.34,32.1,,3,5,53,4,0,0,18,Male,White,Married,,17.0
14528,Finance,Finance,1.89,3708.98,5.0,,4,4,27,1,1,0,35,Female,Other,Married,,13.3
14529,HR,Operations,0.78,1500.0,57.8,Frequent,1,2,31,3,1,0,20,Male,Black,Single,,15.7
14530,HR,Technology,0.67,4024.71,18.0,Frequent,1,2,6,3,1,0,43,Male,Mixed,Married,Physical,3.6
14531,HR,Consulting,1.66,4362.15,15.3,Frequent,2,4,21,1,0,0,38,Male,Asian,Widowed,,43.8
14532,Developer,Consulting,4.23,3385.01,32.2,Frequent,3,2,42,4,0,1,41,Male,White,Divorced,,19.2
14533,HR,Finance,2.79,2614.44,21.2,,1,4,1,1,0,1,62,Male,Asian,Widowed,,28.9
14534,Developer,Operations,3.5,2943.27,11.4,,2,1,7,5,1,1,64,Female,White,Divorced,,15.8
14535,Consultant,Operations,1.0,4917.03,46.3,,1,2,6,1,1,1,37,Male,Mixed,Married,,18.4
14536,Consultant,Finance,1.97,6367.03,15.2,,4,3,37,2,1,0,46,Female,White,Single,Mental,9.8
14537,Finance,Consulting,0.14,5658.92,17.6,Frequent,3,1,47,1,1,1,35,Other,Other,Divorced,,7.0
14538,Operations,Technology,5.1,2386.78,46.0,Frequent,1,2,20,5,1,1,20,Male,White,Divorced,,14.7
14539,Consultant,Consulting,13.78,5025.55,30.7,,4,4,42,2,1,1,64,Other,Black,Divorced,Mental,11.9
14540,Operations,Operations,1.57,3204.21,25.5,,2,1,21,4,0,1,50,Female,Other,Married,,15.5
14541,Operations,Consulting,0.03,3301.28,10.9,,4,1,34,2,1,1,35,Male,White,Widowed,,24.8
14542,Finance,Technology,0.56,3445.63,22.0,,2,3,17,3,1,0,54,Male,White,Divorced,,14.0
14543,Analyst,HR,3.17,4847.28,23.0,Occasional,1,2,8,5,1,1,38,Other,Asian,Divorced,,9.3
14544,Analyst,Consulting,2.84,5151.1,22.6,Occasional,5,2,48,3,1,1,61,Other,White,Widowed,,13.4
14545,Manager,Finance,4.65,3882.36,15.6,Occasional,4,4,1,3,0,0,36,Other,Other,Widowed,,27.5
14546,Finance,HR,0.88,3902.72,8.5,Occasional,5,1,58,2,1,0,40,Female,White,Married,,13.9
14547,Manager,Finance,4.33,4557.12,33.9,,3,3,41,2,0,1,37,Female,Asian,Married,,6.5
14548,Manager,Finance,3.49,4681.59,10.6,,5,4,41,3,0,0,41,Male,Mixed,Married,,10.9
14549,Analyst,Finance,1.17,5411.47,16.9,,3,4,16,4,0,1,36,Other,Asian,Widowed,,25.6
14550,Finance,Consulting,2.37,2458.75,1.1,Occasional,1,3,39,1,0,1,43,Female,Asian,Single,,16.7
14551,Analyst,Operations,0.48,4024.03,30.1,Occasional,1,2,19,1,1,0,50,Female,White,Widowed,,9.9
14552,Manager,HR,1.81,2718.37,7.2,,4,3,5,5,1,1,49,Female,Mixed,Widowed,Mental,15.3
14553,Finance,Technology,6.39,3938.87,23.0,Occasional,5,2,10,2,0,1,52,Other,Other,Single,,6.1
14554,Manager,Operations,1.64,3728.59,5.3,Frequent,3,5,4,1,1,0,42,Female,Other,Married,Mental,8.1
14555,HR,Consulting,5.49,3943.9,14.1,Occasional,3,1,55,4,0,0,50,Female,Black,Single,,13.7
14556,Operations,Finance,2.68,3040.31,13.0,Occasional,5,3,9,5,1,1,41,Other,Asian,Divorced,,14.1
14557,Finance,Technology,0.64,2215.25,7.3,Occasional,1,4,22,2,1,0,26,Female,Asian,Widowed,,11.0
14558,Finance,HR,2.61,1500.0,19.6,Occasional,1,2,32,1,1,1,54,Other,Black,Widowed,,10.1
14559,Operations,Operations,2.12,3842.58,4.2,,3,1,39,3,0,1,54,Other,White,Single,,11.8
14560,Manager,Operations,1.53,3482.8,27.8,Frequent,4,1,35,4,1,0,28,Female,Other,Single,,9.1
14561,HR,Technology,0.38,3188.87,28.9,,1,3,38,4,1,0,38,Other,Other,Divorced,Other,9.7
14562,Developer,Consulting,1.62,5587.06,8.0,Occasional,2,4,50,2,0,1,34,Male,Black,Married,,9.1
14563,Operations,HR,0.23,2968.67,40.3,Occasional,3,3,46,4,0,0,33,Other,Black,Divorced,Other,22.1
14564,Analyst,Technology,0.31,5700.2,14.4,Occasional,5,4,33,2,1,0,22,Male,Black,Divorced,Mental,24.7
14565,Manager,Finance,1.61,5948.61,6.7,Occasional,5,5,16,4,1,1,61,Male,Mixed,Widowed,,36.7
14566,Operations,HR,1.09,1658.92,2.9,Occasional,3,3,25,1,0,0,63,Other,Asian,Widowed,Mental,10.7
14567,Operations,Operations,7.79,4110.86,38.7,Frequent,3,2,52,2,0,1,27,Male,Other,Widowed,,4.7
14568,Finance,Technology,1.41,3520.36,9.0,,1,3,47,4,1,0,30,Male,White,Widowed,,24.9
14569,Analyst,Operations,4.25,1500.0,12.3,Occasional,3,3,26,1,0,0,64,Female,Mixed,Divorced,,15.3
14570,Analyst,Operations,2.27,2266.43,11.4,Frequent,3,5,45,1,0,0,23,Other,Asian,Widowed,,25.2
14571,Analyst,Operations,3.65,4929.92,32.8,,2,5,2,1,0,0,54,Other,Mixed,Married,,6.3
14572,Operations,Consulting,0.9,6423.04,24.1,,5,3,58,2,0,0,33,Male,Asian,Widowed,Physical,23.1
14573,Developer,Operations,8.54,5083.21,18.0,,1,4,18,2,0,1,23,Other,Black,Single,,12.3
14574,Consultant,Finance,2.27,4388.36,4.6,Occasional,4,5,7,4,0,0,46,Other,White,Widowed,,16.7
14575,Manager,Finance,5.34,3974.4,47.5,Occasional,1,5,16,3,0,0,42,Female,Black,Widowed,,7.9
14576,Consultant,HR,1.36,6019.2,24.5,Frequent,5,4,49,3,0,0,40,Female,Other,Divorced,,20.1
14577,Operations,Operations,0.32,6577.89,24.9,Frequent,4,1,0,5,0,0,28,Other,Other,Divorced,Physical,10.7
14578,Consultant,Operations,3.36,3295.79,5.2,,3,5,6,3,0,0,46,Female,Other,Single,,11.5
14579,Operations,Technology,0.02,1600.02,6.3,Occasional,2,5,35,3,0,0,38,Other,Other,Single,,25.3
14580,Consultant,Consulting,1.93,1500.0,17.6,,2,4,2,4,1,0,43,Female,Mixed,Divorced,Physical,10.2
14581,Analyst,HR,0.64,5586.26,17.9,,5,4,18,2,1,1,58,Male,White,Divorced,,20.0
14582,HR,Operations,2.96,3943.53,7.3,Frequent,5,3,41,3,1,0,54,Female,White,Widowed,,17.9
14583,Analyst,Technology,11.65,4219.89,5.3,Occasional,2,3,26,5,0,0,28,Male,Other,Divorced,,5.7
14584,Analyst,Consulting,1.87,1851.22,10.3,Frequent,4,1,2,4,1,0,55,Female,Asian,Single,Mental,11.4
14585,Finance,HR,5.1,3096.17,12.8,Occasional,4,1,33,1,1,0,41,Other,Black,Divorced,,12.0
14586,Finance,HR,2.13,3645.42,4.7,,1,1,4,1,1,0,34,Other,Other,Married,,17.7
14587,Consultant,Operations,2.05,4249.41,25.1,,3,2,48,5,0,1,26,Male,Asian,Single,,27.0
14588,Operations,HR,8.0,3521.69,26.1,,4,4,36,2,1,0,25,Male,White,Married,,37.8
14589,Analyst,Technology,6.62,2755.21,23.3,Occasional,3,5,57,1,0,0,47,Other,Black,Single,,4.2
14590,Consultant,HR,4.62,3058.52,5.0,,5,4,45,2,1,0,24,Female,White,Divorced,,16.5
14591,Finance,Finance,1.05,5449.99,10.2,Occasional,4,4,15,3,0,0,54,Male,White,Single,,14.7
14592,HR,Technology,2.36,4293.74,28.5,Occasional,4,1,55,3,1,1,40,Other,Mixed,Single,,13.8
14593,Manager,Consulting,0.76,4734.59,19.0,Frequent,4,4,54,3,0,0,26,Female,Black,Divorced,,12.7
14594,Consultant,Consulting,1.76,2921.35,40.7,,1,2,13,1,0,1,36,Other,Mixed,Single,,18.9
14595,HR,Operations,1.99,1500.0,36.8,Frequent,5,5,29,1,0,0,61,Other,Other,Divorced,,23.7
14596,Manager,Operations,5.34,3372.27,16.1,Occasional,2,1,31,2,0,1,25,Female,Black,Widowed,,5.7
14597,Developer,Finance,6.79,2960.12,10.0,,1,3,58,2,0,0,63,Female,Asian,Divorced,,13.5
14598,Consultant,Consulting,1.61,4418.81,27.6,,1,5,50,5,0,0,31,Female,White,Single,,28.7
14599,Consultant,Consulting,0.05,7942.87,29.5,Occasional,4,3,44,3,0,1,45,Female,White,Married,,5.3
14600,Developer,Consulting,5.94,4834.2,32.1,,1,3,11,4,1,0,52,Other,Mixed,Divorced,,22.0
14601,Developer,Consulting,0.57,7283.15,18.7,Occasional,2,4,56,4,0,0,24,Other,Mixed,Divorced,,23.6
14602,Consultant,HR,2.92,4682.52,9.0,,1,5,26,3,0,1,23,Other,Mixed,Divorced,Other,7.4
14603,Developer,Technology,0.08,3244.14,23.0,,1,2,25,5,0,1,47,Female,Black,Divorced,Mental,23.4
14604,Analyst,Technology,1.53,4417.5,23.8,Occasional,4,4,47,2,1,0,54,Other,White,Married,,9.1
14605,Manager,Finance,12.8,6136.77,27.0,Frequent,5,3,28,1,0,0,33,Other,Asian,Divorced,,2.5
14606,Manager,HR,0.32,6195.48,10.9,Occasional,2,5,22,5,0,0,60,Female,Black,Married,,17.4
14607,Manager,Consulting,1.65,3309.6,22.9,,4,4,48,5,0,0,18,Female,White,Married,,23.0
14608,Analyst,Consulting,1.1,4303.82,4.0,Occasional,1,5,21,3,0,0,59,Male,Other,Divorced,,26.5
14609,Operations,Operations,7.06,2284.88,28.8,Occasional,2,1,19,2,1,1,34,Female,Other,Single,,4.7
14610,Developer,Operations,6.11,4989.6,18.2,Occasional,3,2,37,4,1,0,24,Other,Mixed,Widowed,Mental,9.1
14611,HR,Finance,0.81,5864.03,9.7,,1,2,45,4,0,1,52,Female,Mixed,Married,,11.5
14612,Developer,Consulting,0.25,4047.76,39.6,Frequent,5,2,15,4,0,0,22,Male,Mixed,Single,Physical,16.8
14613,Consultant,Finance,2.96,3199.14,12.2,Frequent,1,3,30,5,1,0,44,Male,White,Widowed,,15.0
14614,Finance,HR,1.23,4432.16,18.4,,5,3,2,1,1,0,47,Other,Mixed,Divorced,,8.0
14615,Manager,Technology,3.34,4500.95,10.6,Frequent,3,2,20,2,0,0,61,Female,Asian,Single,,28.0
14616,Developer,Consulting,0.1,4097.37,17.0,Occasional,4,5,50,1,0,0,59,Female,Asian,Widowed,,9.1
14617,HR,HR,0.43,4214.46,24.1,Occasional,4,1,38,4,0,0,52,Male,Other,Single,Mental,18.4
14618,Consultant,Consulting,3.48,3791.42,11.4,Frequent,4,3,4,1,1,1,33,Female,Black,Divorced,,16.3
14619,Analyst,Operations,0.72,5195.15,14.3,Frequent,2,4,19,5,0,1,23,Other,White,Widowed,,26.4
14620,Operations,Finance,5.85,4883.47,28.4,Frequent,5,4,57,3,1,0,33,Other,Black,Single,,8.5
14621,Analyst,Operations,0.18,2820.28,2.4,Occasional,1,3,54,1,0,0,25,Female,Mixed,Widowed,,23.9
14622,HR,Technology,0.73,2787.29,29.7,Occasional,2,2,22,1,0,1,37,Female,White,Divorced,Physical,26.2
14623,Consultant,Operations,19.63,3694.75,33.7,,2,5,31,1,1,0,48,Other,Mixed,Single,,25.5
14624,Manager,Consulting,1.7,4884.2,6.7,,1,1,41,4,0,1,37,Female,Black,Married,Physical,5.3
14625,Developer,Operations,3.64,4177.67,3.1,Occasional,3,4,8,1,0,1,26,Male,Other,Widowed,,11.7
14626,Consultant,Consulting,0.61,3228.22,5.1,Occasional,4,3,2,2,0,1,47,Male,Asian,Widowed,,12.7
14627,Operations,Technology,2.82,4313.82,7.6,,3,5,26,5,1,1,30,Female,Asian,Widowed,,14.6
14628,Analyst,Operations,3.89,3603.03,5.7,,3,2,26,2,0,1,43,Male,Asian,Widowed,,15.9
14629,Operations,Finance,1.13,5056.58,25.4,Occasional,4,1,9,2,1,0,19,Other,White,Widowed,,6.7
14630,Operations,Finance,5.3,4399.67,15.0,Frequent,3,1,15,4,1,0,58,Female,Mixed,Widowed,,17.7
14631,HR,Finance,2.77,3621.67,20.7,Occasional,2,4,23,1,0,1,62,Male,Asian,Divorced,,7.9
14632,HR,Operations,1.48,4277.82,31.8,Frequent,1,4,22,5,1,0,63,Other,Mixed,Single,,28.1
14633,Developer,Operations,2.45,5578.06,27.4,Occasional,2,3,8,5,1,0,41,Female,Asian,Married,,17.2
14634,HR,Operations,2.58,3316.44,45.6,,2,1,1,5,0,0,30,Female,Black,Widowed,,24.9
14635,HR,Consulting,0.54,4483.19,36.1,,5,2,5,1,0,1,33,Female,Other,Married,,2.4
14636,Consultant,Technology,1.55,3915.45,13.7,,4,2,36,5,0,1,35,Female,Mixed,Single,,9.0
14637,Manager,Finance,1.26,4512.38,23.0,Occasional,4,3,34,5,0,1,33,Male,White,Single,,36.3
14638,Developer,Consulting,1.54,3214.52,46.7,Occasional,2,1,6,3,0,1,19,Female,Asian,Single,,8.9
14639,Consultant,Finance,4.3,4132.4,12.2,Occasional,4,4,14,3,0,1,18,Female,Black,Married,,4.9
14640,Manager,Consulting,1.98,5329.39,24.4,Frequent,5,2,20,5,0,0,27,Male,Asian,Divorced,,19.6
14641,Operations,Operations,8.46,2875.59,55.8,Occasional,1,5,37,2,0,0,42,Male,Other,Widowed,,5.5
14642,Consultant,Finance,1.04,2404.71,26.5,Frequent,3,3,35,1,1,1,31,Other,Asian,Single,,18.8
14643,Finance,Operations,1.61,2450.25,6.9,Frequent,4,2,22,2,1,1,34,Male,Other,Married,,5.9
14644,Consultant,Finance,4.64,2595.2,3.3,Frequent,2,5,28,2,1,1,35,Female,Mixed,Widowed,,5.1
14645,HR,HR,2.37,4714.39,8.2,,4,5,12,1,0,0,24,Male,Other,Widowed,,8.3
14646,Manager,Consulting,2.38,2312.97,14.5,Frequent,2,2,54,1,0,0,38,Female,Black,Single,,35.7
14647,Developer,HR,0.16,3642.53,52.7,Frequent,3,3,4,4,0,1,46,Male,Black,Married,,19.4
14648,Developer,Consulting,1.53,4741.95,33.0,,4,5,46,4,0,0,44,Other,Mixed,Single,,22.7
14649,Manager,Technology,0.95,4499.99,12.0,Frequent,3,5,38,4,1,0,21,Other,White,Single,Other,20.5
14650,HR,Finance,21.95,3537.33,7.3,Occasional,2,1,38,5,1,1,29,Other,Black,Single,Physical,3.7
14651,Analyst,Technology,1.11,4229.11,7.2,Occasional,5,1,41,5,1,0,39,Other,Mixed,Single,,6.0
14652,Consultant,Technology,6.48,4128.57,62.9,,5,1,44,5,1,1,57,Other,Mixed,Widowed,,22.5
14653,HR,Consulting,3.38,3730.91,6.4,,1,5,55,4,0,0,51,Male,Black,Widowed,,10.6
14654,Finance,HR,1.25,3747.0,29.4,Frequent,2,5,42,1,1,0,43,Female,Mixed,Widowed,,3.9
14655,Operations,Operations,2.35,6682.51,28.3,Frequent,2,3,0,5,1,1,45,Male,Mixed,Single,,17.9
14656,Manager,Consulting,5.51,4971.17,13.5,Frequent,2,4,19,1,0,0,36,Other,Asian,Widowed,,30.6
14657,Consultant,Operations,6.45,6976.78,5.9,,5,1,42,4,1,0,48,Other,Mixed,Divorced,,34.1
14658,Developer,Technology,0.52,3403.64,23.3,Frequent,5,4,0,1,0,0,31,Female,Black,Married,,7.6
14659,Operations,Operations,1.24,3898.04,50.1,Occasional,5,1,34,5,1,1,40,Other,Black,Single,,7.3
14660,Analyst,HR,1.22,2401.45,5.2,Occasional,4,1,39,1,1,1,34,Male,Black,Single,,17.3
14661,Finance,Consulting,0.13,3028.52,17.6,Frequent,4,3,44,4,0,0,40,Other,Asian,Widowed,,13.4
14662,Developer,HR,2.74,6282.3,27.2,,5,3,59,5,0,1,34,Other,Black,Single,Mental,24.9
14663,Manager,HR,5.79,3373.56,48.0,Occasional,3,2,6,5,1,0,25,Female,Mixed,Married,,35.9
14664,Consultant,Consulting,1.44,6303.14,2.5,,4,1,34,4,0,0,55,Other,Other,Widowed,,21.6
14665,Manager,HR,4.04,2507.97,25.0,Occasional,4,1,51,2,0,1,27,Male,Asian,Married,,8.6
14666,Operations,Finance,2.96,2735.84,47.3,Frequent,4,1,33,3,0,1,47,Other,Other,Divorced,,6.9
14667,Consultant,Finance,1.41,3590.52,29.5,Frequent,4,3,49,4,0,1,24,Male,White,Married,,7.0
14668,HR,Finance,0.46,3923.5,10.0,,1,1,4,1,0,1,19,Other,Other,Widowed,,9.2
14669,Analyst,Operations,3.71,5107.7,18.2,Frequent,4,2,28,2,1,1,64,Male,Mixed,Single,,22.6
14670,HR,HR,5.78,4540.92,32.6,,3,5,49,4,1,1,39,Other,Asian,Married,,21.2
14671,HR,Consulting,3.47,3500.42,34.2,,1,2,47,3,0,1,22,Female,Black,Single,,15.1
14672,Manager,Consulting,0.05,3840.02,29.2,Occasional,4,5,26,5,0,0,20,Male,Black,Divorced,,5.3
14673,Operations,Operations,0.73,3617.12,19.6,Occasional,2,3,6,3,1,1,26,Other,Other,Divorced,,17.1
14674,Analyst,Consulting,0.22,2902.42,15.6,Frequent,1,4,0,3,0,0,22,Male,Other,Divorced,,15.1
14675,Consultant,Finance,2.53,2934.44,35.9,,4,3,8,4,0,0,37,Other,Other,Divorced,,9.5
14676,Consultant,HR,4.24,5233.46,23.6,Occasional,3,4,46,5,0,0,46,Female,Mixed,Single,Mental,3.9
14677,Finance,Consulting,0.35,1806.2,18.7,Frequent,5,5,57,5,0,1,23,Female,Black,Married,,9.8
14678,Developer,Consulting,5.47,5940.83,9.2,Frequent,4,4,0,3,0,0,21,Female,White,Widowed,,15.4
14679,Finance,Technology,2.43,3588.41,8.7,Occasional,2,5,26,4,0,0,53,Male,Mixed,Single,Other,5.0
14680,Finance,Technology,3.51,3072.99,15.9,Frequent,3,4,16,5,1,0,38,Female,Black,Divorced,,11.0
14681,Consultant,Technology,10.66,4887.71,26.2,Occasional,1,5,31,5,0,0,34,Male,Black,Single,,10.0
14682,Manager,HR,0.26,5782.26,24.8,,3,4,40,1,0,1,32,Male,Black,Divorced,,14.9
14683,HR,Finance,6.94,5341.16,23.8,Frequent,4,5,54,3,0,0,44,Female,Black,Married,,16.0
14684,Operations,Finance,0.4,4602.22,17.9,,2,2,29,2,0,1,56,Male,Asian,Married,,3.6
14685,HR,Finance,1.5,5304.24,33.7,Occasional,3,1,14,3,1,1,36,Male,Black,Widowed,,11.6
14686,HR,HR,5.72,1940.2,38.3,,3,2,41,4,0,0,60,Male,Other,Divorced,,6.2
14687,Analyst,HR,7.1,3373.8,6.4,Occasional,5,3,27,5,1,0,20,Male,Black,Married,Physical,52.7
14688,Consultant,Technology,2.12,2906.6,10.6,Frequent,5,4,51,5,1,0,45,Female,White,Married,,7.8
14689,Operations,Consulting,2.7,5469.57,61.9,Frequent,4,5,2,1,1,0,64,Male,Asian,Married,,15.4
14690,Manager,Operations,3.69,3539.83,15.2,Frequent,1,2,27,5,0,0,39,Female,White,Married,,13.4
14691,Analyst,Operations,5.36,5014.49,15.5,,1,2,4,5,0,1,23,Female,White,Widowed,,15.5
14692,Developer,Consulting,0.39,4643.03,8.5,,2,5,1,2,1,0,48,Male,White,Single,,28.0
14693,Manager,Technology,4.98,2965.23,34.3,,4,4,53,3,1,0,22,Male,Mixed,Widowed,,7.6
14694,Finance,Consulting,1.97,3295.65,72.4,Occasional,1,3,37,5,0,1,30,Female,Black,Married,,14.4
14695,Manager,Consulting,1.8,5552.58,8.6,Frequent,3,3,15,4,1,0,51,Female,Black,Single,,28.6
14696,Manager,Operations,1.65,3069.42,35.8,,4,3,43,2,0,0,27,Female,White,Divorced,,10.0
14697,HR,Technology,2.14,4149.84,7.5,Occasional,3,5,16,2,1,1,57,Male,Black,Widowed,,8.2
14698,Manager,HR,8.7,3060.95,32.2,,2,2,11,1,1,1,57,Male,Mixed,Single,,12.4
14699,Finance,Operations,2.38,3623.26,7.7,Occasional,4,3,25,4,1,0,61,Other,Black,Widowed,Physical,11.8
14700,Finance,HR,9.18,3944.61,2.3,Frequent,2,2,56,2,0,1,45,Male,Black,Widowed,,8.2
14701,Consultant,Technology,0.6,3060.56,61.5,,5,3,48,3,0,0,38,Male,White,Married,,8.8
14702,Manager,Consulting,3.86,2847.46,11.7,Frequent,2,3,53,4,0,0,54,Female,Asian,Single,,17.4
14703,HR,Finance,5.02,4343.53,4.4,,5,4,6,3,0,0,53,Male,Asian,Divorced,Physical,10.3
14704,Manager,Finance,3.41,2986.32,19.6,Occasional,4,5,23,1,1,1,45,Other,Black,Single,,11.2
14705,Developer,Technology,2.8,3027.21,26.4,Frequent,3,4,15,1,1,1,30,Female,White,Single,,11.7
14706,Developer,Finance,2.5,2873.14,36.9,,3,2,17,5,1,1,53,Other,Asian,Married,,12.0
14707,HR,HR,5.92,3906.51,14.5,,3,2,58,3,0,1,18,Male,Asian,Single,Mental,15.3
14708,Consultant,Finance,5.17,5132.44,13.9,Frequent,2,5,7,3,0,0,60,Other,Other,Divorced,,4.4
14709,Consultant,Technology,0.39,5807.83,11.8,Occasional,4,3,26,1,0,1,26,Male,Asian,Widowed,,31.4
14710,Finance,Technology,5.66,3128.9,18.2,Frequent,4,5,25,3,1,0,37,Female,Mixed,Married,,14.5
14711,Finance,HR,1.6,6580.37,28.5,,5,3,30,4,1,0,60,Other,Other,Married,,5.1
14712,Analyst,Finance,0.88,2794.35,21.9,Frequent,4,1,17,5,0,0,59,Male,White,Single,,21.6
14713,HR,Finance,6.12,5300.26,11.5,Frequent,3,1,1,5,0,0,34,Female,Other,Single,,4.7
14714,Manager,Consulting,1.7,3133.96,17.5,Occasional,4,5,40,4,1,0,20,Female,Asian,Widowed,,34.8
14715,Operations,Operations,4.96,2954.89,5.7,Occasional,5,1,22,2,0,0,49,Female,Other,Single,,14.3
14716,HR,Technology,0.92,3106.29,14.9,Frequent,4,1,55,3,1,0,52,Male,White,Married,,12.0
14717,Analyst,Consulting,0.01,3937.06,13.3,Occasional,4,2,47,2,1,1,23,Female,Black,Single,,11.8
14718,Finance,Technology,2.05,4695.97,37.1,Occasional,3,3,48,2,0,1,23,Male,Mixed,Married,Mental,20.2
14719,HR,Consulting,0.32,4803.84,19.6,,4,1,41,3,1,0,42,Other,Black,Divorced,,9.8
14720,HR,Operations,4.21,2867.22,15.0,Occasional,2,4,21,1,1,1,45,Male,White,Married,,13.9
14721,Finance,Consulting,0.97,2812.41,16.7,Frequent,5,2,32,3,0,1,56,Male,Black,Married,,37.6
14722,Analyst,Technology,1.76,2900.03,14.9,Frequent,5,3,52,1,0,0,18,Male,Mixed,Married,,9.1
14723,Finance,Finance,0.27,3866.37,6.8,,5,2,17,4,1,0,57,Other,White,Widowed,,29.0
14724,Consultant,Technology,1.01,3747.81,28.2,,4,4,14,1,1,0,33,Male,Black,Divorced,,17.5
14725,Manager,HR,4.56,2859.79,1.4,,2,3,40,2,0,1,37,Other,Mixed,Married,,15.7
14726,F,HR,0.49,4323.52,11.6,Frequent,5,5,2,2,1,0,41,Other,Other,Single,,13.9
14727,Analyst,HR,3.13,6715.08,9.0,Frequent,1,5,47,2,0,0,32,Other,Black,Single,Mental,24.4
14728,Developer,HR,7.48,3394.34,11.9,Occasional,3,2,57,1,1,1,27,Other,Other,Married,,31.6
14729,Consultant,Operations,3.42,3479.79,27.7,0,1,5,22,2,1,1,29,Female,Asian,Single,,16.4
14730,Developer,Finance,5.0,4671.59,15.1,Occasional,1,3,46,5,0,0,54,Other,Other,Single,,13.8
14731,Operations,Finance,0.35,3329.42,16.8,Occasional,5,4,1,3,0,1,52,Female,Other,Widowed,,18.3
14732,Finance,Technology,0.87,4802.76,26.6,Frequent,1,4,41,2,1,1,44,Other,Asian,Divorced,,19.2
14733,Consultant,Consulting,6.75,3137.75,25.3,Occasional,1,5,3,1,0,0,30,Other,White,Single,,31.5
14734,Manager,Technology,3.77,6198.54,24.0,,2,1,25,2,1,0,47,Female,Asian,Divorced,,8.1
14735,Finance,Technology,3.06,4413.73,17.1,,3,1,18,1,0,0,20,Female,Other,Single,Mental,16.5
14736,Manager,Technology,3.27,3255.97,35.5,Frequent,4,1,48,3,0,0,52,Male,White,Married,,3.4
14737,HR,Technology,1.6,3293.57,8.8,Frequent,5,5,9,1,0,0,29,Female,Black,Married,,3.6
14738,Developer,Finance,0.14,3383.44,15.0,Frequent,5,5,21,3,0,0,46,Female,Mixed,Divorced,,9.8
14739,Consultant,Consulting,4.6,5647.3,12.1,,1,5,52,2,1,1,47,Female,White,Divorced,Physical,33.6
14740,Manager,Technology,3.41,2477.5,12.6,Frequent,4,3,5,5,0,1,39,Male,Other,Divorced,,18.5
14741,Analyst,Finance,1.92,3198.47,7.8,,4,1,0,2,0,0,34,Male,Black,Divorced,,23.4
14742,Manager,Technology,6.9,3326.01,30.7,Occasional,4,2,42,3,1,1,44,Other,White,Married,,30.0
14743,Analyst,HR,1.23,3981.17,25.8,Frequent,5,3,15,4,0,0,39,Other,Mixed,Single,,17.6
14744,Finance,Technology,1.05,3674.67,14.7,Frequent,5,3,55,4,1,0,24,Male,Other,Married,,14.2
14745,Consultant,Technology,6.19,2210.53,23.0,Frequent,2,5,51,4,0,0,63,Female,Asian,Divorced,,11.9
14746,Manager,Operations,4.78,3520.21,32.0,,5,5,6,2,0,1,28,Male,Mixed,Widowed,Physical,31.2
14747,Operations,HR,2.17,3880.54,46.6,Occasional,5,3,23,1,1,1,33,Male,Mixed,Single,Physical,0.9
14748,Manager,Consulting,0.42,3246.28,5.1,Frequent,2,5,34,5,1,0,53,Male,Mixed,Married,,22.7
14749,Operations,Technology,0.73,4824.13,15.5,Occasional,5,1,13,5,1,1,39,Male,Mixed,Widowed,,16.9
14750,Consultant,Consulting,3.2,5103.29,38.3,Frequent,1,3,3,2,1,1,57,Male,Black,Single,,45.2
14751,Manager,HR,1.46,3905.94,64.2,,1,3,40,3,1,1,54,Other,White,Married,,27.7
14752,Analyst,Technology,5.43,4276.65,21.5,Occasional,2,3,14,2,0,0,20,Female,Mixed,Single,,11.6
14753,Manager,Operations,8.98,1500.0,30.1,Occasional,2,5,43,4,0,1,52,Other,Mixed,Widowed,,20.7
14754,Developer,Finance,4.91,3494.68,0.7,Frequent,1,3,56,3,0,1,55,Other,Other,Divorced,,7.7
14755,Finance,Operations,1.42,5205.79,22.3,Occasional,4,2,47,5,1,0,59,Male,Asian,Single,,6.5
14756,HR,Operations,4.66,3491.88,14.3,,5,2,22,2,1,0,58,Other,Other,Divorced,,9.1
14757,Analyst,Finance,1.3,3115.29,28.1,Occasional,3,1,18,1,0,1,55,Female,White,Married,,24.7
14758,Developer,Finance,0.55,6733.23,48.5,Occasional,3,3,13,1,0,1,41,Female,Black,Married,,37.2
14759,Operations,Finance,0.1,6182.89,16.9,Occasional,2,3,26,5,1,1,51,Female,Asian,Single,,13.3
14760,Finance,Technology,1.46,4561.09,16.3,Occasional,3,5,35,3,1,0,52,Male,Other,Single,,12.8
14761,Consultant,Consulting,7.02,5366.69,10.6,Frequent,4,4,54,4,0,1,28,Other,Other,Widowed,,9.3
14762,Analyst,Consulting,0.82,1500.0,1.5,Frequent,3,4,37,1,1,0,32,Male,Black,Divorced,,14.5
14763,HR,Finance,0.69,3054.94,11.4,Occasional,1,3,21,1,0,1,31,Other,Black,Single,,5.9
14764,Finance,Operations,10.5,3436.05,4.8,Occasional,2,1,10,2,0,0,62,Other,Asian,Single,,23.0
14765,Operations,HR,0.08,3716.82,5.3,,3,2,3,5,0,0,34,Female,Mixed,Single,,20.5
14766,HR,Finance,4.62,3412.07,22.6,Frequent,5,3,57,1,0,0,38,Other,Black,Single,Physical,33.0
14767,Consultant,Operations,1.16,1500.0,6.1,Frequent,2,3,31,2,0,0,45,Female,Other,Single,,13.6
14768,Consultant,Operations,0.11,4463.23,18.0,Frequent,4,1,39,3,1,1,60,Male,Other,Single,Physical,2.9
14769,Operations,Technology,7.5,4652.38,59.4,Occasional,1,1,40,1,0,0,55,Other,Mixed,Widowed,Physical,4.0
14770,Analyst,Technology,0.45,5922.28,12.6,Frequent,3,4,57,5,1,0,39,Other,Mixed,Single,,9.5
14771,Operations,Consulting,2.41,3054.03,5.3,,1,3,54,2,0,0,51,Female,Black,Widowed,,7.8
14772,Manager,Consulting,0.96,2955.8,50.2,,4,3,23,3,0,0,18,Other,Mixed,Divorced,,21.8
14773,Consultant,HR,0.2,1500.0,7.6,,3,5,57,2,1,0,40,Female,Other,Divorced,,5.9
14774,Finance,HR,0.15,3647.72,11.8,,2,2,33,4,1,0,49,Male,Black,Widowed,,13.4
14775,Manager,HR,0.37,5081.33,34.0,,2,5,51,5,0,1,21,Other,Asian,Single,,7.9
14776,Developer,HR,0.22,3265.88,6.5,Frequent,5,5,2,5,0,0,58,Male,White,Married,,6.3
14777,HR,Operations,4.29,6572.13,10.9,Occasional,4,2,37,1,0,1,60,Male,Black,Married,,15.6
14778,Manager,Operations,1.99,3692.09,6.2,Occasional,3,3,1,2,1,0,23,Female,Asian,Single,Physical,4.3
14779,HR,Consulting,1.26,4176.39,33.7,Occasional,1,4,22,3,1,1,33,Female,Other,Single,,19.0
14780,Operations,Technology,1.63,2364.28,6.0,Occasional,1,2,39,1,0,1,27,Other,Black,Single,,21.2
14781,Manager,Technology,7.93,4344.66,24.8,Frequent,3,1,19,5,1,1,52,Male,Black,Divorced,,19.9
14782,Operations,Finance,7.25,1624.82,15.6,Frequent,4,3,55,2,1,1,41,Female,Black,Single,,5.8
14783,Developer,Operations,3.77,4832.44,10.4,Frequent,4,2,7,3,0,0,27,Other,Mixed,Divorced,,5.2
14784,Consultant,HR,6.48,4869.31,15.4,,1,2,34,5,0,1,29,Male,Mixed,Widowed,,12.3
14785,Developer,HR,1.16,5631.15,11.9,Occasional,3,2,48,3,0,0,50,Other,Other,Married,,19.3
14786,Consultant,Finance,1.44,2776.04,8.7,Frequent,3,4,42,2,0,0,44,Male,Asian,Divorced,,31.3
14787,Operations,Technology,2.85,4192.67,2.7,Frequent,1,5,2,3,0,0,42,Male,Black,Divorced,,16.8
14788,Consultant,HR,2.93,4676.58,6.4,Frequent,3,5,31,1,0,0,27,Other,White,Married,,27.7
14789,HR,Technology,1.97,4530.74,19.6,Occasional,3,2,57,1,1,1,42,Male,White,Divorced,Physical,8.8
14790,Finance,Finance,1.54,2961.64,13.3,Occasional,2,2,30,2,0,1,49,Female,White,Divorced,Other,4.7
14791,Developer,Technology,12.84,1500.0,24.4,,2,5,43,5,1,1,59,Other,Mixed,Single,,15.0
14792,Manager,Technology,5.16,4416.35,18.0,,5,4,45,4,1,1,43,Male,Other,Married,Mental,32.6
14793,Developer,Technology,1.71,3817.0,0.8,,5,3,30,4,1,0,21,Male,Black,Divorced,,9.8
14794,HR,HR,3.9,3320.0,22.6,Occasional,4,5,0,4,0,1,26,Male,Other,Widowed,,5.4
14795,Consultant,Consulting,0.94,4916.73,5.5,,2,2,11,5,0,1,44,Male,Mixed,Single,,21.4
14796,HR,Operations,0.32,3946.1,16.7,,2,4,17,1,0,1,26,Male,Black,Married,,9.7
14797,Analyst,Technology,1.3,2416.97,3.6,Frequent,2,4,23,1,1,0,61,Other,Black,Widowed,,13.8
14798,Analyst,Technology,1.55,1682.26,32.7,Occasional,2,2,35,1,0,0,43,Other,Other,Married,,11.6
14799,Manager,Technology,0.05,2645.24,28.5,,4,1,28,2,0,1,28,Female,White,Married,,4.9
14800,HR,Consulting,5.06,6871.61,13.8,,1,4,24,1,1,0,55,Female,White,Married,,8.3
14801,Operations,Finance,1.34,4867.33,27.8,Occasional,4,5,22,1,0,1,49,Other,Asian,Divorced,,5.0
14802,Manager,HR,2.61,4226.33,6.9,,1,1,2,1,0,1,47,Other,Asian,Married,,38.5
14803,Operations,Consulting,0.23,3782.01,9.8,Occasional,5,3,29,4,1,1,56,Male,Other,Married,,16.7
14804,Manager,Technology,0.58,3703.13,32.1,Occasional,2,5,16,3,1,1,26,Female,Black,Married,,19.9
14805,Analyst,Consulting,6.61,5400.64,0.4,Occasional,1,2,44,1,0,0,28,Female,Mixed,Divorced,,15.4
14806,Manager,Consulting,2.81,3411.29,14.2,,4,1,48,3,0,1,40,Female,Mixed,Single,,19.3
14807,Analyst,Consulting,9.0,4692.3,21.4,,1,5,29,1,1,0,34,Male,Asian,Divorced,,16.6
14808,Consultant,Finance,20.05,3581.89,11.2,,3,4,48,4,0,0,49,Female,Asian,Divorced,,18.6
14809,Operations,Operations,1.39,6328.19,38.3,Occasional,5,2,57,4,0,0,28,Male,Mixed,Divorced,,11.2
14810,HR,HR,1.06,4890.75,45.8,,5,1,18,3,1,1,39,Male,White,Married,,22.7
14811,Manager,Finance,5.86,5494.67,22.6,Frequent,2,4,4,4,1,0,49,Male,Other,Single,,36.3
14812,Analyst,Finance,19.74,3298.71,5.6,Occasional,2,2,39,2,1,0,26,Male,Asian,Widowed,,7.8
14813,Developer,Operations,2.98,5269.76,28.1,,4,2,55,5,0,0,34,Other,Asian,Married,,13.2
14814,Operations,Finance,4.76,3624.91,57.5,Occasional,1,1,33,5,1,1,42,Female,Mixed,Widowed,Physical,14.0
14815,Manager,Consulting,4.57,4132.04,17.3,,3,1,56,1,0,0,33,Other,White,Widowed,Physical,51.3
14816,Finance,Consulting,1.32,5962.06,14.8,Occasional,5,1,8,4,0,0,63,Female,Mixed,Single,,15.7
14817,Consultant,Technology,2.56,2748.67,7.3,Frequent,1,5,38,5,0,1,50,Other,Asian,Single,Mental,2.4
14818,Consultant,Finance,5.37,4243.9,20.6,Occasional,3,2,47,3,0,1,19,Male,Mixed,Divorced,,28.3
14819,Developer,Technology,3.5,4525.61,15.2,Occasional,1,3,43,3,0,0,60,Other,Other,Widowed,,12.8
14820,Analyst,HR,0.06,4624.01,1.2,Occasional,2,4,25,3,0,0,56,Male,Asian,Divorced,,4.7
14821,Manager,Consulting,1.23,3459.06,26.9,,5,1,52,1,0,1,59,Other,Asian,Widowed,Mental,26.8
14822,Operations,HR,0.47,6503.52,4.9,Occasional,3,2,4,5,0,0,29,Male,Asian,Divorced,,17.4
14823,Analyst,Operations,0.8,2446.08,64.2,,2,4,23,5,1,0,60,Other,Asian,Single,,9.6
14824,Consultant,Consulting,7.08,5750.66,18.2,Occasional,4,3,30,5,0,0,51,Male,Asian,Widowed,Mental,20.8
14825,Analyst,HR,0.11,5458.08,13.8,,4,4,23,3,1,0,42,Female,Black,Widowed,,37.2
14826,Consultant,Operations,0.74,6281.07,17.6,,2,3,20,3,0,1,31,Male,Black,Single,,4.6
14827,Analyst,HR,1.11,2094.13,16.8,,3,1,21,1,1,0,26,Other,Mixed,Widowed,,35.5
14828,Developer,Operations,2.88,2957.4,11.9,,3,5,37,2,0,0,47,Female,Black,Divorced,,5.9
14829,HR,Operations,2.29,5790.33,3.3,Occasional,5,3,21,5,0,0,29,Male,Asian,Divorced,,9.4
14830,Developer,Consulting,0.74,1747.55,38.9,Occasional,2,1,20,1,1,0,27,Other,Asian,Widowed,,13.2
14831,Developer,Technology,0.54,2072.25,17.4,,4,4,56,3,1,0,41,Other,Asian,Widowed,,8.8
14832,HR,Operations,0.81,3414.03,33.9,,2,4,29,2,1,0,51,Male,Black,Divorced,,18.6
14833,HR,Operations,2.09,4230.39,3.8,,1,4,48,4,0,0,29,Female,Black,Single,,14.9
14834,Manager,Consulting,0.95,5910.67,8.4,Frequent,3,5,46,2,0,1,43,Other,White,Single,Physical,8.6
14835,Operations,Technology,8.85,3777.68,11.1,Frequent,1,2,9,1,0,1,49,Other,Asian,Divorced,,8.0
14836,Operations,Finance,1.87,3270.11,5.7,Occasional,4,3,2,2,1,0,52,Other,White,Single,,11.5
14837,Manager,Finance,0.18,4373.67,26.9,Frequent,3,2,38,3,0,0,30,Female,White,Single,,20.1
14838,Developer,Technology,3.92,4563.52,13.4,Frequent,4,4,28,2,0,0,36,Female,White,Widowed,Other,15.3
14839,Developer,HR,1.2,4529.49,20.2,,4,5,24,3,0,1,30,Other,Asian,Married,,10.8
14840,Consultant,Consulting,3.18,3786.42,9.6,,4,1,1,2,0,0,39,Other,Black,Divorced,,13.4
14841,Consultant,Technology,0.98,1653.9,34.9,Frequent,5,5,12,1,0,0,40,Female,Asian,Married,,6.1
14842,Operations,Finance,2.54,2898.86,29.2,Frequent,4,2,26,4,0,0,18,Female,Black,Divorced,,18.5
14843,Manager,Operations,4.44,5704.33,26.3,Frequent,4,4,28,5,1,0,25,Male,Asian,Single,,32.6
14844,Finance,Finance,7.89,4224.48,18.2,,1,3,13,2,0,0,62,Male,Other,Single,,9.6
14845,Finance,Operations,0.91,3612.97,38.9,Occasional,1,5,3,4,0,0,56,Male,Other,Widowed,Other,9.3
14846,Manager,Consulting,1.22,5341.8,29.4,Frequent,1,2,7,2,1,0,51,Male,Asian,Widowed,Mental,15.7
14847,Consultant,Operations,1.87,2643.86,15.5,Occasional,3,2,4,4,1,0,30,Other,Asian,Single,,22.9
14848,Operations,Technology,7.86,3729.58,10.5,Occasional,5,1,43,3,0,0,61,Other,Asian,Widowed,Other,23.0
14849,Operations,Operations,6.95,4165.31,13.4,Frequent,3,3,26,4,1,0,58,Male,Other,Widowed,Other,4.9
14850,Consultant,HR,0.28,3470.35,23.3,Occasional,5,2,23,5,1,0,27,Other,Asian,Divorced,,9.1
14851,Finance,Technology,0.42,4120.92,3.7,,5,3,43,4,0,0,20,Female,Mixed,Widowed,,16.6
14852,Analyst,Consulting,2.05,3774.77,8.1,Frequent,2,4,42,5,0,0,45,Female,Mixed,Single,,15.2
14853,Analyst,Technology,0.34,2320.79,38.5,Frequent,2,5,33,5,0,0,44,Male,Mixed,Single,,4.0
14854,Consultant,HR,1.27,4217.77,32.7,Frequent,2,2,27,4,0,1,38,Other,Asian,Single,0,15.0
14855,Analyst,Consulting,0.48,2405.98,13.4,Frequent,5,4,23,5,0,0,28,Female,White,Widowed,,10.6
14856,HR,Finance,3.03,4198.74,93.1,,5,1,53,5,0,0,41,Other,White,Widowed,Mental,4.9
14857,Manager,HR,8.96,5648.96,28.3,,3,3,4,3,1,0,29,Female,Black,Married,,12.7
14858,Manager,Consulting,17.17,3662.77,17.5,Occasional,5,4,12,1,0,0,24,Other,Mixed,Single,,7.1
14859,Consultant,Operations,1.41,2594.22,33.1,Frequent,4,3,17,3,0,1,59,Female,Other,Widowed,,10.9
14860,Developer,Technology,2.74,3847.61,10.1,Frequent,4,3,54,1,1,1,49,Female,Mixed,Married,,5.7
14861,Finance,Consulting,5.82,3001.63,8.8,Occasional,5,2,16,1,1,0,27,Female,Mixed,Single,,9.8
14862,Consultant,Technology,0.37,4713.41,15.1,,4,3,29,3,0,0,45,Male,Black,Single,,3.3
14863,Analyst,Operations,3.51,3822.41,16.9,Frequent,5,4,37,5,1,0,43,Other,Mixed,Single,,13.8
14864,Finance,Consulting,1.58,6051.72,8.8,Occasional,2,1,18,3,1,1,46,Male,White,Divorced,,26.1
14865,Developer,Finance,0.69,5395.59,42.1,,5,2,21,5,1,0,44,Other,Other,Single,,20.2
14866,Analyst,HR,1.55,3816.3,12.4,Occasional,2,5,48,3,1,0,27,Female,White,Single,,9.1
14867,Operations,Consulting,0.24,4858.73,2.9,Occasional,1,1,48,3,1,0,21,Male,Mixed,Married,,29.5
14868,HR,Operations,3.57,3528.12,18.2,,4,4,17,2,0,0,59,Female,Asian,Single,,6.7
14869,Analyst,Consulting,0.87,4040.75,14.2,Frequent,1,2,25,4,0,0,39,Male,Other,Divorced,,16.0
14870,HR,Technology,1.12,3566.28,30.5,,4,3,14,3,1,0,27,Other,Other,Widowed,,13.9
14871,Finance,Consulting,0.39,4919.75,10.2,Frequent,1,1,54,4,1,1,21,Other,Black,Single,Other,5.7
14872,HR,Finance,6.0,5719.59,27.0,,5,2,27,5,0,0,24,Other,Black,Widowed,,5.6
14873,Finance,Consulting,2.04,4958.38,20.3,Frequent,1,5,29,2,0,1,40,Female,Other,Divorced,Physical,12.7
14874,Finance,HR,2.55,5106.32,34.5,Frequent,4,5,27,2,0,1,20,Male,Other,Married,,19.9
14875,Finance,Consulting,2.53,5107.64,18.1,Occasional,3,5,19,1,1,0,41,Male,White,Married,,9.7
14876,Finance,Technology,1.59,4661.51,8.4,Occasional,4,2,3,4,0,0,64,Male,Mixed,Widowed,Mental,6.3
14877,Finance,Consulting,0.64,2632.86,21.1,Frequent,3,1,3,2,0,0,54,Male,Other,Widowed,Other,8.4
14878,Analyst,Finance,4.1,6041.17,6.4,,5,3,36,5,1,0,47,Male,Asian,Widowed,,12.7
14879,Finance,Operations,0.41,6165.29,1.7,Frequent,4,1,14,1,0,0,58,Male,Mixed,Divorced,,36.7
14880,Analyst,Consulting,0.33,3719.34,9.0,,1,3,33,2,1,0,29,Other,Other,Widowed,Other,37.0
14881,Finance,Consulting,3.72,3555.16,36.0,Frequent,5,1,10,5,0,0,38,Other,Black,Widowed,,8.0
14882,HR,HR,0.7,4734.89,53.9,,4,1,22,4,0,0,60,Male,Black,Widowed,,13.2
14883,Operations,Finance,1.1,4660.98,3.7,Occasional,5,2,34,5,0,0,34,Male,Black,Divorced,,11.0
14884,Finance,Operations,1.93,3757.66,31.9,,3,5,42,5,0,0,20,Male,Asian,Divorced,,9.9
14885,Developer,Technology,1.79,2499.97,48.0,Occasional,5,5,34,5,0,0,32,Male,White,Divorced,,8.6
14886,Finance,Consulting,3.7,4366.84,6.2,,1,5,10,3,0,0,53,Other,Mixed,Divorced,Mental,16.2
14887,Finance,Operations,2.93,4661.72,42.4,Occasional,4,5,1,2,1,1,49,Female,White,Divorced,,7.0
14888,HR,Technology,3.1,4870.99,5.1,,3,1,53,5,1,0,26,Other,White,Single,,17.3
14889,Manager,Finance,3.76,4419.15,15.1,Frequent,5,5,51,1,0,1,57,Male,White,Widowed,,9.9
14890,HR,Finance,1.04,3674.66,22.1,,2,1,51,3,0,0,39,Male,Black,Divorced,,13.6
14891,Developer,Operations,1.17,5192.8,6.8,Occasional,3,3,14,5,1,1,53,Other,Mixed,Single,,5.1
14892,Manager,Technology,1.73,4079.02,40.7,Occasional,3,4,39,5,0,0,49,Other,Black,Widowed,,28.9
14893,Consultant,Finance,1.1,3442.09,16.4,,1,4,27,2,1,0,22,Female,White,Married,,6.7
14894,Consultant,Operations,12.59,3783.22,29.9,Frequent,1,3,30,3,0,1,58,Female,Other,Divorced,,5.8
14895,Developer,Finance,5.05,1904.84,7.1,,5,1,31,5,0,1,21,Other,Asian,Married,,23.1
14896,HR,Finance,0.54,3781.31,56.0,,2,5,33,5,0,0,22,Other,Asian,Single,Physical,25.5
14897,Analyst,Finance,0.02,4826.12,24.1,Occasional,3,2,54,4,0,1,24,Other,White,Divorced,,18.7
14898,Developer,HR,0.13,4407.74,23.4,Frequent,5,1,49,1,0,0,28,Male,Black,Widowed,,12.9
14899,Operations,Technology,0.84,5824.8,21.9,Frequent,2,1,21,1,0,0,56,Other,Mixed,Single,,15.8
14900,Manager,Operations,0.36,3684.43,23.6,Frequent,5,3,28,2,1,1,23,Female,Black,Widowed,,24.0
14901,Manager,Operations,2.29,4584.78,27.9,Frequent,3,3,52,3,1,1,46,Male,Mixed,Divorced,,18.1
14902,Finance,Technology,5.86,4951.29,12.5,,5,2,7,5,1,0,34,Other,Other,Divorced,,18.0
14903,Consultant,Technology,4.0,6811.43,4.8,Frequent,1,5,21,3,1,1,45,Male,Mixed,Divorced,,11.6
14904,Manager,Technology,0.73,4173.72,5.0,Frequent,1,4,11,2,0,0,55,Male,Mixed,Widowed,,16.9
14905,Developer,Technology,1.53,2746.98,17.5,Frequent,4,5,22,4,1,0,36,Male,Other,Divorced,,32.0
14906,Manager,Consulting,2.13,5017.51,49.0,Occasional,2,5,37,2,1,0,61,Female,Asian,Widowed,,20.7
14907,Developer,Operations,4.99,6238.87,15.1,Occasional,3,1,55,1,1,1,29,Male,Mixed,Single,,25.8
14908,Analyst,Consulting,5.48,3612.94,37.3,Occasional,2,2,1,4,0,1,62,Female,Other,Single,,17.4
14909,Finance,Finance,7.21,5009.3,15.6,Frequent,1,1,11,5,0,1,55,Female,Mixed,Widowed,,13.9
14910,Consultant,Finance,2.14,5474.47,45.2,,3,3,54,2,0,0,36,Female,Black,Widowed,,8.7
14911,Manager,Operations,3.56,5220.48,23.2,,4,4,20,3,0,1,50,Female,Other,Widowed,,1.9
14912,Developer,Finance,0.36,4150.67,20.8,Occasional,1,2,11,3,0,0,62,Male,White,Married,,12.9
14913,HR,Technology,2.5,3161.83,34.9,Occasional,1,2,44,1,1,1,22,Other,Mixed,Divorced,,17.3
14914,Consultant,Consulting,0.86,3902.46,23.0,Frequent,2,5,30,1,0,0,18,Other,Mixed,Widowed,,14.2
14915,Analyst,Technology,1.7,4550.32,27.0,Occasional,5,1,8,1,1,0,52,Other,Black,Married,,6.8
14916,Developer,Finance,3.02,5089.87,17.2,Occasional,2,5,14,1,0,0,52,Other,Black,Married,Mental,14.2
14917,Operations,Consulting,0.89,4400.73,21.8,Occasional,1,5,31,5,1,1,64,Other,White,Married,,17.8
14918,Operations,Technology,0.16,3544.11,5.5,Occasional,2,2,42,4,0,1,64,Other,Other,Widowed,,24.4
14919,Finance,Operations,0.03,4666.46,40.3,,5,4,8,1,0,1,48,Other,White,Single,Other,7.2
14920,Finance,Technology,0.07,5032.1,41.2,Frequent,4,3,23,2,0,1,53,Other,White,Married,,15.2
14921,Analyst,Finance,0.03,4455.53,13.0,,3,5,7,5,0,1,57,Female,Asian,Divorced,Mental,7.8
14922,Analyst,Consulting,0.35,2996.58,16.0,Occasional,1,4,51,4,0,1,52,Male,White,Widowed,,15.5
14923,Finance,Operations,0.82,3782.31,55.2,Frequent,2,5,27,5,1,0,57,Female,Mixed,Divorced,,6.5
14924,Manager,Consulting,0.75,5137.38,13.3,Frequent,1,4,55,3,0,1,29,Other,White,Divorced,,2.4
14925,Manager,Operations,12.98,2340.38,29.1,,3,1,17,5,0,1,35,Other,Black,Married,,27.9
14926,Developer,Consulting,1.1,1500.0,19.8,,2,3,42,5,0,1,45,Other,Black,Married,,11.0
14927,HR,Finance,0.41,5809.7,4.0,Occasional,4,2,36,3,0,0,30,Male,Mixed,Married,,6.9
14928,Developer,Operations,2.37,4613.7,23.9,,3,1,35,3,1,0,47,Female,Asian,Widowed,,9.5
14929,HR,HR,5.85,4728.08,39.7,Occasional,5,5,52,3,1,0,57,Male,White,Divorced,Other,4.3
14930,Analyst,Consulting,3.4,2707.82,14.4,Occasional,5,5,36,5,1,0,34,Female,Other,Single,,21.8
14931,Consultant,Consulting,1.05,4885.03,5.7,Occasional,1,3,31,3,1,1,26,Female,Black,Married,,18.2
14932,Developer,Technology,2.47,4330.3,30.8,Frequent,5,3,20,1,0,1,56,Other,Mixed,Single,,10.4
14933,Developer,Operations,3.76,2098.81,4.2,Frequent,2,3,38,2,0,0,39,Female,Other,Married,,17.6
14934,HR,HR,3.91,5709.14,4.5,,5,5,48,2,1,0,32,Female,White,Widowed,,12.6
14935,Analyst,Finance,3.29,4190.42,57.1,,4,5,28,3,1,1,46,Male,White,Widowed,,14.2
14936,Analyst,Technology,6.14,3524.7,35.5,Frequent,2,2,17,4,1,0,33,Female,White,Single,,19.8
14937,Operations,HR,6.12,3546.41,18.0,,1,3,22,5,0,0,37,Male,Other,Divorced,,23.7
14938,HR,Operations,2.59,1581.73,24.4,Occasional,1,4,32,2,0,0,42,Female,White,Divorced,Mental,6.5
14939,Analyst,HR,1.69,4712.0,7.6,Occasional,5,2,47,1,0,1,57,Male,Asian,Married,,8.2
14940,Finance,Consulting,3.08,4314.23,19.6,Frequent,5,4,8,4,1,1,41,Other,Other,Married,,7.9
14941,Manager,Consulting,5.11,3767.1,6.3,,1,1,43,4,1,0,33,Female,Black,Divorced,,17.2
14942,Operations,Technology,0.02,5534.18,6.2,,2,3,50,1,1,1,33,Male,Asian,Single,,11.7
14943,Finance,Operations,14.48,2339.37,31.9,Frequent,3,2,42,5,0,0,42,Male,Mixed,Single,,12.0
14944,Consultant,Operations,0.61,3283.87,11.8,Occasional,1,2,37,5,0,1,63,Other,White,Divorced,,15.8
14945,Developer,HR,1.91,2979.99,10.2,Occasional,4,1,3,3,0,1,18,Other,Mixed,Married,,7.2
14946,Operations,Technology,6.17,3665.45,22.8,,2,1,15,1,1,0,50,Male,Black,Married,Mental,4.8
14947,Consultant,Operations,0.76,4080.96,9.9,Frequent,3,1,2,1,0,0,24,Male,Mixed,Widowed,,39.9
14948,Developer,Consulting,1.94,4516.02,14.1,Frequent,3,2,7,1,0,1,55,Male,Black,Married,,9.1
14949,Manager,HR,0.43,3583.63,51.6,Occasional,2,5,15,3,0,1,62,Female,Mixed,Divorced,,15.2
14950,Analyst,Finance,1.51,2947.17,4.5,Occasional,1,4,1,2,1,1,45,Female,Black,Married,,15.5
14951,Finance,Consulting,0.58,6023.21,46.2,,3,4,44,5,1,0,56,Male,Other,Married,,15.0
14952,HR,Technology,1.36,6893.97,98.8,Frequent,4,1,18,3,1,1,45,Other,Other,Single,,12.9
14953,Finance,Operations,1.4,4171.94,4.8,,2,5,23,3,0,0,49,Other,Mixed,Widowed,,20.2
14954,Manager,Consulting,14.96,3091.86,5.6,,5,5,15,3,0,1,41,Other,Asian,Divorced,,18.4
14955,Consultant,Finance,15.78,5770.54,25.9,Frequent,1,1,50,1,0,1,25,Female,Asian,Married,,7.3
14956,HR,Finance,0.37,2263.89,18.4,Frequent,2,3,39,3,0,0,61,Other,Other,Divorced,,4.9
14957,Analyst,Technology,3.88,3598.27,8.8,Occasional,4,2,54,2,1,0,49,Other,White,Widowed,,12.3
14958,Manager,Consulting,0.16,3164.66,40.5,Frequent,3,3,1,4,1,0,45,Male,White,Single,,12.9
14959,HR,HR,0.09,2608.56,12.5,,1,5,31,3,1,1,20,Other,Asian,Widowed,,9.0
14960,Manager,Consulting,0.33,3663.97,20.7,,1,1,0,2,0,1,24,Female,Mixed,Divorced,,15.1
14961,Manager,Finance,10.1,2962.99,28.5,Frequent,2,2,48,1,0,1,23,Female,Asian,Divorced,,10.8
14962,Analyst,Technology,8.48,4015.19,24.3,,2,4,17,4,0,0,46,Male,Other,Single,,5.4
14963,Operations,Technology,0.65,4032.61,17.0,Frequent,4,5,38,5,1,0,62,Male,Mixed,Divorced,,7.5
14964,Developer,HR,0.53,3254.4,29.5,Occasional,5,2,31,5,1,0,31,Female,Other,Married,,9.6
14965,HR,Technology,0.83,3555.38,3.8,Occasional,2,2,8,1,0,0,62,Male,Asian,Divorced,,10.1
14966,Analyst,Technology,2.17,3722.98,35.4,Frequent,2,3,54,1,1,0,57,Female,Asian,Married,,14.4
14967,Manager,Technology,2.53,4971.82,13.3,,2,4,2,5,0,1,36,Other,Other,Widowed,Mental,7.6
14968,Analyst,Technology,0.75,3821.88,27.0,Frequent,4,3,55,1,1,0,63,Female,Mixed,Single,,5.4
14969,Operations,Technology,4.24,4989.64,16.5,Frequent,3,3,23,5,0,0,42,Female,Mixed,Married,,22.9
14970,Developer,Finance,1.11,4702.98,10.3,Occasional,5,3,56,1,0,0,54,Other,Black,Married,,13.1
14971,Finance,Consulting,7.66,4685.84,15.5,Frequent,4,3,10,5,1,0,35,Other,Other,Single,,5.7
14972,HR,Operations,3.21,5665.42,21.1,Occasional,2,5,27,2,0,1,21,Other,Asian,Married,,3.7
14973,Developer,Technology,1.72,2656.73,23.7,Occasional,3,4,15,1,1,1,18,Male,Other,Married,,44.1
14974,Consultant,Operations,4.68,3432.18,21.4,Frequent,2,3,28,5,1,0,50,Male,Other,Divorced,,36.0
14975,HR,Operations,5.11,6115.96,9.6,Frequent,4,5,40,1,0,1,45,Male,White,Widowed,,33.4
14976,Developer,Finance,1.03,3691.22,6.9,Frequent,1,5,11,5,0,0,58,Female,Black,Widowed,,8.3
14977,Manager,Technology,1.25,1500.0,7.5,Frequent,2,2,45,5,1,0,36,Other,Mixed,Married,,31.8
14978,HR,Operations,8.24,3756.44,14.0,Occasional,3,2,56,4,0,0,50,Male,White,Single,,17.2
14979,HR,Technology,0.54,4161.93,26.7,Frequent,5,1,3,1,0,0,32,Male,Black,Divorced,,31.3
14980,Analyst,HR,0.13,1500.0,28.0,Occasional,1,5,25,2,1,1,62,Male,White,Divorced,,6.4
14981,Manager,HR,1.82,5600.72,10.7,Occasional,2,1,3,3,0,1,40,Male,Black,Married,,10.4
14982,Consultant,HR,4.85,3143.55,17.1,,2,5,10,3,0,0,46,Other,Black,Divorced,,10.4
14983,Finance,Operations,4.43,4394.28,4.2,Occasional,3,3,1,1,1,0,56,Other,Other,Single,,5.1
14984,Operations,HR,7.56,3728.82,12.5,,1,3,30,5,1,0,31,Male,Black,Single,Physical,11.6
14985,Developer,Finance,2.29,2453.98,10.7,Frequent,1,1,55,5,0,1,47,Female,Asian,Married,,7.3
14986,Analyst,Finance,0.32,2715.39,8.6,,1,3,49,2,1,1,19,Other,Asian,Married,,24.7
14987,Developer,Operations,2.67,2877.9,18.5,Frequent,2,3,2,1,1,1,30,Female,Asian,Single,,21.6
14988,Consultant,Technology,4.52,5302.81,52.8,Occasional,1,2,24,3,0,1,57,Female,Asian,Single,,30.5
14989,Consultant,Consulting,0.29,3822.95,17.8,,2,3,33,2,0,0,45,Other,White,Widowed,,10.2
14990,HR,Technology,0.57,3373.76,37.2,Frequent,2,2,0,1,0,1,48,Female,Mixed,Single,,5.1
14991,Operations,Technology,0.04,2878.47,31.9,Frequent,1,4,4,1,1,0,29,Other,Mixed,Divorced,Mental,7.1
14992,Consultant,Technology,2.7,5435.38,11.1,,4,5,38,1,0,0,30,Male,Black,Widowed,,10.8
14993,Developer,Technology,6.53,5757.04,29.6,,5,2,51,4,1,1,20,Other,Mixed,Widowed,,23.7
14994,Manager,Consulting,3.33,5421.69,54.8,Frequent,5,2,30,2,1,1,46,Male,White,Married,,23.8
14995,Manager,HR,12.06,4590.92,5.6,Frequent,4,2,35,1,0,0,47,Female,Asian,Married,,27.5
14996,HR,Technology,0.2,4347.8,31.9,Occasional,1,5,58,2,1,0,29,Female,Asian,Single,,12.5
14997,Finance,Finance,7.0,2540.87,16.1,Frequent,2,5,2,3,0,0,38,Male,Asian,Single,,3.3
14998,Developer,Operations,5.05,3705.02,9.7,,3,5,37,1,1,1,19,Other,Mixed,Married,,9.9
14999,Developer,Operations,1.13,3179.37,22.7,Frequent,4,3,11,5,0,0,33,Male,Mixed,Divorced,Physical,16.7
15000,Consultant,Finance,10.89,1809.39,23.1,Frequent,5,2,15,1,0,0,49,Female,Other,Married,,24.2
